timestamp,month,hour,T_amb,GHI,DNI,DHI,wind_speed,RH
2014-06-01 00:00:00,6,0,21.13,0.0,-0.0,0.0,1.17,74.91
2014-06-01 01:00:00,6,1,21.39,0.0,-0.0,0.0,1.09,75.01
2014-06-01 02:00:00,6,2,21.66,5.0,0.0,5.0,1.0,75.1
2014-06-01 03:00:00,6,3,21.92,69.0,0.0,69.0,0.91,75.19
2014-06-01 04:00:00,6,4,22.19,261.0,94.95,215.0,0.83,75.28
2014-06-01 05:00:00,6,5,22.45,429.0,192.22,304.0,0.74,75.38
2014-06-01 06:00:00,6,6,22.72,616.0,347.7,342.0,0.65,75.47
2014-06-01 07:00:00,6,7,22.98,823.0,622.54,270.0,0.57,75.56
2014-06-01 08:00:00,6,8,27.44,871.0,604.73,300.0,1.72,58.9
2014-06-01 09:00:00,6,9,28.11,914.0,693.26,254.0,2.34,59.0
2014-06-01 10:00:00,6,10,28.38,342.0,6.58,336.0,2.83,57.15
2014-06-01 11:00:00,6,11,28.02,790.0,716.86,199.0,3.1,59.0
2014-06-01 12:00:00,6,12,27.73,610.0,546.06,229.0,2.69,59.0
2014-06-01 13:00:00,6,13,27.46,446.0,487.32,183.0,2.97,60.9
2014-06-01 14:00:00,6,14,25.2,30.0,0.0,30.0,2.21,71.6
2014-06-01 15:00:00,6,15,24.98,10.0,0.0,10.0,1.38,73.95
2014-06-01 16:00:00,6,16,24.43,0.0,-0.0,0.0,1.03,73.85
2014-06-01 17:00:00,6,17,23.3,0.0,-0.0,0.0,1.17,78.85
2014-06-01 18:00:00,6,18,22.21,0.0,-0.0,0.0,1.38,81.4
2014-06-01 19:00:00,6,19,20.54,0.0,-0.0,0.0,0.97,92.95
2014-06-01 20:00:00,6,20,20.38,0.0,-0.0,0.0,0.69,89.85
2014-06-01 21:00:00,6,21,20.11,0.0,-0.0,0.0,0.76,86.85
2014-06-01 22:00:00,6,22,19.47,0.0,-0.0,0.0,0.97,89.85
2014-06-01 23:00:00,6,23,20.05,0.0,-0.0,0.0,0.55,89.85
2014-06-02 00:00:00,6,0,20.05,0.0,-0.0,0.0,0.48,89.85
2014-06-02 01:00:00,6,1,18.89,0.0,-0.0,0.0,1.03,92.9
2014-06-02 02:00:00,6,2,18.66,6.0,0.0,6.0,1.03,92.9
2014-06-02 03:00:00,6,3,19.64,175.0,155.29,128.0,1.03,92.95
2014-06-02 04:00:00,6,4,19.91,409.0,519.43,157.0,1.03,89.85
2014-06-02 05:00:00,6,5,21.11,607.0,674.47,168.0,1.31,81.3
2014-06-02 06:00:00,6,6,22.03,774.0,757.06,177.0,1.59,78.65
2014-06-02 07:00:00,6,7,23.06,889.0,786.42,190.0,2.0,73.6
2014-06-02 08:00:00,6,8,23.86,956.0,806.49,194.0,2.62,71.35
2014-06-02 09:00:00,6,9,24.99,869.0,568.87,327.0,2.97,66.85
2014-06-02 10:00:00,6,10,25.26,350.0,7.67,343.0,3.24,62.55
2014-06-02 11:00:00,6,11,25.11,85.0,0.0,85.0,2.83,62.45
2014-06-02 12:00:00,6,12,24.61,59.0,0.0,59.0,1.79,64.5
2014-06-02 13:00:00,6,13,22.32,441.0,452.7,196.0,0.9,73.55
2014-06-02 14:00:00,6,14,21.75,113.0,5.51,111.0,1.17,76.0
2014-06-02 15:00:00,6,15,21.85,23.0,0.0,23.0,1.03,76.0
2014-06-02 16:00:00,6,16,21.49,0.0,-0.0,0.0,0.9,75.95
2014-06-02 17:00:00,6,17,20.61,0.0,-0.0,0.0,0.41,75.85
2014-06-02 18:00:00,6,18,19.69,0.0,-0.0,0.0,1.52,75.75
2014-06-02 19:00:00,6,19,18.27,0.0,-0.0,0.0,1.52,86.75
2014-06-02 20:00:00,6,20,17.84,0.0,-0.0,0.0,1.24,89.75
2014-06-02 21:00:00,6,21,17.47,0.0,-0.0,0.0,0.9,92.85
2014-06-02 22:00:00,6,22,18.0,0.0,-0.0,0.0,0.55,86.7
2014-06-02 23:00:00,6,23,17.94,0.0,-0.0,0.0,0.69,83.75
2014-06-03 00:00:00,6,0,17.19,0.0,-0.0,0.0,0.9,83.7
2014-06-03 01:00:00,6,1,17.34,0.0,-0.0,0.0,0.9,86.65
2014-06-03 02:00:00,6,2,16.67,6.0,0.0,6.0,1.03,86.6
2014-06-03 03:00:00,6,3,17.94,90.0,3.3,89.0,0.14,86.7
2014-06-03 04:00:00,6,4,18.89,230.0,49.41,206.0,0.9,83.85
2014-06-03 05:00:00,6,5,19.87,474.0,276.33,294.0,1.66,70.7
2014-06-03 06:00:00,6,6,20.21,662.0,441.03,314.0,2.55,68.3
2014-06-03 07:00:00,6,7,20.6,795.0,534.1,320.0,1.93,68.3
2014-06-03 08:00:00,6,8,21.67,672.0,218.95,465.0,1.86,61.85
2014-06-03 09:00:00,6,9,21.71,868.0,560.07,334.0,2.07,61.85
2014-06-03 10:00:00,6,10,22.17,873.0,675.86,256.0,2.14,59.8
2014-06-03 11:00:00,6,11,22.23,767.0,624.28,251.0,2.0,59.8
2014-06-03 12:00:00,6,12,22.48,614.0,538.37,237.0,1.93,57.75
2014-06-03 13:00:00,6,13,22.72,446.0,464.38,194.0,1.86,55.9
2014-06-03 14:00:00,6,14,22.48,171.0,57.62,150.0,1.45,57.75
2014-06-03 15:00:00,6,15,21.94,64.0,28.12,59.0,0.41,59.7
2014-06-03 16:00:00,6,16,20.8,0.0,-0.0,0.0,0.69,68.4
2014-06-03 17:00:00,6,17,19.37,0.0,-0.0,0.0,1.52,70.65
2014-06-03 18:00:00,6,18,18.51,0.0,-0.0,0.0,0.83,81.0
2014-06-03 19:00:00,6,19,18.41,0.0,-0.0,0.0,1.52,83.8
2014-06-03 20:00:00,6,20,18.32,0.0,-0.0,0.0,2.14,81.0
2014-06-03 21:00:00,6,21,17.34,0.0,-0.0,0.0,2.0,83.7
2014-06-03 22:00:00,6,22,16.42,0.0,-0.0,0.0,1.59,86.55
2014-06-03 23:00:00,6,23,15.89,0.0,-0.0,0.0,0.97,86.5
2014-06-04 00:00:00,6,0,16.45,0.0,-0.0,0.0,0.34,77.95
2014-06-04 01:00:00,6,1,16.69,0.0,-0.0,0.0,0.28,72.7
2014-06-04 02:00:00,6,2,16.58,6.0,0.0,6.0,0.28,72.7
2014-06-04 03:00:00,6,3,16.1,21.0,0.0,21.0,1.17,83.6
2014-06-04 04:00:00,6,4,16.28,38.0,0.0,38.0,0.97,83.6
2014-06-04 05:00:00,6,5,16.83,55.0,0.0,55.0,0.9,78.0
2014-06-04 06:00:00,6,6,17.04,86.0,0.0,86.0,0.9,78.0
2014-06-04 07:00:00,6,7,18.09,183.0,0.0,183.0,0.48,72.95
2014-06-04 08:00:00,6,8,18.8,781.0,392.2,410.0,0.69,70.55
2014-06-04 09:00:00,6,9,19.21,595.0,124.72,476.0,0.97,68.2
2014-06-04 10:00:00,6,10,19.71,574.0,131.33,454.0,1.31,63.7
2014-06-04 11:00:00,6,11,20.16,334.0,12.08,324.0,1.52,63.7
2014-06-04 12:00:00,6,12,20.46,183.0,0.0,183.0,1.52,63.7
2014-06-04 13:00:00,6,13,20.61,142.0,0.0,142.0,1.38,61.6
2014-06-04 14:00:00,6,14,21.02,54.0,0.0,54.0,1.38,59.5
2014-06-04 15:00:00,6,15,20.54,15.0,0.0,15.0,1.31,63.7
2014-06-04 16:00:00,6,16,19.34,0.0,-0.0,0.0,1.66,65.85
2014-06-04 17:00:00,6,17,17.45,0.0,-0.0,0.0,1.79,72.8
2014-06-04 18:00:00,6,18,16.36,0.0,-0.0,0.0,1.72,77.95
2014-06-04 19:00:00,6,19,15.67,0.0,-0.0,0.0,1.79,77.85
2014-06-04 20:00:00,6,20,14.91,0.0,-0.0,0.0,1.72,80.55
2014-06-04 21:00:00,6,21,14.58,0.0,-0.0,0.0,1.66,80.55
2014-06-04 22:00:00,6,22,13.98,0.0,-0.0,0.0,1.72,83.35
2014-06-04 23:00:00,6,23,13.54,0.0,-0.0,0.0,1.72,83.35
2014-06-05 00:00:00,6,0,13.38,0.0,-0.0,0.0,1.66,83.25
2014-06-05 01:00:00,6,1,13.3,0.0,-0.0,0.0,1.66,83.25
2014-06-05 02:00:00,6,2,12.6,6.0,0.0,6.0,1.66,83.25
2014-06-05 03:00:00,6,3,14.32,159.0,95.19,130.0,1.45,83.4
2014-06-05 04:00:00,6,4,19.1,397.0,447.87,179.0,1.1,61.4
2014-06-05 05:00:00,6,5,21.71,597.0,613.26,197.0,0.9,50.05
2014-06-05 06:00:00,6,6,23.25,760.0,693.8,212.0,0.21,42.25
2014-06-05 07:00:00,6,7,24.36,882.0,743.66,220.0,0.28,39.55
2014-06-05 08:00:00,6,8,25.4,959.0,791.4,210.0,0.14,35.8
2014-06-05 09:00:00,6,9,26.19,974.0,806.52,204.0,0.55,32.35
2014-06-05 10:00:00,6,10,26.77,930.0,803.71,195.0,1.31,32.5
2014-06-05 11:00:00,6,11,27.2,817.0,748.3,197.0,2.0,32.65
2014-06-05 12:00:00,6,12,27.28,636.0,583.49,226.0,2.28,33.8
2014-06-05 13:00:00,6,13,26.94,428.0,377.66,222.0,2.41,34.9
2014-06-05 14:00:00,6,14,26.28,308.0,530.4,113.0,2.07,36.05
2014-06-05 15:00:00,6,15,25.19,44.0,0.0,44.0,1.17,42.75
2014-06-05 16:00:00,6,16,23.54,0.0,-0.0,0.0,0.83,54.1
2014-06-05 17:00:00,6,17,24.04,0.0,-0.0,0.0,0.28,40.9
2014-06-05 18:00:00,6,18,23.13,0.0,-0.0,0.0,0.97,42.1
2014-06-05 19:00:00,6,19,19.19,0.0,-0.0,0.0,1.79,55.2
2014-06-05 20:00:00,6,20,17.58,0.0,-0.0,0.0,1.93,61.05
2014-06-05 21:00:00,6,21,16.87,0.0,-0.0,0.0,1.66,67.75
2014-06-05 22:00:00,6,22,16.22,0.0,-0.0,0.0,1.52,70.1
2014-06-05 23:00:00,6,23,15.76,0.0,-0.0,0.0,1.45,75.15
2014-06-06 00:00:00,6,0,15.66,0.0,-0.0,0.0,1.24,72.55
2014-06-06 01:00:00,6,1,15.02,0.0,-0.0,0.0,1.17,77.75
2014-06-06 02:00:00,6,2,14.93,6.0,0.0,6.0,1.03,77.75
2014-06-06 03:00:00,6,3,16.99,140.0,58.99,122.0,0.76,75.3
2014-06-06 04:00:00,6,4,20.69,365.0,336.66,201.0,0.34,63.8
2014-06-06 05:00:00,6,5,22.97,553.0,478.1,241.0,0.48,46.85
2014-06-06 06:00:00,6,6,24.27,740.0,644.16,231.0,1.1,38.15
2014-06-06 07:00:00,6,7,24.94,868.0,718.65,228.0,1.86,39.7
2014-06-06 08:00:00,6,8,25.5,928.0,722.37,244.0,2.34,39.85
2014-06-06 09:00:00,6,9,26.34,943.0,739.03,237.0,2.55,40.1
2014-06-06 10:00:00,6,10,26.63,886.0,698.16,247.0,2.69,41.55
2014-06-06 11:00:00,6,11,26.36,782.0,655.83,238.0,2.76,43.05
2014-06-06 12:00:00,6,12,26.61,627.0,564.07,230.0,2.83,44.55
2014-06-06 13:00:00,6,13,26.01,310.0,107.9,251.0,2.48,46.0
2014-06-06 14:00:00,6,14,25.73,89.0,0.0,89.0,1.66,46.0
2014-06-06 15:00:00,6,15,25.18,119.0,289.61,66.0,0.21,47.5
2014-06-06 16:00:00,6,16,24.88,0.0,0.0,0.0,0.48,49.05
2014-06-06 17:00:00,6,17,23.59,0.0,-0.0,0.0,0.83,54.1
2014-06-06 18:00:00,6,18,21.87,0.0,-0.0,0.0,1.24,59.7
2014-06-06 19:00:00,6,19,20.24,0.0,-0.0,0.0,1.45,65.95
2014-06-06 20:00:00,6,20,18.74,0.0,-0.0,0.0,1.59,70.55
2014-06-06 21:00:00,6,21,17.22,0.0,-0.0,0.0,1.59,78.1
2014-06-06 22:00:00,6,22,16.35,0.0,-0.0,0.0,1.38,83.6
2014-06-06 23:00:00,6,23,15.96,0.0,-0.0,0.0,1.24,86.5
2014-06-07 00:00:00,6,0,15.42,0.0,-0.0,0.0,1.24,86.5
2014-06-07 01:00:00,6,1,14.41,0.0,-0.0,0.0,1.31,89.5
2014-06-07 02:00:00,6,2,14.3,6.0,0.0,6.0,1.31,89.5
2014-06-07 03:00:00,6,3,16.14,131.0,39.27,119.0,1.03,83.6
2014-06-07 04:00:00,6,4,20.25,367.0,332.33,205.0,0.69,68.3
2014-06-07 05:00:00,6,5,22.62,562.0,490.16,242.0,0.21,55.9
2014-06-07 06:00:00,6,6,24.26,730.0,597.14,258.0,0.55,48.95
2014-06-07 07:00:00,6,7,25.67,860.0,675.75,258.0,1.1,38.55
2014-06-07 08:00:00,6,8,26.72,941.0,735.79,244.0,1.31,36.2
2014-06-07 09:00:00,6,9,27.61,956.0,752.21,237.0,1.66,36.3
2014-06-07 10:00:00,6,10,28.11,904.0,725.99,239.0,1.93,36.45
2014-06-07 11:00:00,6,11,28.48,799.0,682.81,232.0,2.21,35.3
2014-06-07 12:00:00,6,12,28.61,644.0,598.65,222.0,2.28,36.6
2014-06-07 13:00:00,6,13,28.44,472.0,521.8,186.0,2.28,37.9
2014-06-07 14:00:00,6,14,27.91,264.0,302.18,152.0,2.34,40.5
2014-06-07 15:00:00,6,15,26.95,91.0,102.91,72.0,1.86,44.7
2014-06-07 16:00:00,6,16,25.37,0.0,0.0,0.0,1.31,52.75
2014-06-07 17:00:00,6,17,25.52,0.0,-0.0,0.0,0.41,47.5
2014-06-07 18:00:00,6,18,22.13,0.0,-0.0,0.0,1.66,61.95
2014-06-07 19:00:00,6,19,20.61,0.0,-0.0,0.0,1.79,63.8
2014-06-07 20:00:00,6,20,19.04,0.0,-0.0,0.0,1.79,70.55
2014-06-07 21:00:00,6,21,17.58,0.0,-0.0,0.0,1.66,75.45
2014-06-07 22:00:00,6,22,16.57,0.0,-0.0,0.0,1.52,80.8
2014-06-07 23:00:00,6,23,15.94,0.0,-0.0,0.0,1.45,86.5
2014-06-08 00:00:00,6,0,15.68,0.0,-0.0,0.0,1.38,86.5
2014-06-08 01:00:00,6,1,15.68,0.0,-0.0,0.0,1.31,83.55
2014-06-08 02:00:00,6,2,15.75,6.0,0.0,6.0,1.24,83.55
2014-06-08 03:00:00,6,3,17.9,184.0,173.26,131.0,0.97,78.15
2014-06-08 04:00:00,6,4,22.26,414.0,516.7,162.0,0.69,66.35
2014-06-08 05:00:00,6,5,25.0,616.0,682.95,170.0,0.41,52.6
2014-06-08 06:00:00,6,6,26.56,779.0,753.81,183.0,0.21,46.15
2014-06-08 07:00:00,6,7,27.16,894.0,782.15,197.0,0.76,46.25
2014-06-08 08:00:00,6,8,28.27,946.0,757.66,228.0,1.17,42.05
2014-06-08 09:00:00,6,9,29.09,950.0,745.53,237.0,0.97,40.75
2014-06-08 10:00:00,6,10,29.41,903.0,733.09,231.0,1.52,38.15
2014-06-08 11:00:00,6,11,29.75,790.0,662.84,239.0,2.0,36.95
2014-06-08 12:00:00,6,12,30.33,641.0,592.08,223.0,2.55,34.6
2014-06-08 13:00:00,6,13,29.85,474.0,535.17,180.0,2.62,36.95
2014-06-08 14:00:00,6,14,29.24,271.0,335.96,146.0,2.07,38.15
2014-06-08 15:00:00,6,15,28.3,106.0,182.62,72.0,1.31,43.55
2014-06-08 16:00:00,6,16,26.52,0.0,0.0,0.0,1.31,51.2
2014-06-08 17:00:00,6,17,23.99,0.0,-0.0,0.0,1.86,58.1
2014-06-08 18:00:00,6,18,22.19,0.0,-0.0,0.0,2.0,64.1
2014-06-08 19:00:00,6,19,20.81,0.0,-0.0,0.0,1.86,66.05
2014-06-08 20:00:00,6,20,19.5,0.0,-0.0,0.0,1.72,73.15
2014-06-08 21:00:00,6,21,19.03,0.0,-0.0,0.0,1.38,75.65
2014-06-08 22:00:00,6,22,19.31,0.0,-0.0,0.0,1.03,70.65
2014-06-08 23:00:00,6,23,19.2,0.0,-0.0,0.0,0.9,70.65
2014-06-09 00:00:00,6,0,18.89,0.0,-0.0,0.0,0.9,73.05
2014-06-09 01:00:00,6,1,18.79,0.0,-0.0,0.0,0.83,73.05
2014-06-09 02:00:00,6,2,18.93,6.0,0.0,6.0,0.69,73.05
2014-06-09 03:00:00,6,3,20.02,162.0,104.52,130.0,0.34,70.7
2014-06-09 04:00:00,6,4,22.27,389.0,420.17,184.0,0.28,66.35
2014-06-09 05:00:00,6,5,24.24,587.0,590.94,201.0,0.9,60.25
2014-06-09 06:00:00,6,6,25.69,757.0,696.76,206.0,1.17,52.85
2014-06-09 07:00:00,6,7,27.08,878.0,746.05,213.0,1.59,49.55
2014-06-09 08:00:00,6,8,28.15,950.0,779.54,211.0,1.59,48.15
2014-06-09 09:00:00,6,9,29.19,965.0,795.32,204.0,1.66,43.8
2014-06-09 10:00:00,6,10,29.62,928.0,803.43,191.0,1.86,43.8
2014-06-09 11:00:00,6,11,30.04,816.0,749.9,192.0,2.0,43.95
2014-06-09 12:00:00,6,12,30.11,663.0,673.25,187.0,2.41,43.95
2014-06-09 13:00:00,6,13,29.67,493.0,617.53,153.0,2.41,43.8
2014-06-09 14:00:00,6,14,28.96,293.0,441.84,128.0,1.72,45.2
2014-06-09 15:00:00,6,15,28.01,105.0,170.5,73.0,0.55,49.8
2014-06-09 16:00:00,6,16,27.19,0.0,0.0,0.0,0.48,53.2
2014-06-09 17:00:00,6,17,24.59,0.0,-0.0,0.0,1.17,64.5
2014-06-09 18:00:00,6,18,22.16,0.0,-0.0,0.0,1.79,73.55
2014-06-09 19:00:00,6,19,21.7,0.0,-0.0,0.0,1.38,71.0
2014-06-09 20:00:00,6,20,21.13,0.0,-0.0,0.0,1.31,70.9
2014-06-09 21:00:00,6,21,19.58,0.0,-0.0,0.0,1.38,78.35
2014-06-09 22:00:00,6,22,18.96,0.0,-0.0,0.0,1.24,78.3
2014-06-09 23:00:00,6,23,18.87,0.0,-0.0,0.0,1.03,78.3
2014-06-10 00:00:00,6,0,18.83,0.0,-0.0,0.0,0.9,78.3
2014-06-10 01:00:00,6,1,18.49,0.0,-0.0,0.0,0.9,78.25
2014-06-10 02:00:00,6,2,18.37,6.0,0.0,6.0,0.83,78.25
2014-06-10 03:00:00,6,3,20.02,187.0,189.32,129.0,0.41,73.2
2014-06-10 04:00:00,6,4,22.89,414.0,526.63,157.0,0.07,66.45
2014-06-10 05:00:00,6,5,24.98,609.0,670.46,171.0,0.76,56.35
2014-06-10 06:00:00,6,6,26.52,758.0,706.78,199.0,1.31,51.2
2014-06-10 07:00:00,6,7,27.64,885.0,770.58,198.0,2.0,46.4
2014-06-10 08:00:00,6,8,28.78,958.0,800.39,199.0,2.41,42.2
2014-06-10 09:00:00,6,9,29.42,968.0,803.31,199.0,2.48,40.9
2014-06-10 10:00:00,6,10,29.91,920.0,788.72,196.0,2.62,39.65
2014-06-10 11:00:00,6,11,30.3,845.0,821.21,161.0,2.69,38.4
2014-06-10 12:00:00,6,12,30.34,647.0,620.04,208.0,2.62,38.4
2014-06-10 13:00:00,6,13,30.11,487.0,592.66,160.0,2.9,38.3
2014-06-10 14:00:00,6,14,29.28,49.0,0.0,49.0,1.72,39.5
2014-06-10 15:00:00,6,15,28.6,69.0,26.44,64.0,1.38,43.55
2014-06-10 16:00:00,6,16,27.0,0.0,0.0,0.0,1.38,47.9
2014-06-10 17:00:00,6,17,26.23,0.0,-0.0,0.0,0.9,49.45
2014-06-10 18:00:00,6,18,23.29,0.0,-0.0,0.0,1.72,62.15
2014-06-10 19:00:00,6,19,23.03,0.0,-0.0,0.0,1.31,59.95
2014-06-10 20:00:00,6,20,23.02,0.0,-0.0,0.0,1.1,57.9
2014-06-10 21:00:00,6,21,20.94,0.0,-0.0,0.0,1.38,68.4
2014-06-10 22:00:00,6,22,20.22,0.0,-0.0,0.0,1.31,70.7
2014-06-10 23:00:00,6,23,18.92,0.0,-0.0,0.0,1.52,78.3
2014-06-11 00:00:00,6,0,19.36,0.0,-0.0,0.0,0.97,73.15
2014-06-11 01:00:00,6,1,18.69,0.0,-0.0,0.0,0.9,78.3
2014-06-11 02:00:00,6,2,18.6,6.0,0.0,6.0,0.9,75.65
2014-06-11 03:00:00,6,3,20.35,141.0,58.73,123.0,0.34,75.75
2014-06-11 04:00:00,6,4,22.57,360.0,323.74,202.0,0.48,66.35
2014-06-11 05:00:00,6,5,23.91,534.0,427.06,255.0,1.1,60.15
2014-06-11 06:00:00,6,6,25.08,718.0,589.15,252.0,1.59,54.45
2014-06-11 07:00:00,6,7,24.76,837.0,642.61,264.0,1.86,52.6
2014-06-11 08:00:00,6,8,25.24,897.0,647.31,283.0,2.07,49.2
2014-06-11 09:00:00,6,9,26.04,933.0,717.35,246.0,2.62,47.65
2014-06-11 10:00:00,6,10,26.62,897.0,732.7,224.0,2.9,44.55
2014-06-11 11:00:00,6,11,27.15,789.0,675.31,226.0,2.62,43.15
2014-06-11 12:00:00,6,12,27.45,541.0,327.23,309.0,2.41,40.35
2014-06-11 13:00:00,6,13,27.04,483.0,576.98,164.0,2.21,38.85
2014-06-11 14:00:00,6,14,26.59,293.0,433.47,130.0,1.45,38.7
2014-06-11 15:00:00,6,15,26.02,95.0,115.49,73.0,1.03,39.95
2014-06-11 16:00:00,6,16,24.69,0.0,0.0,0.0,0.76,52.6
2014-06-11 17:00:00,6,17,24.94,0.0,-0.0,0.0,0.28,41.15
2014-06-11 18:00:00,6,18,23.68,0.0,-0.0,0.0,1.03,45.5
2014-06-11 19:00:00,6,19,21.62,0.0,-0.0,0.0,1.24,55.65
2014-06-11 20:00:00,6,20,20.18,0.0,-0.0,0.0,1.45,63.7
2014-06-11 21:00:00,6,21,18.8,0.0,-0.0,0.0,1.59,70.55
2014-06-11 22:00:00,6,22,18.81,0.0,-0.0,0.0,1.24,70.55
2014-06-11 23:00:00,6,23,19.22,0.0,-0.0,0.0,1.03,68.2
2014-06-12 00:00:00,6,0,18.92,0.0,-0.0,0.0,1.03,70.55
2014-06-12 01:00:00,6,1,19.47,0.0,-0.0,0.0,0.83,68.2
2014-06-12 02:00:00,6,2,18.9,6.0,0.0,6.0,0.9,70.55
2014-06-12 03:00:00,6,3,19.35,141.0,58.73,123.0,0.55,70.65
2014-06-12 04:00:00,6,4,21.76,191.0,16.39,183.0,0.14,61.85
2014-06-12 05:00:00,6,5,23.44,586.0,595.46,197.0,0.9,54.1
2014-06-12 06:00:00,6,6,24.6,715.0,579.03,257.0,1.31,52.5
2014-06-12 07:00:00,6,7,24.94,564.0,139.05,440.0,1.17,52.6
2014-06-12 08:00:00,6,8,26.13,950.0,786.29,204.0,1.1,47.65
2014-06-12 09:00:00,6,9,27.22,960.0,789.08,204.0,1.31,41.8
2014-06-12 10:00:00,6,10,28.27,909.0,762.72,208.0,2.14,39.25
2014-06-12 11:00:00,6,11,28.35,693.0,421.85,341.0,2.62,39.25
2014-06-12 12:00:00,6,12,28.16,550.0,343.72,306.0,2.83,40.5
2014-06-12 13:00:00,6,13,27.55,204.0,9.03,199.0,2.34,41.8
2014-06-12 14:00:00,6,14,27.02,217.0,140.49,164.0,2.21,43.15
2014-06-12 15:00:00,6,15,26.28,105.0,161.61,74.0,1.93,44.55
2014-06-12 16:00:00,6,16,25.04,0.0,0.0,0.0,1.86,49.05
2014-06-12 17:00:00,6,17,23.48,0.0,-0.0,0.0,0.83,60.05
2014-06-12 18:00:00,6,18,21.63,0.0,-0.0,0.0,0.9,71.0
2014-06-12 19:00:00,6,19,20.0,0.0,-0.0,0.0,1.52,73.2
2014-06-12 20:00:00,6,20,18.86,0.0,-0.0,0.0,0.9,83.85
2014-06-12 21:00:00,6,21,18.22,0.0,-0.0,0.0,0.55,89.75
2014-06-12 22:00:00,6,22,17.83,0.0,-0.0,0.0,0.83,92.85
2014-06-12 23:00:00,6,23,18.21,0.0,-0.0,0.0,0.34,86.75
2014-06-13 00:00:00,6,0,17.98,0.0,-0.0,0.0,0.41,86.7
2014-06-13 01:00:00,6,1,16.93,0.0,-0.0,0.0,0.83,92.8
2014-06-13 02:00:00,6,2,16.73,60.0,123.85,45.0,1.03,92.8
2014-06-13 03:00:00,6,3,17.58,21.0,0.0,21.0,1.38,83.75
2014-06-13 04:00:00,6,4,17.03,65.0,0.0,65.0,1.66,86.6
2014-06-13 05:00:00,6,5,16.57,77.0,0.0,77.0,1.86,83.65
2014-06-13 06:00:00,6,6,16.64,246.0,1.26,245.0,2.07,80.8
2014-06-13 07:00:00,6,7,15.72,593.0,169.32,442.0,1.79,80.65
2014-06-13 08:00:00,6,8,17.37,976.0,836.72,182.0,1.31,70.3
2014-06-13 09:00:00,6,9,19.43,993.0,851.41,177.0,1.38,61.4
2014-06-13 10:00:00,6,10,21.22,945.0,837.33,175.0,1.66,53.6
2014-06-13 11:00:00,6,11,22.4,842.0,803.47,171.0,1.93,48.45
2014-06-13 12:00:00,6,12,22.92,674.0,699.25,177.0,1.86,45.25
2014-06-13 13:00:00,6,13,23.19,487.0,574.78,168.0,2.14,42.25
2014-06-13 14:00:00,6,14,22.89,317.0,533.81,115.0,2.62,40.6
2014-06-13 15:00:00,6,15,22.23,117.0,227.89,73.0,1.79,43.5
2014-06-13 16:00:00,6,16,20.83,0.0,0.0,0.0,0.83,57.45
2014-06-13 17:00:00,6,17,20.87,0.0,-0.0,0.0,0.28,46.35
2014-06-13 18:00:00,6,18,18.03,0.0,-0.0,0.0,1.52,61.05
2014-06-13 19:00:00,6,19,16.93,0.0,-0.0,0.0,1.59,63.05
2014-06-13 20:00:00,6,20,16.0,0.0,-0.0,0.0,1.66,70.0
2014-06-13 21:00:00,6,21,15.34,0.0,-0.0,0.0,1.59,72.45
2014-06-13 22:00:00,6,22,14.86,0.0,-0.0,0.0,1.52,77.75
2014-06-13 23:00:00,6,23,14.49,0.0,-0.0,0.0,1.45,80.45
2014-06-14 00:00:00,6,0,14.56,0.0,-0.0,0.0,1.31,80.55
2014-06-14 01:00:00,6,1,14.89,0.0,-0.0,0.0,1.17,80.55
2014-06-14 02:00:00,6,2,15.22,73.0,239.51,44.0,0.97,77.8
2014-06-14 03:00:00,6,3,17.06,248.0,489.65,98.0,0.55,75.3
2014-06-14 04:00:00,6,4,19.45,449.0,660.13,127.0,0.14,63.6
2014-06-14 05:00:00,6,5,20.98,642.0,762.58,144.0,1.1,57.45
2014-06-14 06:00:00,6,6,22.01,802.0,813.04,159.0,1.52,50.05
2014-06-14 07:00:00,6,7,22.39,916.0,832.0,174.0,1.72,53.85
2014-06-14 08:00:00,6,8,23.42,981.0,841.86,182.0,2.07,50.45
2014-06-14 09:00:00,6,9,24.22,997.0,856.35,176.0,2.28,48.95
2014-06-14 10:00:00,6,10,25.02,949.0,842.32,174.0,2.28,47.4
2014-06-14 11:00:00,6,11,25.55,842.0,798.05,175.0,2.34,45.9
2014-06-14 12:00:00,6,12,25.67,682.0,713.88,174.0,2.62,44.45
2014-06-14 13:00:00,6,13,25.66,515.0,669.09,143.0,2.69,44.45
2014-06-14 14:00:00,6,14,25.42,317.0,526.98,117.0,2.48,45.9
2014-06-14 15:00:00,6,15,24.71,107.0,154.43,77.0,1.93,47.4
2014-06-14 16:00:00,6,16,23.37,0.0,0.0,0.0,1.45,52.25
2014-06-14 17:00:00,6,17,22.43,0.0,-0.0,0.0,0.83,57.75
2014-06-14 18:00:00,6,18,22.65,0.0,-0.0,0.0,0.76,52.1
2014-06-14 19:00:00,6,19,19.97,0.0,-0.0,0.0,1.38,65.95
2014-06-14 20:00:00,6,20,18.06,0.0,-0.0,0.0,1.72,75.45
2014-06-14 21:00:00,6,21,16.89,0.0,-0.0,0.0,1.66,80.8
2014-06-14 22:00:00,6,22,16.24,0.0,-0.0,0.0,1.52,83.6
2014-06-14 23:00:00,6,23,15.7,0.0,-0.0,0.0,1.31,86.5
2014-06-15 00:00:00,6,0,15.28,0.0,-0.0,0.0,1.24,89.55
2014-06-15 01:00:00,6,1,14.77,0.0,-0.0,0.0,1.17,89.5
2014-06-15 02:00:00,6,2,14.68,69.0,206.67,44.0,1.1,89.5
2014-06-15 03:00:00,6,3,17.19,236.0,434.42,103.0,0.76,80.85
2014-06-15 04:00:00,6,4,21.2,444.0,648.11,128.0,0.34,68.5
2014-06-15 05:00:00,6,5,23.17,634.0,745.96,147.0,0.34,56.0
2014-06-15 06:00:00,6,6,24.52,786.0,781.56,168.0,0.83,54.35
2014-06-15 07:00:00,6,7,25.95,893.0,789.41,189.0,1.31,51.05
2014-06-15 08:00:00,6,8,27.05,967.0,820.7,188.0,1.59,47.9
2014-06-15 09:00:00,6,9,27.94,979.0,823.78,189.0,1.66,44.95
2014-06-15 10:00:00,6,10,28.5,645.0,210.75,451.0,1.93,45.05
2014-06-15 11:00:00,6,11,28.91,848.0,820.17,162.0,2.41,43.65
2014-06-15 12:00:00,6,12,29.06,651.0,620.44,209.0,2.28,43.65
2014-06-15 13:00:00,6,13,28.56,500.0,623.07,153.0,1.38,45.05
2014-06-15 14:00:00,6,14,27.96,323.0,557.05,111.0,1.59,46.5
2014-06-15 15:00:00,6,15,27.34,85.0,61.42,73.0,1.24,49.7
2014-06-15 16:00:00,6,16,25.96,0.0,0.0,0.0,0.76,64.8
2014-06-15 17:00:00,6,17,24.4,0.0,-0.0,0.0,1.17,62.35
2014-06-15 18:00:00,6,18,24.72,0.0,-0.0,0.0,0.97,58.35
2014-06-15 19:00:00,6,19,21.93,0.0,-0.0,0.0,1.31,71.0
2014-06-15 20:00:00,6,20,20.21,0.0,-0.0,0.0,1.66,78.45
2014-06-15 21:00:00,6,21,19.48,0.0,-0.0,0.0,1.59,81.1
2014-06-15 22:00:00,6,22,19.05,0.0,-0.0,0.0,1.45,83.85
2014-06-15 23:00:00,6,23,18.47,0.0,-0.0,0.0,1.38,83.8
2014-06-16 00:00:00,6,0,18.61,0.0,-0.0,0.0,1.1,78.3
2014-06-16 01:00:00,6,1,18.66,0.0,-0.0,0.0,1.03,78.3
2014-06-16 02:00:00,6,2,18.42,28.0,0.0,28.0,0.97,81.0
2014-06-16 03:00:00,6,3,20.34,189.0,199.41,128.0,0.69,75.75
2014-06-16 04:00:00,6,4,22.58,414.0,539.72,151.0,0.62,71.05
2014-06-16 05:00:00,6,5,24.43,613.0,691.09,162.0,0.97,62.35
2014-06-16 06:00:00,6,6,25.79,773.0,755.18,176.0,0.97,56.6
2014-06-16 07:00:00,6,7,26.99,888.0,783.87,189.0,2.0,54.95
2014-06-16 08:00:00,6,8,27.5,962.0,815.36,188.0,2.41,53.2
2014-06-16 09:00:00,6,9,27.7,969.0,806.9,195.0,2.55,53.35
2014-06-16 10:00:00,6,10,28.04,922.0,793.75,191.0,2.41,53.35
2014-06-16 11:00:00,6,11,28.09,804.0,714.45,206.0,2.41,51.55
2014-06-16 12:00:00,6,12,28.05,171.0,0.0,171.0,2.48,51.55
2014-06-16 13:00:00,6,13,27.74,91.0,0.0,91.0,2.48,49.8
2014-06-16 14:00:00,6,14,26.83,40.0,0.0,40.0,1.17,53.1
2014-06-16 15:00:00,6,15,25.1,38.0,0.0,38.0,1.79,62.45
2014-06-16 16:00:00,6,16,23.99,0.0,0.0,0.0,1.93,68.95
2014-06-16 17:00:00,6,17,22.89,0.0,-0.0,0.0,1.72,73.6
2014-06-16 18:00:00,6,18,22.02,0.0,-0.0,0.0,1.93,78.65
2014-06-16 19:00:00,6,19,21.56,0.0,-0.0,0.0,1.03,81.3
2014-06-16 20:00:00,6,20,21.4,0.0,-0.0,0.0,0.9,78.55
2014-06-16 21:00:00,6,21,21.14,0.0,-0.0,0.0,0.83,78.55
2014-06-16 22:00:00,6,22,21.08,0.0,-0.0,0.0,0.83,78.5
2014-06-16 23:00:00,6,23,20.62,0.0,-0.0,0.0,0.69,78.5
2014-06-17 00:00:00,6,0,20.07,0.0,-0.0,0.0,0.69,78.45
2014-06-17 01:00:00,6,1,19.67,0.0,-0.0,0.0,0.76,78.45
2014-06-17 02:00:00,6,2,19.37,28.0,0.0,28.0,0.69,78.35
2014-06-17 03:00:00,6,3,20.16,228.0,386.17,110.0,0.28,81.15
2014-06-17 04:00:00,6,4,22.18,443.0,642.78,130.0,0.62,73.55
2014-06-17 05:00:00,6,5,23.48,627.0,723.6,155.0,1.03,68.85
2014-06-17 06:00:00,6,6,24.65,787.0,778.17,172.0,1.45,58.35
2014-06-17 07:00:00,6,7,25.35,904.0,807.51,184.0,1.72,58.45
2014-06-17 08:00:00,6,8,26.46,973.0,827.97,187.0,2.0,52.95
2014-06-17 09:00:00,6,9,26.77,991.0,842.16,183.0,2.34,51.3
2014-06-17 10:00:00,6,10,27.38,944.0,829.24,180.0,2.55,49.7
2014-06-17 11:00:00,6,11,27.82,837.0,785.62,179.0,2.76,46.5
2014-06-17 12:00:00,6,12,28.18,679.0,703.22,177.0,2.9,42.05
2014-06-17 13:00:00,6,13,28.02,515.0,658.74,147.0,2.76,40.5
2014-06-17 14:00:00,6,14,27.57,314.0,504.57,121.0,2.55,40.35
2014-06-17 15:00:00,6,15,26.89,107.0,146.89,78.0,1.59,41.65
2014-06-17 16:00:00,6,16,25.57,0.0,0.0,0.0,1.24,47.5
2014-06-17 17:00:00,6,17,25.61,0.0,-0.0,0.0,0.48,44.3
2014-06-17 18:00:00,6,18,24.38,0.0,-0.0,0.0,0.97,48.95
2014-06-17 19:00:00,6,19,22.91,0.0,-0.0,0.0,1.03,52.1
2014-06-17 20:00:00,6,20,21.92,0.0,-0.0,0.0,1.17,57.65
2014-06-17 21:00:00,6,21,20.9,0.0,-0.0,0.0,1.17,61.6
2014-06-17 22:00:00,6,22,19.83,0.0,-0.0,0.0,1.1,65.95
2014-06-17 23:00:00,6,23,18.69,0.0,-0.0,0.0,1.03,70.55
2014-06-18 00:00:00,6,0,17.41,0.0,-0.0,0.0,1.03,78.1
2014-06-18 01:00:00,6,1,16.76,0.0,-0.0,0.0,1.1,80.8
2014-06-18 02:00:00,6,2,16.88,6.0,0.0,6.0,1.03,80.8
2014-06-18 03:00:00,6,3,18.71,211.0,294.92,121.0,0.76,70.55
2014-06-18 04:00:00,6,4,21.98,425.0,581.65,142.0,0.48,61.85
2014-06-18 05:00:00,6,5,24.13,622.0,711.73,158.0,0.21,50.55
2014-06-18 06:00:00,6,6,25.59,772.0,745.52,183.0,0.48,39.85
2014-06-18 07:00:00,6,7,26.7,887.0,772.87,198.0,0.9,36.2
2014-06-18 08:00:00,6,8,27.75,956.0,793.21,203.0,1.45,35.2
2014-06-18 09:00:00,6,9,28.61,973.0,806.58,199.0,1.66,35.3
2014-06-18 10:00:00,6,10,29.3,927.0,793.13,196.0,1.79,33.15
2014-06-18 11:00:00,6,11,29.51,823.0,751.72,193.0,2.21,34.35
2014-06-18 12:00:00,6,12,29.62,671.0,675.98,188.0,2.28,35.6
2014-06-18 13:00:00,6,13,29.34,509.0,639.93,151.0,2.0,35.6
2014-06-18 14:00:00,6,14,28.92,312.0,495.6,122.0,2.14,38.0
2014-06-18 15:00:00,6,15,28.14,105.0,136.12,78.0,1.45,40.5
2014-06-18 16:00:00,6,16,26.75,0.0,0.0,0.0,0.97,47.9
2014-06-18 17:00:00,6,17,26.79,0.0,-0.0,0.0,0.07,43.15
2014-06-18 18:00:00,6,18,22.94,0.0,-0.0,0.0,1.66,57.9
2014-06-18 19:00:00,6,19,21.08,0.0,-0.0,0.0,1.93,63.8
2014-06-18 20:00:00,6,20,19.52,0.0,-0.0,0.0,1.79,68.2
2014-06-18 21:00:00,6,21,18.43,0.0,-0.0,0.0,1.72,72.95
2014-06-18 22:00:00,6,22,17.9,0.0,-0.0,0.0,1.66,75.45
2014-06-18 23:00:00,6,23,17.49,0.0,-0.0,0.0,1.66,78.1
2014-06-19 00:00:00,6,0,17.0,0.0,-0.0,0.0,1.66,80.8
2014-06-19 01:00:00,6,1,16.6,0.0,-0.0,0.0,1.59,80.8
2014-06-19 02:00:00,6,2,16.46,6.0,0.0,6.0,1.59,83.6
2014-06-19 03:00:00,6,3,18.43,188.0,193.64,129.0,1.31,78.25
2014-06-19 04:00:00,6,4,23.44,418.0,551.34,150.0,1.03,60.05
2014-06-19 05:00:00,6,5,26.49,616.0,693.76,164.0,0.69,44.55
2014-06-19 06:00:00,6,6,28.1,776.0,755.95,179.0,0.41,39.1
2014-06-19 07:00:00,6,7,29.33,892.0,784.25,193.0,1.38,33.15
2014-06-19 08:00:00,6,8,30.33,967.0,815.35,193.0,1.93,30.05
2014-06-19 09:00:00,6,9,31.09,979.0,818.96,193.0,2.21,29.0
2014-06-19 10:00:00,6,10,31.55,938.0,815.64,186.0,2.41,28.15
2014-06-19 11:00:00,6,11,31.78,833.0,773.96,184.0,2.41,27.25
2014-06-19 12:00:00,6,12,31.88,676.0,690.77,182.0,2.48,27.25
2014-06-19 13:00:00,6,13,31.71,510.0,640.88,151.0,2.48,28.15
2014-06-19 14:00:00,6,14,31.26,312.0,486.74,125.0,2.28,28.15
2014-06-19 15:00:00,6,15,30.32,107.0,145.58,78.0,1.79,31.15
2014-06-19 16:00:00,6,16,28.36,0.0,0.0,0.0,1.38,39.25
2014-06-19 17:00:00,6,17,27.49,0.0,-0.0,0.0,0.62,41.8
2014-06-19 18:00:00,6,18,23.82,0.0,-0.0,0.0,1.52,54.2
2014-06-19 19:00:00,6,19,21.87,0.0,-0.0,0.0,1.52,66.25
2014-06-19 20:00:00,6,20,21.84,0.0,-0.0,0.0,1.24,66.25
2014-06-19 21:00:00,6,21,21.95,0.0,-0.0,0.0,1.1,66.25
2014-06-19 22:00:00,6,22,21.41,0.0,-0.0,0.0,1.1,70.9
2014-06-19 23:00:00,6,23,20.95,0.0,-0.0,0.0,1.03,73.3
2014-06-20 00:00:00,6,0,20.46,0.0,-0.0,0.0,1.1,75.75
2014-06-20 01:00:00,6,1,20.44,0.0,-0.0,0.0,0.76,73.2
2014-06-20 02:00:00,6,2,20.33,6.0,0.0,6.0,0.41,73.2
2014-06-20 03:00:00,6,3,20.83,138.0,55.89,121.0,0.28,73.3
2014-06-20 04:00:00,6,4,22.46,306.0,175.05,221.0,0.55,64.1
2014-06-20 05:00:00,6,5,23.82,564.0,522.22,224.0,0.83,56.15
2014-06-20 06:00:00,6,6,25.07,723.0,603.01,247.0,1.17,52.6
2014-06-20 07:00:00,6,7,26.11,864.0,714.87,227.0,1.59,51.05
2014-06-20 08:00:00,6,8,27.26,947.0,776.43,210.0,1.86,46.4
2014-06-20 09:00:00,6,9,28.42,965.0,792.83,204.0,1.86,43.55
2014-06-20 10:00:00,6,10,29.49,925.0,790.45,196.0,1.79,40.9
2014-06-20 11:00:00,6,11,30.13,830.0,769.98,184.0,1.66,39.65
2014-06-20 12:00:00,6,12,30.57,670.0,673.45,188.0,1.93,38.4
2014-06-20 13:00:00,6,13,30.41,509.0,636.53,152.0,2.21,37.1
2014-06-20 14:00:00,6,14,29.79,309.0,475.39,126.0,2.14,36.95
2014-06-20 15:00:00,6,15,29.15,105.0,130.01,79.0,1.66,39.35
2014-06-20 16:00:00,6,16,28.07,0.0,0.0,0.0,1.1,41.95
2014-06-20 17:00:00,6,17,27.52,0.0,-0.0,0.0,0.41,41.8
2014-06-20 18:00:00,6,18,27.08,0.0,-0.0,0.0,0.28,43.15
2014-06-20 19:00:00,6,19,23.62,0.0,-0.0,0.0,1.52,56.0
2014-06-20 20:00:00,6,20,22.24,0.0,-0.0,0.0,1.66,59.8
2014-06-20 21:00:00,6,21,21.1,0.0,-0.0,0.0,1.59,68.4
2014-06-20 22:00:00,6,22,19.99,0.0,-0.0,0.0,1.52,70.7
2014-06-20 23:00:00,6,23,19.08,0.0,-0.0,0.0,1.45,78.3
2014-06-21 00:00:00,6,0,18.39,0.0,-0.0,0.0,1.38,81.0
2014-06-21 01:00:00,6,1,17.5,0.0,-0.0,0.0,1.31,83.7
2014-06-21 02:00:00,6,2,17.32,6.0,0.0,6.0,1.24,83.7
2014-06-21 03:00:00,6,3,19.77,170.0,131.78,130.0,0.9,78.45
2014-06-21 04:00:00,6,4,24.76,393.0,441.25,179.0,0.55,58.35
2014-06-21 05:00:00,6,5,27.34,595.0,619.47,192.0,0.28,44.8
2014-06-21 06:00:00,6,6,29.13,767.0,728.79,192.0,0.83,39.35
2014-06-21 07:00:00,6,7,30.63,887.0,766.72,204.0,1.52,37.1
2014-06-21 08:00:00,6,8,31.85,961.0,798.64,203.0,1.72,34.9
2014-06-21 09:00:00,6,9,33.02,979.0,813.6,198.0,1.86,33.95
2014-06-21 10:00:00,6,10,33.89,938.0,810.84,190.0,2.21,31.95
2014-06-21 11:00:00,6,11,34.47,838.0,780.34,183.0,2.48,29.9
2014-06-21 12:00:00,6,12,34.7,677.0,684.12,187.0,2.69,29.9
2014-06-21 13:00:00,6,13,34.45,515.0,648.28,151.0,3.03,29.9
2014-06-21 14:00:00,6,14,33.75,312.0,477.13,128.0,2.9,30.85
2014-06-21 15:00:00,6,15,32.63,106.0,129.55,80.0,2.21,36.25
2014-06-21 16:00:00,6,16,31.11,0.0,0.0,0.0,1.45,39.75
2014-06-21 17:00:00,6,17,30.36,0.0,-0.0,0.0,0.76,41.15
2014-06-21 18:00:00,6,18,27.17,0.0,-0.0,0.0,1.66,53.1
2014-06-21 19:00:00,6,19,25.4,0.0,-0.0,0.0,1.66,56.5
2014-06-21 20:00:00,6,20,23.92,0.0,-0.0,0.0,1.52,64.4
2014-06-21 21:00:00,6,21,22.8,0.0,-0.0,0.0,1.31,68.75
2014-06-21 22:00:00,6,22,22.16,0.0,-0.0,0.0,1.1,71.05
2014-06-21 23:00:00,6,23,21.88,0.0,-0.0,0.0,1.03,73.45
2014-06-22 00:00:00,6,0,22.37,0.0,-0.0,0.0,0.69,71.05
2014-06-22 01:00:00,6,1,23.53,0.0,-0.0,0.0,0.34,71.25
2014-06-22 02:00:00,6,2,23.53,64.0,178.06,43.0,0.48,71.25
2014-06-22 03:00:00,6,3,22.88,191.0,217.91,125.0,0.9,81.45
2014-06-22 04:00:00,6,4,25.79,369.0,365.44,192.0,1.1,67.05
2014-06-22 05:00:00,6,5,27.14,574.0,567.69,205.0,1.31,65.0
2014-06-22 06:00:00,6,6,28.62,747.0,687.35,205.0,1.66,57.15
2014-06-22 07:00:00,6,7,29.47,864.0,723.18,220.0,2.14,50.2
2014-06-22 08:00:00,6,8,30.79,943.0,771.35,211.0,2.41,45.6
2014-06-22 09:00:00,6,9,31.72,961.0,787.53,205.0,2.83,41.4
2014-06-22 10:00:00,6,10,32.43,921.0,785.74,196.0,3.17,38.8
2014-06-22 11:00:00,6,11,32.86,818.0,744.28,193.0,3.38,36.35
2014-06-22 12:00:00,6,12,32.93,653.0,618.08,210.0,3.79,36.35
2014-06-22 13:00:00,6,13,32.45,482.0,537.31,180.0,3.79,36.25
2014-06-22 14:00:00,6,14,31.24,295.0,401.28,140.0,3.72,37.25
2014-06-22 15:00:00,6,15,29.82,97.0,94.38,78.0,3.1,39.65
2014-06-22 16:00:00,6,16,28.23,0.0,0.0,0.0,2.0,43.55
2014-06-22 17:00:00,6,17,26.98,0.0,-0.0,0.0,1.45,46.25
2014-06-22 18:00:00,6,18,25.31,0.0,-0.0,0.0,1.38,52.75
2014-06-22 19:00:00,6,19,23.95,0.0,-0.0,0.0,1.31,60.15
2014-06-22 20:00:00,6,20,24.23,0.0,-0.0,0.0,0.9,56.25
2014-06-22 21:00:00,6,21,24.31,0.0,-0.0,0.0,0.34,56.25
2014-06-22 22:00:00,6,22,23.74,0.0,-0.0,0.0,0.48,58.1
2014-06-22 23:00:00,6,23,22.78,0.0,-0.0,0.0,0.9,62.05
2014-06-23 00:00:00,6,0,22.48,0.0,-0.0,0.0,0.76,61.95
2014-06-23 01:00:00,6,1,22.39,0.0,-0.0,0.0,0.48,64.1
2014-06-23 02:00:00,6,2,21.95,6.0,0.0,6.0,0.34,66.25
2014-06-23 03:00:00,6,3,22.45,172.0,142.32,129.0,0.21,64.1
2014-06-23 04:00:00,6,4,24.27,395.0,461.06,172.0,0.76,54.35
2014-06-23 05:00:00,6,5,25.84,240.0,7.7,235.0,1.17,46.0
2014-06-23 06:00:00,6,6,27.16,719.0,593.86,251.0,1.52,43.15
2014-06-23 07:00:00,6,7,28.78,885.0,772.87,197.0,2.0,38.0
2014-06-23 08:00:00,6,8,29.5,928.0,720.9,244.0,2.34,36.85
2014-06-23 09:00:00,6,9,30.7,936.0,710.44,254.0,2.69,33.4
2014-06-23 10:00:00,6,10,31.18,908.0,741.16,224.0,2.83,33.4
2014-06-23 11:00:00,6,11,31.27,829.0,763.04,188.0,3.03,32.4
2014-06-23 12:00:00,6,12,30.86,714.0,787.82,149.0,3.17,33.4
2014-06-23 13:00:00,6,13,30.72,512.0,641.69,151.0,3.1,33.4
2014-06-23 14:00:00,6,14,30.25,314.0,488.59,125.0,2.97,32.25
2014-06-23 15:00:00,6,15,29.37,111.0,153.55,80.0,2.28,35.6
2014-06-23 16:00:00,6,16,28.18,0.0,0.0,0.0,1.45,37.9
2014-06-23 17:00:00,6,17,26.35,0.0,-0.0,0.0,1.31,46.15
2014-06-23 18:00:00,6,18,24.34,0.0,-0.0,0.0,1.45,52.5
2014-06-23 19:00:00,6,19,22.87,0.0,-0.0,0.0,1.52,55.9
2014-06-23 20:00:00,6,20,21.8,0.0,-0.0,0.0,1.52,59.7
2014-06-23 21:00:00,6,21,21.34,0.0,-0.0,0.0,1.38,61.7
2014-06-23 22:00:00,6,22,21.43,0.0,-0.0,0.0,1.17,61.7
2014-06-23 23:00:00,6,23,22.17,0.0,-0.0,0.0,0.9,55.8
2014-06-24 00:00:00,6,0,22.0,0.0,-0.0,0.0,0.69,57.65
2014-06-24 01:00:00,6,1,21.66,0.0,-0.0,0.0,0.48,57.65
2014-06-24 02:00:00,6,2,21.55,6.0,0.0,6.0,0.34,61.7
2014-06-24 03:00:00,6,3,22.11,21.0,0.0,21.0,0.21,59.7
2014-06-24 04:00:00,6,4,23.54,38.0,0.0,38.0,0.9,52.25
2014-06-24 05:00:00,6,5,24.58,69.0,0.0,69.0,1.24,47.25
2014-06-24 06:00:00,6,6,25.76,115.0,0.0,115.0,1.79,42.9
2014-06-24 07:00:00,6,7,26.52,205.0,0.0,205.0,2.48,44.55
2014-06-24 08:00:00,6,8,26.92,536.0,81.17,459.0,2.9,43.15
2014-06-24 09:00:00,6,9,27.08,562.0,95.84,470.0,2.83,43.15
2014-06-24 10:00:00,6,10,27.51,636.0,198.27,453.0,2.62,40.35
2014-06-24 11:00:00,6,11,27.59,677.0,378.42,359.0,2.41,40.35
2014-06-24 12:00:00,6,12,27.89,396.0,83.62,336.0,2.34,37.75
2014-06-24 13:00:00,6,13,27.96,175.0,1.78,174.0,2.28,37.75
2014-06-24 14:00:00,6,14,27.97,234.0,167.82,169.0,2.21,37.75
2014-06-24 15:00:00,6,15,27.56,108.0,143.3,79.0,2.14,38.95
2014-06-24 16:00:00,6,16,26.6,0.0,0.0,0.0,1.72,43.05
2014-06-24 17:00:00,6,17,25.11,0.0,-0.0,0.0,1.1,49.05
2014-06-24 18:00:00,6,18,23.56,0.0,-0.0,0.0,0.97,56.0
2014-06-24 19:00:00,6,19,21.94,0.0,-0.0,0.0,1.24,61.85
2014-06-24 20:00:00,6,20,21.41,0.0,-0.0,0.0,1.24,61.7
2014-06-24 21:00:00,6,21,21.42,0.0,-0.0,0.0,1.1,61.7
2014-06-24 22:00:00,6,22,21.98,0.0,-0.0,0.0,0.9,59.7
2014-06-24 23:00:00,6,23,21.82,0.0,-0.0,0.0,0.9,59.7
2014-06-25 00:00:00,6,0,20.92,0.0,-0.0,0.0,1.1,63.8
2014-06-25 01:00:00,6,1,20.56,0.0,-0.0,0.0,1.17,65.95
2014-06-25 02:00:00,6,2,20.3,6.0,0.0,6.0,1.17,65.95
2014-06-25 03:00:00,6,3,21.09,129.0,43.27,116.0,0.9,68.4
2014-06-25 04:00:00,6,4,22.99,266.0,101.63,217.0,0.76,54.0
2014-06-25 05:00:00,6,5,24.63,564.0,532.36,219.0,0.76,45.6
2014-06-25 06:00:00,6,6,25.89,741.0,665.84,217.0,1.66,39.95
2014-06-25 07:00:00,6,7,25.95,882.0,770.17,197.0,1.86,42.9
2014-06-25 08:00:00,6,8,26.96,952.0,789.76,203.0,2.21,40.25
2014-06-25 09:00:00,6,9,28.06,966.0,793.85,204.0,2.28,36.45
2014-06-25 10:00:00,6,10,28.76,932.0,802.73,191.0,2.28,34.2
2014-06-25 11:00:00,6,11,28.51,828.0,761.39,188.0,2.28,35.3
2014-06-25 12:00:00,6,12,28.75,674.0,675.59,189.0,2.41,34.2
2014-06-25 13:00:00,6,13,28.45,512.0,640.7,151.0,2.62,36.6
2014-06-25 14:00:00,6,14,27.99,314.0,487.42,125.0,2.69,37.75
2014-06-25 15:00:00,6,15,27.35,111.0,152.88,80.0,2.21,40.35
2014-06-25 16:00:00,6,16,26.24,0.0,0.0,0.0,1.03,43.05
2014-06-25 17:00:00,6,17,25.28,0.0,-0.0,0.0,0.62,47.5
2014-06-25 18:00:00,6,18,23.16,0.0,-0.0,0.0,1.38,54.1
2014-06-25 19:00:00,6,19,22.35,0.0,-0.0,0.0,1.31,57.75
2014-06-25 20:00:00,6,20,20.58,0.0,-0.0,0.0,1.66,63.7
2014-06-25 21:00:00,6,21,19.52,0.0,-0.0,0.0,1.66,65.85
2014-06-25 22:00:00,6,22,18.68,0.0,-0.0,0.0,1.52,68.1
2014-06-25 23:00:00,6,23,17.92,0.0,-0.0,0.0,1.45,70.35
2014-06-26 00:00:00,6,0,17.52,0.0,-0.0,0.0,1.45,72.8
2014-06-26 01:00:00,6,1,16.78,0.0,-0.0,0.0,1.45,75.3
2014-06-26 02:00:00,6,2,16.6,6.0,0.0,6.0,1.45,78.0
2014-06-26 03:00:00,6,3,19.52,177.0,166.92,127.0,0.9,68.2
2014-06-26 04:00:00,6,4,23.66,390.0,452.97,172.0,0.55,52.35
2014-06-26 05:00:00,6,5,25.81,583.0,605.58,191.0,0.34,42.9
2014-06-26 06:00:00,6,6,27.14,750.0,700.68,199.0,1.31,41.65
2014-06-26 07:00:00,6,7,28.15,869.0,739.05,212.0,1.79,40.5
2014-06-26 08:00:00,6,8,29.21,948.0,785.76,203.0,1.72,36.85
2014-06-26 09:00:00,6,9,30.06,967.0,800.18,199.0,1.66,35.7
2014-06-26 10:00:00,6,10,30.94,933.0,809.18,186.0,1.86,34.6
2014-06-26 11:00:00,6,11,31.43,825.0,757.65,188.0,2.07,33.55
2014-06-26 12:00:00,6,12,31.75,671.0,671.14,189.0,2.48,32.55
2014-06-26 13:00:00,6,13,31.42,508.0,626.11,155.0,2.41,33.55
2014-06-26 14:00:00,6,14,30.93,315.0,492.12,124.0,2.34,34.6
2014-06-26 15:00:00,6,15,30.17,109.0,142.78,80.0,2.0,35.7
2014-06-26 16:00:00,6,16,29.07,0.0,0.0,0.0,1.45,38.0
2014-06-26 17:00:00,6,17,28.31,0.0,-0.0,0.0,0.55,39.25
2014-06-26 18:00:00,6,18,28.02,0.0,-0.0,0.0,0.83,40.5
2014-06-26 19:00:00,6,19,24.45,0.0,-0.0,0.0,1.59,50.7
2014-06-26 20:00:00,6,20,22.83,0.0,-0.0,0.0,1.72,55.9
2014-06-26 21:00:00,6,21,21.63,0.0,-0.0,0.0,1.66,59.7
2014-06-26 22:00:00,6,22,20.61,0.0,-0.0,0.0,1.52,66.05
2014-06-26 23:00:00,6,23,19.92,0.0,-0.0,0.0,1.31,68.3
2014-06-27 00:00:00,6,0,19.63,0.0,-0.0,0.0,1.24,68.3
2014-06-27 01:00:00,6,1,19.75,0.0,-0.0,0.0,1.24,68.3
2014-06-27 02:00:00,6,2,19.71,5.0,0.0,5.0,1.24,70.7
2014-06-27 03:00:00,6,3,21.56,152.0,93.78,124.0,0.97,70.9
2014-06-27 04:00:00,6,4,25.67,393.0,478.81,163.0,0.69,51.05
2014-06-27 05:00:00,6,5,27.83,590.0,644.98,173.0,0.07,43.4
2014-06-27 06:00:00,6,6,29.23,756.0,727.98,184.0,0.48,38.15
2014-06-27 07:00:00,6,7,30.58,876.0,767.58,194.0,0.97,37.1
2014-06-27 08:00:00,6,8,31.84,951.0,798.67,194.0,1.45,33.7
2014-06-27 09:00:00,6,9,32.68,970.0,813.84,189.0,1.93,32.65
2014-06-27 10:00:00,6,10,33.39,926.0,800.49,187.0,2.21,30.7
2014-06-27 11:00:00,6,11,33.76,819.0,749.19,189.0,2.55,28.75
2014-06-27 12:00:00,6,12,33.75,666.0,663.95,189.0,2.76,28.75
2014-06-27 13:00:00,6,13,33.4,503.0,616.93,155.0,3.03,29.65
2014-06-27 14:00:00,6,14,33.09,312.0,484.02,124.0,3.1,29.55
2014-06-27 15:00:00,6,15,32.36,108.0,137.68,80.0,2.55,30.45
2014-06-27 16:00:00,6,16,30.95,0.0,0.0,0.0,1.72,33.4
2014-06-27 17:00:00,6,17,29.04,0.0,-0.0,0.0,0.97,42.2
2014-06-27 18:00:00,6,18,28.52,0.0,-0.0,0.0,1.03,39.25
2014-06-27 19:00:00,6,19,28.16,0.0,-0.0,0.0,1.03,43.4
2014-06-27 20:00:00,6,20,26.91,0.0,-0.0,0.0,1.17,46.25
2014-06-27 21:00:00,6,21,24.65,0.0,-0.0,0.0,1.31,54.45
2014-06-27 22:00:00,6,22,23.18,0.0,-0.0,0.0,1.31,60.05
2014-06-27 23:00:00,6,23,22.56,0.0,-0.0,0.0,1.17,64.1
2014-06-28 00:00:00,6,0,22.59,0.0,-0.0,0.0,1.03,61.95
2014-06-28 01:00:00,6,1,22.57,0.0,-0.0,0.0,0.9,61.95
2014-06-28 02:00:00,6,2,22.41,5.0,0.0,5.0,0.9,61.95
2014-06-28 03:00:00,6,3,23.12,173.0,161.34,125.0,0.55,62.05
2014-06-28 04:00:00,6,4,25.78,379.0,423.44,176.0,0.0,51.05
2014-06-28 05:00:00,6,5,27.92,578.0,599.35,191.0,0.55,37.75
2014-06-28 06:00:00,6,6,29.48,749.0,709.5,192.0,1.1,32.0
2014-06-28 07:00:00,6,7,30.78,863.0,733.11,212.0,2.0,29.0
2014-06-28 08:00:00,6,8,31.86,938.0,767.29,211.0,2.55,26.3
2014-06-28 09:00:00,6,9,32.72,957.0,783.75,205.0,2.97,26.45
2014-06-28 10:00:00,6,10,32.92,899.0,730.1,225.0,3.03,27.55
2014-06-28 11:00:00,6,11,33.3,799.0,688.46,220.0,3.03,28.65
2014-06-28 12:00:00,6,12,33.47,632.0,549.67,237.0,2.97,29.65
2014-06-28 13:00:00,6,13,33.23,460.0,451.87,205.0,3.45,31.8
2014-06-28 14:00:00,6,14,31.89,308.0,460.59,129.0,3.45,38.7
2014-06-28 15:00:00,6,15,30.38,113.0,157.21,81.0,3.17,44.05
2014-06-28 16:00:00,6,16,28.9,0.0,0.0,0.0,2.69,48.4
2014-06-28 17:00:00,6,17,27.63,0.0,-0.0,0.0,1.52,53.2
2014-06-28 18:00:00,6,18,26.52,0.0,-0.0,0.0,1.45,56.7
2014-06-28 19:00:00,6,19,25.79,0.0,-0.0,0.0,2.0,56.6
2014-06-28 20:00:00,6,20,25.0,0.0,-0.0,0.0,1.86,62.45
2014-06-28 21:00:00,6,21,23.91,0.0,-0.0,0.0,1.59,68.95
2014-06-28 22:00:00,6,22,22.61,0.0,-0.0,0.0,1.45,78.7
2014-06-28 23:00:00,6,23,22.14,0.0,-0.0,0.0,1.17,81.4
2014-06-29 00:00:00,6,0,22.58,0.0,-0.0,0.0,0.48,81.4
2014-06-29 01:00:00,6,1,22.2,0.0,-0.0,0.0,0.55,81.4
2014-06-29 02:00:00,6,2,21.86,41.0,44.94,36.0,0.62,87.0
2014-06-29 03:00:00,6,3,22.39,20.0,0.0,20.0,0.76,84.15
2014-06-29 04:00:00,6,4,22.71,99.0,0.0,99.0,0.97,81.45
2014-06-29 05:00:00,6,5,23.16,140.0,0.0,140.0,1.31,78.85
2014-06-29 06:00:00,6,6,23.54,255.0,1.27,254.0,1.86,81.5
2014-06-29 07:00:00,6,7,24.42,814.0,615.24,268.0,2.41,78.95
2014-06-29 08:00:00,6,8,25.47,910.0,711.63,236.0,2.34,71.6
2014-06-29 09:00:00,6,9,26.97,929.0,728.67,230.0,3.03,62.9
2014-06-29 10:00:00,6,10,27.71,872.0,675.97,248.0,3.17,55.15
2014-06-29 11:00:00,6,11,28.58,784.0,662.25,227.0,3.31,51.65
2014-06-29 12:00:00,6,12,28.59,636.0,578.78,220.0,3.1,51.65
2014-06-29 13:00:00,6,13,28.56,481.0,543.86,174.0,2.83,49.95
2014-06-29 14:00:00,6,14,27.45,217.0,126.03,168.0,2.62,53.2
2014-06-29 15:00:00,6,15,25.67,12.0,0.0,12.0,1.86,62.65
2014-06-29 16:00:00,6,16,24.75,0.0,0.0,0.0,1.66,69.15
2014-06-29 17:00:00,6,17,23.81,0.0,-0.0,0.0,0.97,73.75
2014-06-29 18:00:00,6,18,23.11,0.0,-0.0,0.0,1.03,78.75
2014-06-29 19:00:00,6,19,22.36,0.0,-0.0,0.0,1.93,71.05
2014-06-29 20:00:00,6,20,21.7,0.0,-0.0,0.0,1.79,76.0
2014-06-29 21:00:00,6,21,20.93,0.0,-0.0,0.0,1.79,81.2
2014-06-29 22:00:00,6,22,20.35,0.0,-0.0,0.0,1.52,81.15
2014-06-29 23:00:00,6,23,19.59,0.0,-0.0,0.0,1.17,86.85
2014-06-30 00:00:00,6,0,19.55,0.0,-0.0,0.0,1.17,86.85
2014-06-30 01:00:00,6,1,19.22,0.0,-0.0,0.0,1.24,86.85
2014-06-30 02:00:00,6,2,19.1,5.0,0.0,5.0,1.17,86.85
2014-06-30 03:00:00,6,3,19.5,20.0,0.0,20.0,1.03,86.85
2014-06-30 04:00:00,6,4,19.82,37.0,0.0,37.0,1.1,78.45
2014-06-30 05:00:00,6,5,19.95,69.0,0.0,69.0,1.03,78.45
2014-06-30 06:00:00,6,6,20.53,135.0,0.0,135.0,1.17,78.45
2014-06-30 07:00:00,6,7,21.37,311.0,3.38,308.0,1.45,75.95
2014-06-30 08:00:00,6,8,22.53,423.0,23.24,401.0,1.79,71.05
2014-06-30 09:00:00,6,9,22.64,519.0,66.73,455.0,1.38,66.45
2014-06-30 10:00:00,6,10,23.17,256.0,0.0,256.0,1.31,64.3
2014-06-30 11:00:00,6,11,23.82,164.0,0.0,164.0,1.17,62.25
2014-06-30 12:00:00,6,12,24.16,160.0,0.0,160.0,1.31,60.25
2014-06-30 13:00:00,6,13,24.13,106.0,0.0,106.0,1.52,60.15
2014-06-30 14:00:00,6,14,23.62,50.0,0.0,50.0,1.31,64.3
2014-06-30 15:00:00,6,15,23.27,33.0,0.0,33.0,1.45,64.3
2014-06-30 16:00:00,6,16,19.56,0.0,0.0,0.0,1.48,82.87
2014-06-30 17:00:00,6,17,19.82,0.0,-0.0,0.0,1.44,80.49
2014-06-30 18:00:00,6,18,20.08,0.0,-0.0,0.0,1.4,78.11
2014-06-30 19:00:00,6,19,20.35,0.0,-0.0,0.0,1.36,75.73
2014-06-30 20:00:00,6,20,20.61,0.0,-0.0,0.0,1.32,73.35
2014-06-30 21:00:00,6,21,20.87,0.0,-0.0,0.0,1.29,70.98
2014-06-30 22:00:00,6,22,21.13,0.0,-0.0,0.0,1.25,68.6
2014-06-30 23:00:00,6,23,21.39,0.0,-0.0,0.0,1.21,66.22
2022-07-01 00:00:00,7,0,21.65,0.0,-0.0,0.0,1.17,63.84
2022-07-01 01:00:00,7,1,21.92,0.0,-0.0,0.0,1.13,61.46
2022-07-01 02:00:00,7,2,22.18,5.0,0.0,5.0,1.09,59.08
2022-07-01 03:00:00,7,3,22.44,198.0,268.68,119.0,1.05,56.7
2022-07-01 04:00:00,7,4,22.7,420.0,575.33,146.0,1.02,54.32
2022-07-01 05:00:00,7,5,22.96,612.0,689.0,169.0,0.98,51.94
2022-07-01 06:00:00,7,6,23.22,771.0,739.64,192.0,0.94,49.57
2022-07-01 07:00:00,7,7,23.49,886.0,762.74,210.0,0.9,47.19
2022-07-01 08:00:00,7,8,28.72,958.0,784.11,216.0,2.41,35.3
2022-07-01 09:00:00,7,9,29.83,973.0,788.5,217.0,2.83,32.0
2022-07-01 10:00:00,7,10,30.62,939.0,796.41,204.0,3.1,29.0
2022-07-01 11:00:00,7,11,31.14,835.0,753.82,201.0,3.24,27.15
2022-07-01 12:00:00,7,12,31.38,682.0,680.24,193.0,3.38,25.25
2022-07-01 13:00:00,7,13,31.31,504.0,589.76,171.0,3.31,25.25
2022-07-01 14:00:00,7,14,30.72,310.0,447.43,136.0,3.31,25.15
2022-07-01 15:00:00,7,15,29.65,117.0,176.82,81.0,2.83,26.75
2022-07-01 16:00:00,7,16,27.99,0.0,0.0,0.0,2.34,29.4
2022-07-01 17:00:00,7,17,26.25,0.0,-0.0,0.0,1.52,32.35
2022-07-01 18:00:00,7,18,24.21,0.0,-0.0,0.0,1.31,41.0
2022-07-01 19:00:00,7,19,22.45,0.0,-0.0,0.0,1.31,46.75
2022-07-01 20:00:00,7,20,21.48,0.0,-0.0,0.0,1.31,48.2
2022-07-01 21:00:00,7,21,20.78,0.0,-0.0,0.0,1.31,48.05
2022-07-01 22:00:00,7,22,21.44,0.0,-0.0,0.0,1.03,44.85
2022-07-01 23:00:00,7,23,21.6,0.0,-0.0,0.0,0.69,43.4
2022-07-02 00:00:00,7,0,21.16,0.0,-0.0,0.0,0.48,44.85
2022-07-02 01:00:00,7,1,20.93,0.0,-0.0,0.0,0.48,46.35
2022-07-02 02:00:00,7,2,20.68,5.0,0.0,5.0,0.69,46.35
2022-07-02 03:00:00,7,3,21.06,152.0,99.06,123.0,0.55,48.2
2022-07-02 04:00:00,7,4,23.18,389.0,463.06,169.0,0.34,37.9
2022-07-02 05:00:00,7,5,24.89,585.0,618.41,188.0,0.48,33.15
2022-07-02 06:00:00,7,6,26.46,749.0,694.38,206.0,1.17,31.2
2022-07-02 07:00:00,7,7,28.39,852.0,683.13,247.0,1.93,28.35
2022-07-02 08:00:00,7,8,29.68,937.0,745.38,232.0,2.48,26.75
2022-07-02 09:00:00,7,9,30.64,952.0,749.1,234.0,2.76,26.05
2022-07-02 10:00:00,7,10,31.3,920.0,759.71,219.0,2.9,25.25
2022-07-02 11:00:00,7,11,31.71,822.0,727.72,210.0,3.1,24.5
2022-07-02 12:00:00,7,12,31.75,667.0,641.31,206.0,3.24,24.5
2022-07-02 13:00:00,7,13,31.52,501.0,584.47,171.0,3.38,25.25
2022-07-02 14:00:00,7,14,30.92,274.0,293.19,160.0,3.38,26.05
2022-07-02 15:00:00,7,15,30.17,79.0,34.41,72.0,2.76,25.95
2022-07-02 16:00:00,7,16,28.95,0.0,0.0,0.0,2.0,29.55
2022-07-02 17:00:00,7,17,27.4,0.0,-0.0,0.0,2.0,31.5
2022-07-02 18:00:00,7,18,25.89,0.0,-0.0,0.0,2.14,35.9
2022-07-02 19:00:00,7,19,24.41,0.0,-0.0,0.0,1.72,42.5
2022-07-02 20:00:00,7,20,23.05,0.0,-0.0,0.0,1.79,47.0
2022-07-02 21:00:00,7,21,21.98,0.0,-0.0,0.0,1.72,53.75
2022-07-02 22:00:00,7,22,20.59,0.0,-0.0,0.0,1.66,57.45
2022-07-02 23:00:00,7,23,19.96,0.0,-0.0,0.0,1.31,63.6
2022-07-03 00:00:00,7,0,20.33,0.0,-0.0,0.0,1.03,61.5
2022-07-03 01:00:00,7,1,20.57,0.0,-0.0,0.0,0.83,59.5
2022-07-03 02:00:00,7,2,21.11,5.0,0.0,5.0,0.55,55.55
2022-07-03 03:00:00,7,3,21.25,19.0,0.0,19.0,0.34,57.55
2022-07-03 04:00:00,7,4,21.86,36.0,0.0,36.0,0.55,53.75
2022-07-03 05:00:00,7,5,22.88,84.0,0.0,84.0,0.76,50.3
2022-07-03 06:00:00,7,6,24.23,129.0,0.0,129.0,1.38,45.6
2022-07-03 07:00:00,7,7,24.91,357.0,11.3,347.0,2.69,44.15
2022-07-03 08:00:00,7,8,25.11,705.0,266.57,453.0,3.1,42.75
2022-07-03 09:00:00,7,9,25.19,782.0,375.73,422.0,3.17,41.25
2022-07-03 10:00:00,7,10,25.43,513.0,76.96,442.0,3.31,39.85
2022-07-03 11:00:00,7,11,25.85,467.0,79.68,400.0,3.31,38.55
2022-07-03 12:00:00,7,12,25.86,313.0,25.04,295.0,3.38,38.55
2022-07-03 13:00:00,7,13,25.65,191.0,5.31,188.0,3.1,38.55
2022-07-03 14:00:00,7,14,25.2,198.0,82.33,166.0,2.83,41.25
2022-07-03 15:00:00,7,15,24.64,92.0,73.81,77.0,2.62,42.65
2022-07-03 16:00:00,7,16,23.6,0.0,0.0,0.0,2.28,47.15
2022-07-03 17:00:00,7,17,22.38,0.0,-0.0,0.0,1.79,52.0
2022-07-03 18:00:00,7,18,21.13,0.0,-0.0,0.0,1.59,55.55
2022-07-03 19:00:00,7,19,19.91,0.0,-0.0,0.0,1.24,63.6
2022-07-03 20:00:00,7,20,18.87,0.0,-0.0,0.0,1.17,70.45
2022-07-03 21:00:00,7,21,18.49,0.0,-0.0,0.0,1.1,70.45
2022-07-03 22:00:00,7,22,18.35,0.0,-0.0,0.0,0.97,72.9
2022-07-03 23:00:00,7,23,18.48,0.0,-0.0,0.0,0.83,70.45
2022-07-04 00:00:00,7,0,18.43,0.0,-0.0,0.0,0.69,72.9
2022-07-04 01:00:00,7,1,18.19,0.0,-0.0,0.0,0.55,75.45
2022-07-04 02:00:00,7,2,18.2,5.0,0.0,5.0,0.34,75.45
2022-07-04 03:00:00,7,3,18.33,19.0,0.0,19.0,0.28,78.15
2022-07-04 04:00:00,7,4,19.32,36.0,0.0,36.0,0.41,73.05
2022-07-04 05:00:00,7,5,20.54,72.0,0.0,72.0,0.76,63.8
2022-07-04 06:00:00,7,6,22.01,174.0,0.0,174.0,1.38,55.8
2022-07-04 07:00:00,7,7,22.19,504.0,85.95,428.0,2.14,57.75
2022-07-04 08:00:00,7,8,23.4,817.0,458.3,384.0,2.07,54.1
2022-07-04 09:00:00,7,9,24.02,943.0,722.52,251.0,2.21,48.95
2022-07-04 10:00:00,7,10,24.6,861.0,608.3,300.0,2.34,45.75
2022-07-04 11:00:00,7,11,25.3,758.0,550.74,295.0,2.48,42.75
2022-07-04 12:00:00,7,12,26.12,661.0,619.24,216.0,2.62,38.7
2022-07-04 13:00:00,7,13,26.13,485.0,524.47,189.0,2.69,36.05
2022-07-04 14:00:00,7,14,26.05,306.0,435.03,137.0,2.62,33.55
2022-07-04 15:00:00,7,15,25.59,116.0,177.42,80.0,2.34,33.4
2022-07-04 16:00:00,7,16,24.59,0.0,0.0,0.0,1.72,35.65
2022-07-04 17:00:00,7,17,22.98,0.0,-0.0,0.0,0.76,46.85
2022-07-04 18:00:00,7,18,22.44,0.0,-0.0,0.0,0.69,43.5
2022-07-04 19:00:00,7,19,20.34,0.0,-0.0,0.0,1.24,51.5
2022-07-04 20:00:00,7,20,19.18,0.0,-0.0,0.0,1.38,55.05
2022-07-04 21:00:00,7,21,18.6,0.0,-0.0,0.0,1.24,56.95
2022-07-04 22:00:00,7,22,17.85,0.0,-0.0,0.0,1.17,60.95
2022-07-04 23:00:00,7,23,16.89,0.0,-0.0,0.0,1.17,63.05
2022-07-05 00:00:00,7,0,16.23,0.0,-0.0,0.0,1.17,65.25
2022-07-05 01:00:00,7,1,15.6,0.0,-0.0,0.0,1.24,70.0
2022-07-05 02:00:00,7,2,15.36,5.0,0.0,5.0,1.17,72.45
2022-07-05 03:00:00,7,3,17.43,19.0,0.0,19.0,0.83,65.45
2022-07-05 04:00:00,7,4,21.1,394.0,481.56,167.0,0.55,51.75
2022-07-05 05:00:00,7,5,23.44,616.0,701.37,168.0,0.48,42.25
2022-07-05 06:00:00,7,6,25.03,776.0,751.94,190.0,1.17,35.8
2022-07-05 07:00:00,7,7,26.37,893.0,774.18,209.0,1.93,33.55
2022-07-05 08:00:00,7,8,27.43,967.0,797.46,214.0,2.28,31.5
2022-07-05 09:00:00,7,9,28.21,983.0,801.17,216.0,2.48,30.5
2022-07-05 10:00:00,7,10,28.87,945.0,799.39,208.0,2.69,29.55
2022-07-05 11:00:00,7,11,29.22,840.0,756.73,204.0,2.9,29.7
2022-07-05 12:00:00,7,12,29.43,691.0,693.18,193.0,3.03,28.65
2022-07-05 13:00:00,7,13,29.32,511.0,604.43,170.0,3.1,28.65
2022-07-05 14:00:00,7,14,28.88,318.0,479.14,132.0,3.03,28.5
2022-07-05 15:00:00,7,15,28.07,130.0,256.78,78.0,2.48,29.4
2022-07-05 16:00:00,7,16,26.83,0.0,0.0,0.0,1.45,31.35
2022-07-05 17:00:00,7,17,25.51,0.0,-0.0,0.0,0.62,38.45
2022-07-05 18:00:00,7,18,25.46,0.0,-0.0,0.0,0.48,34.5
2022-07-05 19:00:00,7,19,21.4,0.0,-0.0,0.0,1.66,46.5
2022-07-05 20:00:00,7,20,19.4,0.0,-0.0,0.0,2.0,53.15
2022-07-05 21:00:00,7,21,18.09,0.0,-0.0,0.0,1.93,56.85
2022-07-05 22:00:00,7,22,17.19,0.0,-0.0,0.0,1.72,56.75
2022-07-05 23:00:00,7,23,16.65,0.0,-0.0,0.0,1.45,58.7
2022-07-06 00:00:00,7,0,16.2,0.0,-0.0,0.0,1.38,60.75
2022-07-06 01:00:00,7,1,15.83,0.0,-0.0,0.0,1.31,62.85
2022-07-06 02:00:00,7,2,15.97,5.0,0.0,5.0,1.17,62.95
2022-07-06 03:00:00,7,3,18.41,209.0,351.74,108.0,0.83,58.9
2022-07-06 04:00:00,7,4,22.01,424.0,608.44,138.0,0.48,46.75
2022-07-06 05:00:00,7,5,24.7,613.0,702.63,165.0,0.9,34.4
2022-07-06 06:00:00,7,6,26.27,766.0,734.87,194.0,1.93,30.1
2022-07-06 07:00:00,7,7,27.96,882.0,756.73,214.0,2.62,29.4
2022-07-06 08:00:00,7,8,29.04,956.0,778.89,221.0,3.38,29.55
2022-07-06 09:00:00,7,9,29.8,966.0,773.33,226.0,3.72,26.75
2022-07-06 10:00:00,7,10,30.37,929.0,771.47,218.0,4.0,25.95
2022-07-06 11:00:00,7,11,30.83,826.0,729.6,213.0,4.28,24.25
2022-07-06 12:00:00,7,12,30.58,671.0,640.51,211.0,4.48,24.25
2022-07-06 13:00:00,7,13,30.04,490.0,533.8,189.0,4.62,25.8
2022-07-06 14:00:00,7,14,29.13,294.0,373.87,149.0,4.55,27.6
2022-07-06 15:00:00,7,15,27.67,131.0,272.24,76.0,4.07,31.6
2022-07-06 16:00:00,7,16,25.94,0.0,0.0,0.0,3.38,38.55
2022-07-06 17:00:00,7,17,24.29,0.0,-0.0,0.0,2.62,45.6
2022-07-06 18:00:00,7,18,23.08,0.0,-0.0,0.0,2.14,50.45
2022-07-06 19:00:00,7,19,21.83,0.0,-0.0,0.0,2.0,59.7
2022-07-06 20:00:00,7,20,20.84,0.0,-0.0,0.0,1.66,66.05
2022-07-06 21:00:00,7,21,19.68,0.0,-0.0,0.0,1.17,73.15
2022-07-06 22:00:00,7,22,19.35,0.0,-0.0,0.0,1.1,78.3
2022-07-06 23:00:00,7,23,19.01,0.0,-0.0,0.0,1.1,78.3
2022-07-07 00:00:00,7,0,19.07,0.0,-0.0,0.0,0.9,81.05
2022-07-07 01:00:00,7,1,18.88,0.0,-0.0,0.0,0.76,83.8
2022-07-07 02:00:00,7,2,18.98,4.0,0.0,4.0,0.48,83.85
2022-07-07 03:00:00,7,3,18.95,18.0,0.0,18.0,0.55,86.75
2022-07-07 04:00:00,7,4,18.98,184.0,19.2,175.0,0.62,86.8
2022-07-07 05:00:00,7,5,19.63,388.0,141.42,298.0,0.9,83.9
2022-07-07 06:00:00,7,6,20.88,612.0,357.61,334.0,1.59,75.85
2022-07-07 07:00:00,7,7,22.13,764.0,488.69,333.0,1.93,71.05
2022-07-07 08:00:00,7,8,22.35,847.0,545.06,333.0,2.07,71.05
2022-07-07 09:00:00,7,9,23.02,875.0,580.29,320.0,2.28,64.3
2022-07-07 10:00:00,7,10,23.8,841.0,581.83,305.0,2.28,62.25
2022-07-07 11:00:00,7,11,24.07,589.0,223.84,401.0,2.07,58.2
2022-07-07 12:00:00,7,12,24.5,593.0,440.19,277.0,1.86,56.25
2022-07-07 13:00:00,7,13,24.94,362.0,186.32,257.0,1.66,52.6
2022-07-07 14:00:00,7,14,24.82,234.0,170.37,168.0,1.45,50.8
2022-07-07 15:00:00,7,15,24.64,78.0,39.71,70.0,1.1,49.05
2022-07-07 16:00:00,7,16,24.11,0.0,0.0,0.0,0.34,50.7
2022-07-07 17:00:00,7,17,23.75,0.0,-0.0,0.0,0.34,52.35
2022-07-07 18:00:00,7,18,22.29,0.0,-0.0,0.0,0.9,59.8
2022-07-07 19:00:00,7,19,20.26,0.0,-0.0,0.0,1.31,70.7
2022-07-07 20:00:00,7,20,19.36,0.0,-0.0,0.0,1.52,78.3
2022-07-07 21:00:00,7,21,18.43,0.0,-0.0,0.0,1.52,83.75
2022-07-07 22:00:00,7,22,18.4,0.0,-0.0,0.0,1.31,83.75
2022-07-07 23:00:00,7,23,18.04,0.0,-0.0,0.0,1.24,83.75
2022-07-08 00:00:00,7,0,17.71,0.0,-0.0,0.0,1.17,86.65
2022-07-08 01:00:00,7,1,17.78,0.0,-0.0,0.0,1.03,86.65
2022-07-08 02:00:00,7,2,17.61,4.0,0.0,4.0,1.03,86.65
2022-07-08 03:00:00,7,3,19.48,18.0,0.0,18.0,0.62,78.35
2022-07-08 04:00:00,7,4,21.96,89.0,0.0,89.0,0.34,66.25
2022-07-08 05:00:00,7,5,23.41,489.0,347.92,268.0,0.48,54.1
2022-07-08 06:00:00,7,6,24.94,699.0,573.19,254.0,1.03,44.15
2022-07-08 07:00:00,7,7,26.63,834.0,659.39,253.0,1.45,38.85
2022-07-08 08:00:00,7,8,27.79,910.0,692.94,257.0,1.93,36.45
2022-07-08 09:00:00,7,9,28.82,936.0,724.97,243.0,2.28,35.3
2022-07-08 10:00:00,7,10,29.74,894.0,712.41,238.0,2.55,33.15
2022-07-08 11:00:00,7,11,30.12,808.0,707.56,214.0,2.76,32.15
2022-07-08 12:00:00,7,12,30.4,663.0,643.91,201.0,2.83,31.0
2022-07-08 13:00:00,7,13,30.41,494.0,573.59,171.0,2.83,29.95
2022-07-08 14:00:00,7,14,29.89,300.0,418.73,138.0,2.69,29.8
2022-07-08 15:00:00,7,15,29.25,121.0,209.16,79.0,2.14,29.7
2022-07-08 16:00:00,7,16,28.24,0.0,0.0,0.0,1.17,32.75
2022-07-08 17:00:00,7,17,27.6,0.0,-0.0,0.0,0.48,32.75
2022-07-08 18:00:00,7,18,26.86,0.0,-0.0,0.0,0.83,34.9
2022-07-08 19:00:00,7,19,23.04,0.0,-0.0,0.0,1.59,43.75
2022-07-08 20:00:00,7,20,21.91,0.0,-0.0,0.0,1.52,46.6
2022-07-08 21:00:00,7,21,20.57,0.0,-0.0,0.0,1.52,51.65
2022-07-08 22:00:00,7,22,19.17,0.0,-0.0,0.0,1.45,57.1
2022-07-08 23:00:00,7,23,18.14,0.0,-0.0,0.0,1.38,61.05
2022-07-09 00:00:00,7,0,17.33,0.0,-0.0,0.0,1.31,65.45
2022-07-09 01:00:00,7,1,16.75,0.0,-0.0,0.0,1.31,67.75
2022-07-09 02:00:00,7,2,16.39,4.0,0.0,4.0,1.31,72.65
2022-07-09 03:00:00,7,3,18.61,135.0,74.36,114.0,1.03,65.65
2022-07-09 04:00:00,7,4,23.34,371.0,420.75,175.0,0.76,48.7
2022-07-09 05:00:00,7,5,26.27,573.0,596.27,195.0,0.34,36.05
2022-07-09 06:00:00,7,6,27.98,741.0,684.9,210.0,0.83,29.4
2022-07-09 07:00:00,7,7,29.67,859.0,713.43,231.0,1.45,28.75
2022-07-09 08:00:00,7,8,30.98,932.0,734.87,240.0,2.07,26.05
2022-07-09 09:00:00,7,9,31.98,953.0,753.66,233.0,2.69,25.4
2022-07-09 10:00:00,7,10,32.66,916.0,752.98,223.0,3.03,24.75
2022-07-09 11:00:00,7,11,33.0,824.0,731.76,210.0,3.24,25.65
2022-07-09 12:00:00,7,12,33.11,677.0,669.39,197.0,3.24,24.85
2022-07-09 13:00:00,7,13,33.01,502.0,590.09,170.0,3.17,25.65
2022-07-09 14:00:00,7,14,32.47,309.0,453.03,134.0,2.97,26.45
2022-07-09 15:00:00,7,15,31.61,127.0,249.92,77.0,2.41,28.25
2022-07-09 16:00:00,7,16,30.21,0.0,0.0,0.0,1.66,31.0
2022-07-09 17:00:00,7,17,28.13,0.0,-0.0,0.0,1.24,37.75
2022-07-09 18:00:00,7,18,27.77,0.0,-0.0,0.0,0.9,36.45
2022-07-09 19:00:00,7,19,25.56,0.0,-0.0,0.0,1.1,41.4
2022-07-09 20:00:00,7,20,23.67,0.0,-0.0,0.0,1.38,47.15
2022-07-09 21:00:00,7,21,22.29,0.0,-0.0,0.0,1.38,52.0
2022-07-09 22:00:00,7,22,21.7,0.0,-0.0,0.0,1.24,53.75
2022-07-09 23:00:00,7,23,21.67,0.0,-0.0,0.0,0.97,53.75
2022-07-10 00:00:00,7,0,21.64,0.0,-0.0,0.0,0.76,53.75
2022-07-10 01:00:00,7,1,21.28,0.0,-0.0,0.0,0.69,55.55
2022-07-10 02:00:00,7,2,20.95,4.0,0.0,4.0,0.55,57.45
2022-07-10 03:00:00,7,3,21.64,141.0,89.05,116.0,0.21,53.75
2022-07-10 04:00:00,7,4,24.31,364.0,398.41,179.0,0.14,48.95
2022-07-10 05:00:00,7,5,26.56,569.0,584.84,199.0,0.55,40.25
2022-07-10 06:00:00,7,6,28.44,736.0,672.95,215.0,1.24,36.45
2022-07-10 07:00:00,7,7,29.86,859.0,714.16,231.0,1.72,35.6
2022-07-10 08:00:00,7,8,31.2,937.0,749.26,232.0,2.55,33.55
2022-07-10 09:00:00,7,9,32.12,959.0,766.7,227.0,3.17,32.65
2022-07-10 10:00:00,7,10,32.77,917.0,754.48,223.0,3.45,33.95
2022-07-10 11:00:00,7,11,33.19,820.0,723.82,213.0,3.66,32.9
2022-07-10 12:00:00,7,12,33.41,673.0,660.08,200.0,3.66,31.8
2022-07-10 13:00:00,7,13,33.37,496.0,569.32,176.0,3.52,29.65
2022-07-10 14:00:00,7,14,32.87,304.0,427.89,139.0,3.38,28.5
2022-07-10 15:00:00,7,15,31.88,126.0,250.96,76.0,2.9,29.3
2022-07-10 16:00:00,7,16,30.3,0.0,0.0,0.0,2.28,31.0
2022-07-10 17:00:00,7,17,28.58,0.0,-0.0,0.0,1.52,32.9
2022-07-10 18:00:00,7,18,26.64,0.0,-0.0,0.0,1.17,38.85
2022-07-10 19:00:00,7,19,26.49,0.0,-0.0,0.0,0.83,40.1
2022-07-10 20:00:00,7,20,26.22,0.0,-0.0,0.0,0.62,38.7
2022-07-10 21:00:00,7,21,25.38,0.0,-0.0,0.0,0.55,42.75
2022-07-10 22:00:00,7,22,24.57,0.0,-0.0,0.0,0.62,44.15
2022-07-10 23:00:00,7,23,23.73,0.0,-0.0,0.0,0.69,47.15
2022-07-11 00:00:00,7,0,23.14,0.0,-0.0,0.0,0.48,48.7
2022-07-11 01:00:00,7,1,22.48,0.0,-0.0,0.0,0.28,52.0
2022-07-11 02:00:00,7,2,22.03,4.0,0.0,4.0,0.28,52.0
2022-07-11 03:00:00,7,3,22.36,153.0,129.02,117.0,0.34,53.85
2022-07-11 04:00:00,7,4,24.86,379.0,466.71,163.0,0.21,45.75
2022-07-11 05:00:00,7,5,26.96,574.0,612.99,187.0,0.48,38.85
2022-07-11 06:00:00,7,6,28.91,727.0,654.52,221.0,1.03,35.3
2022-07-11 07:00:00,7,7,30.59,849.0,694.42,239.0,2.0,33.4
2022-07-11 08:00:00,7,8,31.95,932.0,744.55,232.0,2.62,32.55
2022-07-11 09:00:00,7,9,32.94,948.0,748.35,234.0,3.03,31.65
2022-07-11 10:00:00,7,10,33.62,912.0,748.41,224.0,3.31,31.95
2022-07-11 11:00:00,7,11,34.14,815.0,717.12,214.0,3.52,32.05
2022-07-11 12:00:00,7,12,34.33,673.0,664.78,197.0,3.59,32.05
2022-07-11 13:00:00,7,13,34.1,493.0,562.84,177.0,3.66,31.95
2022-07-11 14:00:00,7,14,33.6,303.0,431.33,137.0,3.45,31.8
2022-07-11 15:00:00,7,15,32.79,121.0,221.86,77.0,2.83,32.8
2022-07-11 16:00:00,7,16,31.53,0.0,0.0,0.0,1.93,35.95
2022-07-11 17:00:00,7,17,30.05,0.0,-0.0,0.0,1.45,39.5
2022-07-11 18:00:00,7,18,29.77,0.0,-0.0,0.0,0.69,38.15
2022-07-11 19:00:00,7,19,28.68,0.0,-0.0,0.0,0.21,40.65
2022-07-11 20:00:00,7,20,27.86,0.0,-0.0,0.0,0.07,43.4
2022-07-11 21:00:00,7,21,27.04,0.0,-0.0,0.0,0.21,46.25
2022-07-11 22:00:00,7,22,26.28,0.0,-0.0,0.0,0.28,47.75
2022-07-11 23:00:00,7,23,25.59,0.0,-0.0,0.0,0.41,49.3
2022-07-12 00:00:00,7,0,24.88,0.0,-0.0,0.0,0.69,52.6
2022-07-12 01:00:00,7,1,24.38,0.0,-0.0,0.0,0.83,54.35
2022-07-12 02:00:00,7,2,23.44,4.0,0.0,4.0,0.97,58.0
2022-07-12 03:00:00,7,3,23.74,50.0,0.0,50.0,0.76,58.1
2022-07-12 04:00:00,7,4,26.61,324.0,271.0,199.0,0.41,53.1
2022-07-12 05:00:00,7,5,29.23,526.0,458.75,237.0,1.45,31.85
2022-07-12 06:00:00,7,6,30.51,701.0,579.06,254.0,2.34,27.85
2022-07-12 07:00:00,7,7,31.67,833.0,654.15,259.0,2.9,28.25
2022-07-12 08:00:00,7,8,32.77,914.0,701.53,255.0,3.45,27.55
2022-07-12 09:00:00,7,9,33.64,931.0,705.88,258.0,3.79,25.9
2022-07-12 10:00:00,7,10,34.41,890.0,694.48,252.0,4.0,25.1
2022-07-12 11:00:00,7,11,35.02,796.0,665.08,239.0,4.14,24.35
2022-07-12 12:00:00,7,12,35.2,657.0,616.43,216.0,4.21,22.8
2022-07-12 13:00:00,7,13,34.77,481.0,520.74,189.0,4.28,22.7
2022-07-12 14:00:00,7,14,33.7,291.0,380.18,145.0,4.21,24.1
2022-07-12 15:00:00,7,15,32.2,115.0,187.52,78.0,3.66,26.45
2022-07-12 16:00:00,7,16,30.35,0.0,0.0,0.0,3.03,29.95
2022-07-12 17:00:00,7,17,28.56,0.0,-0.0,0.0,2.21,32.9
2022-07-12 18:00:00,7,18,27.0,0.0,-0.0,0.0,1.59,37.5
2022-07-12 19:00:00,7,19,24.73,0.0,-0.0,0.0,1.52,44.15
2022-07-12 20:00:00,7,20,23.57,0.0,-0.0,0.0,1.31,47.15
2022-07-12 21:00:00,7,21,23.2,0.0,-0.0,0.0,1.17,48.7
2022-07-12 22:00:00,7,22,23.88,0.0,-0.0,0.0,0.9,47.15
2022-07-12 23:00:00,7,23,23.7,0.0,-0.0,0.0,0.76,47.15
2022-07-13 00:00:00,7,0,23.07,0.0,-0.0,0.0,0.9,47.0
2022-07-13 01:00:00,7,1,20.85,0.0,-0.0,0.0,1.24,55.45
2022-07-13 02:00:00,7,2,19.62,44.0,135.47,32.0,1.38,61.4
2022-07-13 03:00:00,7,3,21.51,116.0,43.56,104.0,0.83,53.75
2022-07-13 04:00:00,7,4,24.97,346.0,348.09,186.0,0.21,45.75
2022-07-13 05:00:00,7,5,27.16,545.0,523.39,216.0,0.83,33.8
2022-07-13 06:00:00,7,6,28.76,708.0,604.6,242.0,1.52,32.9
2022-07-13 07:00:00,7,7,30.54,842.0,681.13,245.0,2.34,31.0
2022-07-13 08:00:00,7,8,31.73,920.0,716.01,248.0,2.83,29.3
2022-07-13 09:00:00,7,9,32.68,936.0,720.05,250.0,3.31,28.5
2022-07-13 10:00:00,7,10,33.43,895.0,709.13,244.0,3.45,28.65
2022-07-13 11:00:00,7,11,34.06,800.0,678.73,232.0,3.38,26.8
2022-07-13 12:00:00,7,12,34.58,664.0,640.8,206.0,3.38,25.1
2022-07-13 13:00:00,7,13,34.68,486.0,541.11,183.0,3.45,23.5
2022-07-13 14:00:00,7,14,34.22,298.0,412.41,140.0,3.52,21.8
2022-07-13 15:00:00,7,15,33.02,122.0,234.43,76.0,3.1,22.2
2022-07-13 16:00:00,7,16,31.26,0.0,0.0,0.0,2.48,24.35
2022-07-13 17:00:00,7,17,29.45,0.0,-0.0,0.0,2.0,28.65
2022-07-13 18:00:00,7,18,27.62,0.0,-0.0,0.0,1.52,32.75
2022-07-13 19:00:00,7,19,25.52,0.0,-0.0,0.0,1.38,42.75
2022-07-13 20:00:00,7,20,25.52,0.0,-0.0,0.0,1.03,42.75
2022-07-13 21:00:00,7,21,25.46,0.0,-0.0,0.0,0.9,42.75
2022-07-13 22:00:00,7,22,25.18,0.0,-0.0,0.0,0.62,42.75
2022-07-13 23:00:00,7,23,24.5,0.0,-0.0,0.0,0.34,45.6
2022-07-14 00:00:00,7,0,23.85,0.0,-0.0,0.0,0.34,47.15
2022-07-14 01:00:00,7,1,23.24,0.0,-0.0,0.0,0.55,48.7
2022-07-14 02:00:00,7,2,22.68,42.0,127.09,31.0,0.69,50.3
2022-07-14 03:00:00,7,3,22.95,18.0,0.0,18.0,0.55,50.3
2022-07-14 04:00:00,7,4,25.38,34.0,0.0,34.0,0.07,45.9
2022-07-14 05:00:00,7,5,27.28,148.0,0.0,148.0,0.69,37.6
2022-07-14 06:00:00,7,6,29.04,507.0,175.43,372.0,1.45,36.6
2022-07-14 07:00:00,7,7,30.51,733.0,421.49,364.0,2.28,36.95
2022-07-14 08:00:00,7,8,31.83,870.0,597.22,310.0,2.76,33.7
2022-07-14 09:00:00,7,9,32.96,916.0,675.45,273.0,3.1,32.8
2022-07-14 10:00:00,7,10,33.83,811.0,506.91,346.0,3.31,30.85
2022-07-14 11:00:00,7,11,34.58,585.0,216.46,404.0,3.31,28.9
2022-07-14 12:00:00,7,12,35.17,308.0,22.41,292.0,3.38,24.5
2022-07-14 13:00:00,7,13,35.35,413.0,307.63,241.0,3.45,22.8
2022-07-14 14:00:00,7,14,34.96,251.0,227.68,164.0,3.45,21.15
2022-07-14 15:00:00,7,15,33.91,93.0,92.29,75.0,3.03,21.65
2022-07-14 16:00:00,7,16,32.21,0.0,0.0,0.0,2.48,22.9
2022-07-14 17:00:00,7,17,30.37,0.0,-0.0,0.0,1.86,25.95
2022-07-14 18:00:00,7,18,28.17,0.0,-0.0,0.0,1.45,32.75
2022-07-14 19:00:00,7,19,25.93,0.0,-0.0,0.0,1.59,38.55
2022-07-14 20:00:00,7,20,24.81,0.0,-0.0,0.0,1.52,39.7
2022-07-14 21:00:00,7,21,24.56,0.0,-0.0,0.0,1.38,39.7
2022-07-14 22:00:00,7,22,25.4,0.0,-0.0,0.0,0.97,37.1
2022-07-14 23:00:00,7,23,25.42,0.0,-0.0,0.0,0.69,37.1
2022-07-15 00:00:00,7,0,25.01,0.0,-0.0,0.0,0.69,39.7
2022-07-15 01:00:00,7,1,24.09,0.0,-0.0,0.0,0.97,42.5
2022-07-15 02:00:00,7,2,21.38,42.0,142.04,30.0,1.38,53.6
2022-07-15 03:00:00,7,3,21.51,149.0,128.8,114.0,1.24,57.65
2022-07-15 04:00:00,7,4,25.93,379.0,486.47,157.0,0.9,42.9
2022-07-15 05:00:00,7,5,28.63,574.0,626.48,182.0,0.48,32.9
2022-07-15 06:00:00,7,6,30.41,738.0,695.03,204.0,1.03,31.0
2022-07-15 07:00:00,7,7,32.17,867.0,747.94,213.0,2.69,28.4
2022-07-15 08:00:00,7,8,33.47,937.0,761.13,224.0,3.1,27.65
2022-07-15 09:00:00,7,9,34.51,949.0,752.77,233.0,3.52,26.0
2022-07-15 10:00:00,7,10,35.21,908.0,740.79,229.0,3.86,25.35
2022-07-15 11:00:00,7,11,35.48,807.0,696.66,225.0,4.14,25.35
2022-07-15 12:00:00,7,12,35.35,662.0,633.79,210.0,4.28,25.35
2022-07-15 13:00:00,7,13,34.71,492.0,567.91,175.0,4.28,25.25
2022-07-15 14:00:00,7,14,33.58,301.0,433.04,136.0,4.07,27.65
2022-07-15 15:00:00,7,15,31.98,122.0,242.56,75.0,3.38,31.4
2022-07-15 16:00:00,7,16,30.1,0.0,0.0,0.0,2.55,35.7
2022-07-15 17:00:00,7,17,28.41,0.0,-0.0,0.0,1.66,41.95
2022-07-15 18:00:00,7,18,26.58,0.0,-0.0,0.0,1.24,47.9
2022-07-15 19:00:00,7,19,25.55,0.0,-0.0,0.0,1.03,49.3
2022-07-15 20:00:00,7,20,26.04,0.0,-0.0,0.0,0.62,46.15
2022-07-15 21:00:00,7,21,25.41,0.0,-0.0,0.0,0.34,49.2
2022-07-15 22:00:00,7,22,24.76,0.0,-0.0,0.0,0.21,50.8
2022-07-15 23:00:00,7,23,24.22,0.0,-0.0,0.0,0.28,52.5
2022-07-16 00:00:00,7,0,23.64,0.0,-0.0,0.0,0.28,56.15
2022-07-16 01:00:00,7,1,22.9,0.0,-0.0,0.0,0.14,57.9
2022-07-16 02:00:00,7,2,22.29,40.0,133.55,29.0,0.21,59.8
2022-07-16 03:00:00,7,3,22.55,162.0,181.6,113.0,0.21,57.9
2022-07-16 04:00:00,7,4,25.05,378.0,492.69,154.0,0.21,50.95
2022-07-16 05:00:00,7,5,27.28,568.0,613.54,185.0,0.62,43.3
2022-07-16 06:00:00,7,6,29.18,735.0,692.27,204.0,1.03,38.0
2022-07-16 07:00:00,7,7,31.01,870.0,755.74,210.0,1.66,37.1
2022-07-16 08:00:00,7,8,32.47,940.0,769.37,220.0,2.14,33.8
2022-07-16 09:00:00,7,9,33.59,958.0,774.48,222.0,2.55,32.9
2022-07-16 10:00:00,7,10,34.38,911.0,751.26,223.0,2.83,30.95
2022-07-16 11:00:00,7,11,34.9,819.0,730.88,209.0,3.1,30.05
2022-07-16 12:00:00,7,12,35.09,668.0,657.03,200.0,3.31,29.05
2022-07-16 13:00:00,7,13,34.87,491.0,565.33,176.0,3.38,29.05
2022-07-16 14:00:00,7,14,34.29,306.0,465.95,129.0,3.1,28.9
2022-07-16 15:00:00,7,15,33.45,123.0,259.87,73.0,2.55,29.65
2022-07-16 16:00:00,7,16,32.15,0.0,0.0,0.0,1.79,31.55
2022-07-16 17:00:00,7,17,30.54,0.0,-0.0,0.0,1.24,36.95
2022-07-16 18:00:00,7,18,30.52,0.0,-0.0,0.0,0.76,35.7
2022-07-16 19:00:00,7,19,29.73,0.0,-0.0,0.0,0.62,38.15
2022-07-16 20:00:00,7,20,28.73,0.0,-0.0,0.0,0.83,40.65
2022-07-16 21:00:00,7,21,27.67,0.0,-0.0,0.0,0.9,43.4
2022-07-16 22:00:00,7,22,26.62,0.0,-0.0,0.0,0.97,46.25
2022-07-16 23:00:00,7,23,25.59,0.0,-0.0,0.0,0.9,49.3
2022-07-17 00:00:00,7,0,24.25,0.0,-0.0,0.0,0.9,54.35
2022-07-17 01:00:00,7,1,23.39,0.0,-0.0,0.0,0.97,60.05
2022-07-17 02:00:00,7,2,22.53,39.0,137.15,28.0,0.97,62.05
2022-07-17 03:00:00,7,3,24.08,153.0,153.06,112.0,0.55,56.25
2022-07-17 04:00:00,7,4,26.9,378.0,496.78,153.0,0.14,58.8
2022-07-17 05:00:00,7,5,29.74,569.0,616.64,185.0,0.83,39.5
2022-07-17 06:00:00,7,6,31.39,732.0,684.3,208.0,1.59,33.55
2022-07-17 07:00:00,7,7,32.8,862.0,739.5,217.0,2.21,31.65
2022-07-17 08:00:00,7,8,33.98,942.0,773.38,219.0,2.83,30.85
2022-07-17 09:00:00,7,9,34.92,955.0,767.82,226.0,3.24,30.05
2022-07-17 10:00:00,7,10,35.66,908.0,743.21,228.0,3.45,28.3
2022-07-17 11:00:00,7,11,36.12,812.0,712.45,218.0,3.59,28.3
2022-07-17 12:00:00,7,12,36.32,666.0,648.06,205.0,3.66,26.5
2022-07-17 13:00:00,7,13,36.15,494.0,580.81,171.0,3.59,25.6
2022-07-17 14:00:00,7,14,35.52,303.0,451.64,132.0,3.45,26.25
2022-07-17 15:00:00,7,15,34.4,122.0,261.85,72.0,2.97,26.95
2022-07-17 16:00:00,7,16,32.69,0.0,0.0,0.0,2.21,30.6
2022-07-17 17:00:00,7,17,30.88,0.0,-0.0,0.0,1.45,34.6
2022-07-17 18:00:00,7,18,28.75,0.0,-0.0,0.0,1.31,42.05
2022-07-17 19:00:00,7,19,27.16,0.0,-0.0,0.0,1.17,43.3
2022-07-17 20:00:00,7,20,26.97,0.0,-0.0,0.0,1.03,43.15
2022-07-17 21:00:00,7,21,27.2,0.0,-0.0,0.0,0.83,40.35
2022-07-17 22:00:00,7,22,26.54,0.0,-0.0,0.0,0.69,41.65
2022-07-17 23:00:00,7,23,25.81,0.0,-0.0,0.0,0.55,44.45
2022-07-18 00:00:00,7,0,25.05,0.0,-0.0,0.0,0.48,45.9
2022-07-18 01:00:00,7,1,24.24,0.0,-0.0,0.0,0.55,48.95
2022-07-18 02:00:00,7,2,23.43,37.0,128.21,27.0,0.76,52.25
2022-07-18 03:00:00,7,3,23.83,151.0,150.45,111.0,0.62,52.35
2022-07-18 04:00:00,7,4,26.46,376.0,494.29,153.0,0.21,56.7
2022-07-18 05:00:00,7,5,29.36,560.0,590.8,193.0,0.55,34.2
2022-07-18 06:00:00,7,6,31.16,725.0,668.48,214.0,1.03,29.15
2022-07-18 07:00:00,7,7,32.64,859.0,737.03,217.0,1.72,27.55
2022-07-18 08:00:00,7,8,34.03,934.0,760.29,224.0,2.21,26.8
2022-07-18 09:00:00,7,9,35.24,947.0,752.75,233.0,2.69,24.5
2022-07-18 10:00:00,7,10,36.15,906.0,740.65,229.0,2.97,23.05
2022-07-18 11:00:00,7,11,36.72,809.0,709.63,218.0,3.24,21.6
2022-07-18 12:00:00,7,12,37.02,660.0,633.5,210.0,3.38,21.6
2022-07-18 13:00:00,7,13,36.96,487.0,556.79,178.0,3.45,20.85
2022-07-18 14:00:00,7,14,36.53,301.0,447.93,132.0,3.38,20.75
2022-07-18 15:00:00,7,15,35.59,120.0,253.42,72.0,2.69,21.25
2022-07-18 16:00:00,7,16,34.04,0.0,0.0,0.0,1.79,23.25
2022-07-18 17:00:00,7,17,31.97,0.0,-0.0,0.0,1.1,29.3
2022-07-18 18:00:00,7,18,30.75,0.0,-0.0,0.0,1.1,30.05
2022-07-18 19:00:00,7,19,27.97,0.0,-0.0,0.0,1.38,37.75
2022-07-18 20:00:00,7,20,27.66,0.0,-0.0,0.0,1.17,36.45
2022-07-18 21:00:00,7,21,28.01,0.0,-0.0,0.0,0.76,36.45
2022-07-18 22:00:00,7,22,27.12,0.0,-0.0,0.0,0.34,37.6
2022-07-18 23:00:00,7,23,26.38,0.0,-0.0,0.0,0.21,40.1
2022-07-19 00:00:00,7,0,25.76,0.0,-0.0,0.0,0.41,41.4
2022-07-19 01:00:00,7,1,25.14,0.0,-0.0,0.0,0.62,42.75
2022-07-19 02:00:00,7,2,24.13,35.0,105.61,27.0,0.97,45.6
2022-07-19 03:00:00,7,3,23.52,119.0,60.64,103.0,1.03,52.35
2022-07-19 04:00:00,7,4,27.18,350.0,398.35,171.0,0.62,43.3
2022-07-19 05:00:00,7,5,29.84,544.0,548.72,204.0,0.41,33.15
2022-07-19 06:00:00,7,6,31.65,714.0,647.39,220.0,0.97,29.3
2022-07-19 07:00:00,7,7,32.99,847.0,716.19,224.0,1.72,28.5
2022-07-19 08:00:00,7,8,34.46,921.0,739.7,231.0,2.28,26.0
2022-07-19 09:00:00,7,9,35.76,939.0,745.07,233.0,2.69,22.95
2022-07-19 10:00:00,7,10,36.73,893.0,718.42,237.0,3.17,21.6
2022-07-19 11:00:00,7,11,37.35,793.0,675.61,231.0,3.59,20.25
2022-07-19 12:00:00,7,12,37.47,650.0,613.31,215.0,3.79,19.55
2022-07-19 13:00:00,7,13,37.03,385.0,243.8,250.0,3.93,20.85
2022-07-19 14:00:00,7,14,35.96,99.0,0.0,99.0,3.86,22.95
2022-07-19 15:00:00,7,15,34.39,126.0,292.91,71.0,3.24,26.95
2022-07-19 16:00:00,7,16,32.52,0.0,0.0,0.0,2.34,31.55
2022-07-19 17:00:00,7,17,30.82,0.0,-0.0,0.0,1.72,35.85
2022-07-19 18:00:00,7,18,29.21,0.0,-0.0,0.0,1.52,39.35
2022-07-19 19:00:00,7,19,27.03,0.0,-0.0,0.0,1.24,46.25
2022-07-19 20:00:00,7,20,26.76,0.0,-0.0,0.0,1.03,44.7
2022-07-19 21:00:00,7,21,27.16,0.0,-0.0,0.0,0.76,41.8
2022-07-19 22:00:00,7,22,26.66,0.0,-0.0,0.0,0.62,43.15
2022-07-19 23:00:00,7,23,26.12,0.0,-0.0,0.0,0.48,44.55
2022-07-20 00:00:00,7,0,25.67,0.0,-0.0,0.0,0.69,46.0
2022-07-20 01:00:00,7,1,24.42,0.0,-0.0,0.0,1.1,50.7
2022-07-20 02:00:00,7,2,22.9,32.0,95.28,25.0,1.31,55.9
2022-07-20 03:00:00,7,3,24.1,33.0,0.0,33.0,0.9,52.5
2022-07-20 04:00:00,7,4,27.09,198.0,40.22,180.0,0.62,43.3
2022-07-20 05:00:00,7,5,28.92,444.0,273.45,275.0,0.97,39.25
2022-07-20 06:00:00,7,6,30.53,656.0,496.28,278.0,1.45,35.7
2022-07-20 07:00:00,7,7,32.1,818.0,652.72,251.0,2.14,33.8
2022-07-20 08:00:00,7,8,33.5,886.0,661.14,270.0,2.62,32.9
2022-07-20 09:00:00,7,9,34.6,918.0,705.72,250.0,3.1,29.9
2022-07-20 10:00:00,7,10,35.41,878.0,693.98,245.0,3.52,28.15
2022-07-20 11:00:00,7,11,35.79,784.0,664.42,232.0,3.79,27.3
2022-07-20 12:00:00,7,12,35.61,641.0,601.59,215.0,4.0,28.15
2022-07-20 13:00:00,7,13,34.84,471.0,524.95,181.0,4.07,30.05
2022-07-20 14:00:00,7,14,33.59,286.0,400.67,136.0,4.07,32.9
2022-07-20 15:00:00,7,15,31.9,108.0,188.12,73.0,3.66,36.1
2022-07-20 16:00:00,7,16,30.15,0.0,0.0,0.0,2.62,39.65
2022-07-20 17:00:00,7,17,28.69,0.0,-0.0,0.0,1.93,45.05
2022-07-20 18:00:00,7,18,27.51,0.0,-0.0,0.0,1.59,48.0
2022-07-20 19:00:00,7,19,25.89,0.0,-0.0,0.0,1.31,52.85
2022-07-20 20:00:00,7,20,25.18,0.0,-0.0,0.0,0.97,54.55
2022-07-20 21:00:00,7,21,25.38,0.0,-0.0,0.0,0.83,52.75
2022-07-20 22:00:00,7,22,25.1,0.0,-0.0,0.0,0.62,52.75
2022-07-20 23:00:00,7,23,24.63,0.0,-0.0,0.0,0.41,54.45
2022-07-21 00:00:00,7,0,24.16,0.0,-0.0,0.0,0.28,56.25
2022-07-21 01:00:00,7,1,23.79,0.0,-0.0,0.0,0.14,58.1
2022-07-21 02:00:00,7,2,23.42,30.0,84.34,24.0,0.07,58.0
2022-07-21 03:00:00,7,3,23.66,47.0,0.0,47.0,0.14,58.1
2022-07-21 04:00:00,7,4,25.36,305.0,255.79,191.0,0.48,49.2
2022-07-21 05:00:00,7,5,27.05,507.0,449.38,230.0,1.03,41.8
2022-07-21 06:00:00,7,6,28.68,682.0,572.17,247.0,1.66,39.25
2022-07-21 07:00:00,7,7,30.39,820.0,662.88,245.0,2.28,35.7
2022-07-21 08:00:00,7,8,31.71,903.0,712.43,240.0,2.62,31.4
2022-07-21 09:00:00,7,9,32.79,920.0,717.08,242.0,2.83,29.55
2022-07-21 10:00:00,7,10,33.52,880.0,705.76,237.0,2.97,27.65
2022-07-21 11:00:00,7,11,34.03,781.0,661.69,232.0,3.24,26.8
2022-07-21 12:00:00,7,12,33.95,642.0,611.12,210.0,3.59,26.8
2022-07-21 13:00:00,7,13,33.53,469.0,520.82,182.0,3.72,27.65
2022-07-21 14:00:00,7,14,32.66,287.0,413.11,133.0,3.72,28.5
2022-07-21 15:00:00,7,15,31.26,106.0,184.55,72.0,3.38,32.4
2022-07-21 16:00:00,7,16,29.68,0.0,-0.0,0.0,2.48,36.85
2022-07-21 17:00:00,7,17,28.21,0.0,-0.0,0.0,1.52,41.95
2022-07-21 18:00:00,7,18,26.7,0.0,-0.0,0.0,1.17,46.25
2022-07-21 19:00:00,7,19,26.56,0.0,-0.0,0.0,0.69,44.7
2022-07-21 20:00:00,7,20,26.25,0.0,-0.0,0.0,0.69,46.15
2022-07-21 21:00:00,7,21,25.69,0.0,-0.0,0.0,0.83,47.65
2022-07-21 22:00:00,7,22,25.15,0.0,-0.0,0.0,0.83,49.2
2022-07-21 23:00:00,7,23,24.53,0.0,-0.0,0.0,0.83,50.8
2022-07-22 00:00:00,7,0,23.87,0.0,-0.0,0.0,0.76,54.2
2022-07-22 01:00:00,7,1,23.37,0.0,-0.0,0.0,0.76,56.0
2022-07-22 02:00:00,7,2,23.0,29.0,87.24,23.0,0.76,56.0
2022-07-22 03:00:00,7,3,23.24,16.0,0.0,16.0,0.34,56.0
2022-07-22 04:00:00,7,4,25.39,43.0,0.0,43.0,0.48,50.95
2022-07-22 05:00:00,7,5,27.17,491.0,401.79,244.0,1.38,41.8
2022-07-22 06:00:00,7,6,28.48,686.0,587.76,240.0,2.21,40.5
2022-07-22 07:00:00,7,7,30.37,811.0,639.61,257.0,2.55,36.95
2022-07-22 08:00:00,7,8,31.26,877.0,644.46,278.0,2.9,34.75
2022-07-22 09:00:00,7,9,32.35,901.0,666.03,272.0,3.1,32.65
2022-07-22 10:00:00,7,10,32.79,866.0,667.05,259.0,3.24,31.65
2022-07-22 11:00:00,7,11,33.0,763.0,610.72,257.0,3.52,31.65
2022-07-22 12:00:00,7,12,32.81,635.0,589.56,219.0,4.07,31.65
2022-07-22 13:00:00,7,13,31.97,453.0,465.8,197.0,3.86,34.9
2022-07-22 14:00:00,7,14,31.06,272.0,347.61,143.0,3.52,37.1
2022-07-22 15:00:00,7,15,29.99,104.0,175.51,72.0,2.9,40.9
2022-07-22 16:00:00,7,16,28.82,0.0,-0.0,0.0,1.86,43.55
2022-07-22 17:00:00,7,17,27.79,0.0,-0.0,0.0,1.52,46.5
2022-07-22 18:00:00,7,18,26.54,0.0,-0.0,0.0,1.24,49.55
2022-07-22 19:00:00,7,19,24.97,0.0,-0.0,0.0,1.17,58.35
2022-07-22 20:00:00,7,20,23.99,0.0,-0.0,0.0,1.17,62.25
2022-07-22 21:00:00,7,21,24.07,0.0,-0.0,0.0,0.97,58.2
2022-07-22 22:00:00,7,22,24.33,0.0,-0.0,0.0,0.76,58.2
2022-07-22 23:00:00,7,23,24.06,0.0,-0.0,0.0,0.41,58.2
2022-07-23 00:00:00,7,0,23.86,0.0,-0.0,0.0,0.34,60.15
2022-07-23 01:00:00,7,1,23.52,0.0,-0.0,0.0,0.48,60.15
2022-07-23 02:00:00,7,2,23.3,27.0,75.32,22.0,0.34,62.15
2022-07-23 03:00:00,7,3,23.5,16.0,0.0,16.0,0.14,64.3
2022-07-23 04:00:00,7,4,24.57,33.0,0.0,33.0,0.97,56.35
2022-07-23 05:00:00,7,5,25.81,99.0,0.0,99.0,1.86,51.05
2022-07-23 06:00:00,7,6,26.52,462.0,129.4,364.0,2.21,49.45
2022-07-23 07:00:00,7,7,27.53,745.0,477.54,332.0,2.55,48.0
2022-07-23 08:00:00,7,8,28.27,891.0,686.23,254.0,2.62,44.95
2022-07-23 09:00:00,7,9,28.69,924.0,732.56,233.0,2.48,43.55
2022-07-23 10:00:00,7,10,29.02,879.0,706.4,237.0,2.55,42.05
2022-07-23 11:00:00,7,11,29.33,788.0,688.98,218.0,2.83,40.75
2022-07-23 12:00:00,7,12,29.78,640.0,610.58,210.0,3.17,39.5
2022-07-23 13:00:00,7,13,29.84,467.0,521.85,181.0,3.24,39.5
2022-07-23 14:00:00,7,14,29.37,288.0,427.78,130.0,3.17,40.75
2022-07-23 15:00:00,7,15,28.81,100.0,160.82,71.0,3.03,43.55
2022-07-23 16:00:00,7,16,27.88,0.0,-0.0,0.0,2.34,46.5
2022-07-23 17:00:00,7,17,26.9,0.0,-0.0,0.0,2.0,49.55
2022-07-23 18:00:00,7,18,26.05,0.0,-0.0,0.0,1.59,52.95
2022-07-23 19:00:00,7,19,25.1,0.0,-0.0,0.0,1.17,58.45
2022-07-23 20:00:00,7,20,24.23,0.0,-0.0,0.0,1.03,64.5
2022-07-23 21:00:00,7,21,23.93,0.0,-0.0,0.0,0.83,66.65
2022-07-23 22:00:00,7,22,24.3,0.0,-0.0,0.0,0.48,64.5
2022-07-23 23:00:00,7,23,23.91,0.0,-0.0,0.0,0.14,66.65
2022-07-24 00:00:00,7,0,23.62,0.0,-0.0,0.0,0.14,66.65
2022-07-24 01:00:00,7,1,23.19,0.0,-0.0,0.0,0.21,68.85
2022-07-24 02:00:00,7,2,22.98,26.0,78.19,21.0,0.48,71.15
2022-07-24 03:00:00,7,3,22.06,16.0,0.0,16.0,1.03,76.1
2022-07-24 04:00:00,7,4,23.27,32.0,0.0,32.0,1.93,54.1
2022-07-24 05:00:00,7,5,23.93,157.0,0.0,157.0,2.0,47.15
2022-07-24 06:00:00,7,6,24.43,454.0,120.39,363.0,2.0,44.05
2022-07-24 07:00:00,7,7,25.15,744.0,477.12,332.0,2.07,42.75
2022-07-24 08:00:00,7,8,25.86,667.0,236.24,448.0,2.28,41.4
2022-07-24 09:00:00,7,9,25.93,886.0,635.83,287.0,2.55,41.4
2022-07-24 10:00:00,7,10,26.78,858.0,652.25,266.0,3.17,38.85
2022-07-24 11:00:00,7,11,26.1,765.0,624.68,249.0,3.24,40.1
2022-07-24 12:00:00,7,12,26.37,624.0,562.02,229.0,3.45,40.1
2022-07-24 13:00:00,7,13,25.87,320.0,126.27,251.0,3.38,41.4
2022-07-24 14:00:00,7,14,24.96,86.0,0.0,86.0,3.17,45.75
2022-07-24 15:00:00,7,15,23.68,76.0,56.11,66.0,2.83,50.55
2022-07-24 16:00:00,7,16,22.47,0.0,-0.0,0.0,2.14,57.75
2022-07-24 17:00:00,7,17,21.18,0.0,-0.0,0.0,1.38,66.15
2022-07-24 18:00:00,7,18,19.97,0.0,-0.0,0.0,1.03,83.9
2022-07-24 19:00:00,7,19,20.83,0.0,-0.0,0.0,1.17,89.9
2022-07-24 20:00:00,7,20,20.69,0.0,-0.0,0.0,1.03,89.9
2022-07-24 21:00:00,7,21,20.58,0.0,-0.0,0.0,0.83,89.9
2022-07-24 22:00:00,7,22,20.67,0.0,-0.0,0.0,0.62,92.95
2022-07-24 23:00:00,7,23,20.7,0.0,-0.0,0.0,0.62,92.95
2022-07-25 00:00:00,7,0,20.63,0.0,-0.0,0.0,0.76,92.95
2022-07-25 01:00:00,7,1,20.35,0.0,-0.0,0.0,0.9,92.95
2022-07-25 02:00:00,7,2,20.28,24.0,65.06,20.0,1.1,92.95
2022-07-25 03:00:00,7,3,20.17,16.0,0.0,16.0,1.1,92.95
2022-07-25 04:00:00,7,4,20.01,42.0,0.0,42.0,1.17,89.85
2022-07-25 05:00:00,7,5,19.71,112.0,0.0,112.0,1.31,92.9
2022-07-25 06:00:00,7,6,19.73,207.0,0.0,207.0,1.45,89.85
2022-07-25 07:00:00,7,7,22.33,451.0,59.15,400.0,2.14,68.7
2022-07-25 08:00:00,7,8,23.4,527.0,86.41,447.0,2.07,62.15
2022-07-25 09:00:00,7,9,24.46,348.0,5.31,343.0,1.93,58.2
2022-07-25 10:00:00,7,10,25.01,347.0,7.72,340.0,1.93,54.45
2022-07-25 11:00:00,7,11,25.37,0.0,0.0,0.0,1.79,52.75
2022-07-25 12:00:00,7,12,25.85,637.0,610.28,209.0,1.59,51.05
2022-07-25 13:00:00,7,13,25.79,466.0,530.54,177.0,1.66,51.05
2022-07-25 14:00:00,7,14,25.67,285.0,432.2,127.0,1.93,52.85
2022-07-25 15:00:00,7,15,25.16,105.0,210.17,68.0,2.07,54.55
2022-07-25 16:00:00,7,16,24.59,0.0,-0.0,0.0,1.72,56.35
2022-07-25 17:00:00,7,17,23.65,0.0,-0.0,0.0,1.31,62.25
2022-07-25 18:00:00,7,18,22.58,0.0,-0.0,0.0,0.9,68.75
2022-07-25 19:00:00,7,19,21.97,0.0,-0.0,0.0,0.83,76.0
2022-07-25 20:00:00,7,20,21.55,0.0,-0.0,0.0,0.9,76.0
2022-07-25 21:00:00,7,21,20.87,0.0,-0.0,0.0,1.03,81.2
2022-07-25 22:00:00,7,22,20.92,0.0,-0.0,0.0,0.9,81.2
2022-07-25 23:00:00,7,23,21.43,0.0,-0.0,0.0,0.62,75.95
2022-07-26 00:00:00,7,0,21.29,0.0,-0.0,0.0,0.62,75.95
2022-07-26 01:00:00,7,1,20.76,0.0,-0.0,0.0,0.83,78.5
2022-07-26 02:00:00,7,2,20.58,23.0,67.81,19.0,0.83,78.5
2022-07-26 03:00:00,7,3,21.36,15.0,0.0,15.0,0.48,78.55
2022-07-26 04:00:00,7,4,22.52,32.0,0.0,32.0,0.07,68.75
2022-07-26 05:00:00,7,5,23.85,141.0,0.0,141.0,0.83,62.25
2022-07-26 06:00:00,7,6,24.95,495.0,176.68,362.0,1.31,56.35
2022-07-26 07:00:00,7,7,25.81,706.0,397.33,364.0,1.38,56.6
2022-07-26 08:00:00,7,8,26.9,865.0,621.98,290.0,1.59,53.1
2022-07-26 09:00:00,7,9,28.09,918.0,720.54,241.0,1.79,49.8
2022-07-26 10:00:00,7,10,29.34,877.0,708.25,236.0,2.0,45.2
2022-07-26 11:00:00,7,11,29.95,778.0,664.44,231.0,2.41,43.8
2022-07-26 12:00:00,7,12,30.09,631.0,588.79,219.0,3.24,42.45
2022-07-26 13:00:00,7,13,29.21,461.0,512.02,183.0,3.52,45.2
2022-07-26 14:00:00,7,14,28.81,282.0,420.85,129.0,3.24,46.65
2022-07-26 15:00:00,7,15,27.96,84.0,97.83,67.0,2.55,48.15
2022-07-26 16:00:00,7,16,26.61,0.0,-0.0,0.0,1.52,53.1
2022-07-26 17:00:00,7,17,25.27,0.0,-0.0,0.0,0.48,62.55
2022-07-26 18:00:00,7,18,24.19,0.0,-0.0,0.0,0.97,62.35
2022-07-26 19:00:00,7,19,22.69,0.0,-0.0,0.0,1.24,68.75
2022-07-26 20:00:00,7,20,22.17,0.0,-0.0,0.0,1.17,68.7
2022-07-26 21:00:00,7,21,22.45,0.0,-0.0,0.0,0.97,68.7
2022-07-26 22:00:00,7,22,22.43,0.0,-0.0,0.0,0.69,68.7
2022-07-26 23:00:00,7,23,21.93,0.0,-0.0,0.0,0.48,71.0
2022-07-27 00:00:00,7,0,21.43,0.0,-0.0,0.0,0.34,73.35
2022-07-27 01:00:00,7,1,20.89,0.0,-0.0,0.0,0.21,75.85
2022-07-27 02:00:00,7,2,20.55,21.0,53.14,18.0,0.14,75.85
2022-07-27 03:00:00,7,3,20.81,15.0,0.0,15.0,0.07,75.85
2022-07-27 04:00:00,7,4,22.6,228.0,89.87,189.0,0.55,68.75
2022-07-27 05:00:00,7,5,24.45,328.0,85.79,276.0,0.83,60.25
2022-07-27 06:00:00,7,6,26.08,691.0,628.34,219.0,1.38,51.2
2022-07-27 07:00:00,7,7,27.52,818.0,684.27,230.0,2.14,51.45
2022-07-27 08:00:00,7,8,28.89,898.0,721.47,232.0,2.41,48.25
2022-07-27 09:00:00,7,9,29.97,926.0,749.27,223.0,2.55,45.35
2022-07-27 10:00:00,7,10,30.73,875.0,714.86,229.0,2.69,42.6
2022-07-27 11:00:00,7,11,30.88,776.0,670.51,225.0,2.9,44.05
2022-07-27 12:00:00,7,12,31.03,617.0,557.23,228.0,3.1,44.05
2022-07-27 13:00:00,7,13,30.56,455.0,504.54,182.0,3.38,45.45
2022-07-27 14:00:00,7,14,30.13,272.0,387.34,132.0,3.17,45.45
2022-07-27 15:00:00,7,15,29.32,102.0,210.03,66.0,2.41,48.4
2022-07-27 16:00:00,7,16,28.16,0.0,-0.0,0.0,1.66,53.35
2022-07-27 17:00:00,7,17,26.71,0.0,-0.0,0.0,1.1,58.8
2022-07-27 18:00:00,7,18,26.81,0.0,-0.0,0.0,0.34,56.85
2022-07-27 19:00:00,7,19,26.5,0.0,-0.0,0.0,0.41,58.7
2022-07-27 20:00:00,7,20,25.37,0.0,-0.0,0.0,1.03,62.55
2022-07-27 21:00:00,7,21,24.29,0.0,-0.0,0.0,1.1,66.75
2022-07-27 22:00:00,7,22,23.48,0.0,-0.0,0.0,1.17,71.25
2022-07-27 23:00:00,7,23,22.72,0.0,-0.0,0.0,1.17,73.6
2022-07-28 00:00:00,7,0,21.8,0.0,-0.0,0.0,1.17,78.65
2022-07-28 01:00:00,7,1,21.48,0.0,-0.0,0.0,1.1,78.55
2022-07-28 02:00:00,7,2,21.4,19.0,55.66,16.0,0.97,78.55
2022-07-28 03:00:00,7,3,22.79,15.0,0.0,15.0,0.55,73.6
2022-07-28 04:00:00,7,4,24.84,287.0,236.15,185.0,0.21,71.5
2022-07-28 05:00:00,7,5,26.96,505.0,481.54,214.0,0.83,56.85
2022-07-28 06:00:00,7,6,28.31,678.0,599.0,229.0,1.38,49.8
2022-07-28 07:00:00,7,7,29.64,813.0,679.61,230.0,1.79,43.8
2022-07-28 08:00:00,7,8,31.06,868.0,649.87,269.0,2.28,41.15
2022-07-28 09:00:00,7,9,31.93,890.0,668.18,264.0,2.76,40.0
2022-07-28 10:00:00,7,10,32.63,841.0,631.75,271.0,3.1,37.65
2022-07-28 11:00:00,7,11,33.13,753.0,615.69,248.0,3.38,36.5
2022-07-28 12:00:00,7,12,33.36,620.0,577.28,218.0,3.31,36.5
2022-07-28 13:00:00,7,13,32.75,453.0,508.22,179.0,3.72,38.95
2022-07-28 14:00:00,7,14,31.41,273.0,403.62,128.0,3.72,45.7
2022-07-28 15:00:00,7,15,30.06,90.0,147.98,65.0,3.1,51.9
2022-07-28 16:00:00,7,16,28.74,0.0,-0.0,0.0,1.66,55.3
2022-07-28 17:00:00,7,17,27.37,0.0,-0.0,0.0,1.31,60.9
2022-07-28 18:00:00,7,18,25.65,0.0,-0.0,0.0,1.38,67.05
2022-07-28 19:00:00,7,19,23.95,0.0,-0.0,0.0,1.52,76.3
2022-07-28 20:00:00,7,20,22.93,0.0,-0.0,0.0,1.38,81.45
2022-07-28 21:00:00,7,21,22.77,0.0,-0.0,0.0,1.1,81.45
2022-07-28 22:00:00,7,22,23.12,0.0,-0.0,0.0,0.9,78.85
2022-07-28 23:00:00,7,23,23.13,0.0,-0.0,0.0,0.76,78.85
2022-07-29 00:00:00,7,0,22.85,0.0,-0.0,0.0,0.62,81.45
2022-07-29 01:00:00,7,1,22.48,0.0,-0.0,0.0,0.48,84.15
2022-07-29 02:00:00,7,2,22.22,18.0,58.46,15.0,0.48,84.15
2022-07-29 03:00:00,7,3,22.42,15.0,0.0,15.0,0.55,84.15
2022-07-29 04:00:00,7,4,23.63,222.0,83.75,186.0,0.83,71.35
2022-07-29 05:00:00,7,5,25.07,429.0,267.23,268.0,1.1,62.55
2022-07-29 06:00:00,7,6,26.1,671.0,576.25,240.0,1.59,56.7
2022-07-29 07:00:00,7,7,27.25,686.0,367.84,371.0,1.93,49.7
2022-07-29 08:00:00,7,8,28.74,855.0,616.1,288.0,2.07,45.05
2022-07-29 09:00:00,7,9,29.88,908.0,713.02,241.0,2.28,42.3
2022-07-29 10:00:00,7,10,30.93,872.0,713.84,229.0,2.55,38.4
2022-07-29 11:00:00,7,11,31.66,772.0,669.43,224.0,2.97,36.1
2022-07-29 12:00:00,7,12,31.88,628.0,603.25,209.0,3.24,36.1
2022-07-29 13:00:00,7,13,31.52,454.0,512.0,179.0,3.31,37.25
2022-07-29 14:00:00,7,14,30.87,268.0,383.79,131.0,3.24,39.75
2022-07-29 15:00:00,7,15,29.7,96.0,186.3,65.0,2.9,43.8
2022-07-29 16:00:00,7,16,28.23,0.0,-0.0,0.0,2.41,49.8
2022-07-29 17:00:00,7,17,26.83,0.0,-0.0,0.0,1.45,54.95
2022-07-29 18:00:00,7,18,25.42,0.0,-0.0,0.0,1.1,62.55
2022-07-29 19:00:00,7,19,23.59,0.0,-0.0,0.0,1.17,68.95
2022-07-29 20:00:00,7,20,22.89,0.0,-0.0,0.0,1.17,73.6
2022-07-29 21:00:00,7,21,22.94,0.0,-0.0,0.0,0.97,73.6
2022-07-29 22:00:00,7,22,23.31,0.0,-0.0,0.0,0.48,71.25
2022-07-29 23:00:00,7,23,22.86,0.0,-0.0,0.0,0.21,73.6
2022-07-30 00:00:00,7,0,22.32,0.0,-0.0,0.0,0.21,76.1
2022-07-30 01:00:00,7,1,21.89,0.0,-0.0,0.0,0.21,78.65
2022-07-30 02:00:00,7,2,21.54,16.0,41.06,14.0,0.34,78.65
2022-07-30 03:00:00,7,3,21.64,19.0,0.0,19.0,0.28,78.65
2022-07-30 04:00:00,7,4,23.25,310.0,322.59,172.0,0.62,71.25
2022-07-30 05:00:00,7,5,25.04,497.0,466.18,217.0,1.03,58.45
2022-07-30 06:00:00,7,6,26.73,644.0,505.17,267.0,1.72,51.3
2022-07-30 07:00:00,7,7,28.48,803.0,655.11,243.0,2.14,51.55
2022-07-30 08:00:00,7,8,29.92,897.0,731.36,225.0,2.41,46.9
2022-07-30 09:00:00,7,9,31.09,861.0,596.37,304.0,2.62,42.7
2022-07-30 10:00:00,7,10,32.14,865.0,698.38,237.0,2.83,38.8
2022-07-30 11:00:00,7,11,32.67,774.0,679.38,219.0,3.1,37.65
2022-07-30 12:00:00,7,12,32.86,625.0,602.0,208.0,3.38,36.35
2022-07-30 13:00:00,7,13,32.51,456.0,528.97,173.0,3.45,37.5
2022-07-30 14:00:00,7,14,31.7,270.0,403.28,127.0,3.45,38.7
2022-07-30 15:00:00,7,15,30.48,93.0,183.2,63.0,3.24,43.95
2022-07-30 16:00:00,7,16,28.96,0.0,-0.0,0.0,2.55,49.95
2022-07-30 17:00:00,7,17,27.56,0.0,-0.0,0.0,1.59,51.55
2022-07-30 18:00:00,7,18,26.43,0.0,-0.0,0.0,1.17,56.7
2022-07-30 19:00:00,7,19,25.13,0.0,-0.0,0.0,0.97,62.55
2022-07-30 20:00:00,7,20,24.56,0.0,-0.0,0.0,0.97,62.45
2022-07-30 21:00:00,7,21,23.91,0.0,-0.0,0.0,1.1,66.65
2022-07-30 22:00:00,7,22,24.7,0.0,-0.0,0.0,0.62,62.45
2022-07-30 23:00:00,7,23,24.36,0.0,-0.0,0.0,0.41,64.5
2022-07-31 00:00:00,7,0,23.82,0.0,-0.0,0.0,0.69,66.65
2022-07-31 01:00:00,7,1,22.36,0.0,-0.0,0.0,0.97,76.1
2022-07-31 02:00:00,7,2,21.56,13.0,0.0,13.0,1.1,78.65
2022-07-31 03:00:00,7,3,21.91,14.0,0.0,14.0,0.83,84.1
2022-07-31 04:00:00,7,4,23.69,69.0,0.0,69.0,0.9,71.35
2022-07-31 05:00:00,7,5,25.27,212.0,8.35,207.0,0.69,60.45
2022-07-31 06:00:00,7,6,27.06,548.0,283.38,337.0,0.97,51.45
2022-07-31 07:00:00,7,7,29.51,623.0,262.53,399.0,1.79,45.2
2022-07-31 08:00:00,7,8,30.76,882.0,700.95,239.0,2.48,41.15
2022-07-31 09:00:00,7,9,31.54,895.0,692.79,249.0,3.17,41.3
2022-07-31 10:00:00,7,10,32.12,864.0,707.43,229.0,3.59,38.8
2022-07-31 11:00:00,7,11,32.39,747.0,613.37,247.0,3.93,38.8
2022-07-31 12:00:00,7,12,31.88,603.0,538.55,231.0,3.38,38.7
2022-07-31 13:00:00,7,13,31.79,373.0,264.63,232.0,3.38,38.7
2022-07-31 14:00:00,7,14,31.38,269.0,408.94,125.0,3.31,37.25
2022-07-31 15:00:00,7,15,30.39,88.0,155.25,63.0,2.97,39.65
2022-07-31 16:00:00,7,16,25.67,0.0,-0.0,0.0,1.07,51.84
2022-07-31 17:00:00,7,17,25.59,0.0,-0.0,0.0,1.06,52.66
2022-07-31 18:00:00,7,18,25.5,0.0,-0.0,0.0,1.06,53.47
2022-07-31 19:00:00,7,19,25.42,0.0,-0.0,0.0,1.05,54.28
2022-07-31 20:00:00,7,20,25.33,0.0,-0.0,0.0,1.05,55.1
2022-07-31 21:00:00,7,21,25.25,0.0,-0.0,0.0,1.04,55.91
2022-07-31 22:00:00,7,22,25.17,0.0,-0.0,0.0,1.04,56.72
2022-07-31 23:00:00,7,23,25.08,0.0,-0.0,0.0,1.03,57.54
2022-08-01 00:00:00,8,0,25.0,0.0,-0.0,0.0,1.03,58.35
2022-08-01 01:00:00,8,1,24.91,0.0,-0.0,0.0,1.02,59.16
2022-08-01 02:00:00,8,2,24.83,13.0,0.0,13.0,1.02,59.98
2022-08-01 03:00:00,8,3,24.75,106.0,63.89,91.0,1.01,60.79
2022-08-01 04:00:00,8,4,24.66,284.0,243.18,181.0,1.01,61.6
2022-08-01 05:00:00,8,5,24.58,361.0,140.74,277.0,1.0,62.42
2022-08-01 06:00:00,8,6,24.49,538.0,266.53,340.0,1.0,63.23
2022-08-01 07:00:00,8,7,24.41,707.0,427.41,343.0,0.99,64.04
2022-08-01 08:00:00,8,8,30.39,876.0,694.49,240.0,2.34,45.45
2022-08-01 09:00:00,8,9,31.62,919.0,768.08,204.0,2.69,41.4
2022-08-01 10:00:00,8,10,32.45,878.0,755.62,201.0,2.83,38.8
2022-08-01 11:00:00,8,11,33.17,773.0,699.57,204.0,3.03,36.5
2022-08-01 12:00:00,8,12,33.27,636.0,660.65,181.0,2.97,35.25
2022-08-01 13:00:00,8,13,33.0,459.0,567.35,158.0,2.97,36.35
2022-08-01 14:00:00,8,14,32.29,270.0,431.94,119.0,3.17,37.5
2022-08-01 15:00:00,8,15,31.21,91.0,195.94,60.0,2.97,39.9
2022-08-01 16:00:00,8,16,29.71,0.0,-0.0,0.0,2.21,43.8
2022-08-01 17:00:00,8,17,28.39,0.0,-0.0,0.0,1.24,48.15
2022-08-01 18:00:00,8,18,26.91,0.0,-0.0,0.0,0.9,53.1
2022-08-01 19:00:00,8,19,25.85,0.0,-0.0,0.0,0.9,54.7
2022-08-01 20:00:00,8,20,25.05,0.0,-0.0,0.0,1.03,56.5
2022-08-01 21:00:00,8,21,24.42,0.0,-0.0,0.0,1.1,60.25
2022-08-01 22:00:00,8,22,25.04,0.0,-0.0,0.0,0.83,54.55
2022-08-01 23:00:00,8,23,24.57,0.0,-0.0,0.0,0.41,58.35
2022-08-02 00:00:00,8,0,24.0,0.0,-0.0,0.0,0.07,62.25
2022-08-02 01:00:00,8,1,23.37,0.0,-0.0,0.0,0.21,64.3
2022-08-02 02:00:00,8,2,22.92,11.0,0.0,11.0,0.41,66.45
2022-08-02 03:00:00,8,3,22.94,70.0,8.61,68.0,0.34,68.75
2022-08-02 04:00:00,8,4,24.5,293.0,280.01,175.0,0.34,64.5
2022-08-02 05:00:00,8,5,26.53,498.0,487.45,208.0,0.55,52.95
2022-08-02 06:00:00,8,6,28.4,696.0,684.1,189.0,1.24,46.5
2022-08-02 07:00:00,8,7,30.27,825.0,739.99,196.0,2.14,45.45
2022-08-02 08:00:00,8,8,31.41,911.0,785.4,193.0,2.48,45.7
2022-08-02 09:00:00,8,9,32.69,924.0,780.18,199.0,2.69,41.65
2022-08-02 10:00:00,8,10,33.36,883.0,768.25,196.0,2.9,41.8
2022-08-02 11:00:00,8,11,33.95,786.0,736.93,188.0,3.24,39.2
2022-08-02 12:00:00,8,12,33.93,638.0,672.86,176.0,3.38,39.2
2022-08-02 13:00:00,8,13,33.35,460.0,579.35,154.0,3.45,40.4
2022-08-02 14:00:00,8,14,32.65,269.0,432.33,119.0,3.45,41.65
2022-08-02 15:00:00,8,15,31.57,91.0,206.06,59.0,3.03,45.7
2022-08-02 16:00:00,8,16,30.08,0.0,-0.0,0.0,2.41,48.65
2022-08-02 17:00:00,8,17,28.7,0.0,-0.0,0.0,1.52,53.45
2022-08-02 18:00:00,8,18,27.37,0.0,-0.0,0.0,1.1,58.9
2022-08-02 19:00:00,8,19,25.93,0.0,-0.0,0.0,1.03,62.65
2022-08-02 20:00:00,8,20,25.05,0.0,-0.0,0.0,1.1,64.7
2022-08-02 21:00:00,8,21,24.95,0.0,-0.0,0.0,0.97,66.85
2022-08-02 22:00:00,8,22,25.15,0.0,-0.0,0.0,0.55,64.7
2022-08-02 23:00:00,8,23,24.66,0.0,-0.0,0.0,0.69,66.85
2022-08-03 00:00:00,8,0,23.55,0.0,-0.0,0.0,0.9,73.75
2022-08-03 01:00:00,8,1,22.51,0.0,-0.0,0.0,1.03,78.75
2022-08-03 02:00:00,8,2,23.12,10.0,0.0,10.0,0.76,76.2
2022-08-03 03:00:00,8,3,23.35,14.0,0.0,14.0,0.41,78.85
2022-08-03 04:00:00,8,4,24.59,130.0,4.77,128.0,0.34,71.5
2022-08-03 05:00:00,8,5,26.43,400.0,222.6,268.0,0.83,60.7
2022-08-03 06:00:00,8,6,27.92,578.0,363.84,309.0,1.59,53.35
2022-08-03 07:00:00,8,7,29.8,679.0,379.56,357.0,2.62,51.9
2022-08-03 08:00:00,8,8,30.88,790.0,494.22,339.0,2.97,50.45
2022-08-03 09:00:00,8,9,32.05,879.0,678.09,250.0,2.83,47.4
2022-08-03 10:00:00,8,10,33.01,863.0,735.05,207.0,2.83,43.1
2022-08-03 11:00:00,8,11,33.55,768.0,704.12,198.0,3.38,41.8
2022-08-03 12:00:00,8,12,33.02,623.0,638.48,186.0,3.86,43.1
2022-08-03 13:00:00,8,13,32.71,448.0,545.9,161.0,3.66,41.65
2022-08-03 14:00:00,8,14,32.22,220.0,220.78,144.0,3.38,40.15
2022-08-03 15:00:00,8,15,31.34,93.0,236.38,57.0,2.76,38.55
2022-08-03 16:00:00,8,16,30.13,0.0,-0.0,0.0,2.0,39.65
2022-08-03 17:00:00,8,17,28.95,0.0,-0.0,0.0,1.45,43.55
2022-08-03 18:00:00,8,18,27.66,0.0,-0.0,0.0,1.24,44.95
2022-08-03 19:00:00,8,19,26.23,0.0,-0.0,0.0,0.9,47.75
2022-08-03 20:00:00,8,20,26.73,0.0,-0.0,0.0,0.34,46.25
2022-08-03 21:00:00,8,21,26.23,0.0,-0.0,0.0,0.34,47.75
2022-08-03 22:00:00,8,22,25.64,0.0,-0.0,0.0,0.41,49.3
2022-08-03 23:00:00,8,23,25.07,0.0,-0.0,0.0,0.21,50.95
2022-08-04 00:00:00,8,0,24.65,0.0,-0.0,0.0,0.14,54.45
2022-08-04 01:00:00,8,1,24.51,0.0,-0.0,0.0,0.28,54.45
2022-08-04 02:00:00,8,2,24.23,9.0,0.0,9.0,0.48,56.25
2022-08-04 03:00:00,8,3,24.2,14.0,0.0,14.0,0.41,56.25
2022-08-04 04:00:00,8,4,25.48,31.0,0.0,31.0,0.34,58.45
2022-08-04 05:00:00,8,5,27.72,236.0,16.92,226.0,0.83,37.75
2022-08-04 06:00:00,8,6,29.3,608.0,435.23,287.0,1.31,34.2
2022-08-04 07:00:00,8,7,30.96,787.0,641.36,244.0,1.79,32.25
2022-08-04 08:00:00,8,8,32.21,890.0,747.63,209.0,2.28,30.45
2022-08-04 09:00:00,8,9,33.18,908.0,753.88,210.0,2.69,29.65
2022-08-04 10:00:00,8,10,33.93,867.0,741.06,207.0,3.03,29.8
2022-08-04 11:00:00,8,11,34.4,775.0,721.99,192.0,3.24,28.9
2022-08-04 12:00:00,8,12,34.27,629.0,656.72,181.0,3.31,27.9
2022-08-04 13:00:00,8,13,34.13,446.0,540.89,163.0,3.31,27.9
2022-08-04 14:00:00,8,14,33.57,168.0,76.15,142.0,3.17,28.65
2022-08-04 15:00:00,8,15,32.61,86.0,194.36,57.0,2.55,29.55
2022-08-04 16:00:00,8,16,31.15,0.0,-0.0,0.0,1.93,32.4
2022-08-04 17:00:00,8,17,29.56,0.0,-0.0,0.0,1.17,38.0
2022-08-04 18:00:00,8,18,27.72,0.0,-0.0,0.0,1.03,41.95
2022-08-04 19:00:00,8,19,26.11,0.0,-0.0,0.0,1.17,46.15
2022-08-04 20:00:00,8,20,25.74,0.0,-0.0,0.0,1.03,47.65
2022-08-04 21:00:00,8,21,25.77,0.0,-0.0,0.0,0.9,47.65
2022-08-04 22:00:00,8,22,25.83,0.0,-0.0,0.0,0.69,47.65
2022-08-04 23:00:00,8,23,25.27,0.0,-0.0,0.0,0.48,49.2
2022-08-05 00:00:00,8,0,24.84,0.0,-0.0,0.0,0.34,50.8
2022-08-05 01:00:00,8,1,24.37,0.0,-0.0,0.0,0.34,50.7
2022-08-05 02:00:00,8,2,24.08,8.0,0.0,8.0,0.28,50.7
2022-08-05 03:00:00,8,3,24.0,25.0,0.0,25.0,0.21,54.2
2022-08-05 04:00:00,8,4,25.37,288.0,274.8,174.0,0.41,52.75
2022-08-05 05:00:00,8,5,27.38,506.0,527.99,195.0,0.9,38.95
2022-08-05 06:00:00,8,6,28.93,691.0,676.9,193.0,1.45,36.6
2022-08-05 07:00:00,8,7,30.41,821.0,733.81,201.0,1.93,34.5
2022-08-05 08:00:00,8,8,31.75,911.0,790.84,192.0,2.55,32.55
2022-08-05 09:00:00,8,9,32.8,924.0,785.63,198.0,2.97,30.6
2022-08-05 10:00:00,8,10,33.56,877.0,762.9,199.0,3.38,29.65
2022-08-05 11:00:00,8,11,33.88,780.0,731.31,191.0,3.59,28.75
2022-08-05 12:00:00,8,12,33.74,636.0,676.62,176.0,3.66,28.75
2022-08-05 13:00:00,8,13,33.5,459.0,591.61,151.0,3.52,28.65
2022-08-05 14:00:00,8,14,32.86,263.0,434.22,116.0,3.45,29.55
2022-08-05 15:00:00,8,15,31.82,85.0,198.58,56.0,2.76,31.4
2022-08-05 16:00:00,8,16,30.42,0.0,-0.0,0.0,2.28,34.5
2022-08-05 17:00:00,8,17,29.12,0.0,-0.0,0.0,1.52,36.7
2022-08-05 18:00:00,8,18,27.57,0.0,-0.0,0.0,1.17,40.5
2022-08-05 19:00:00,8,19,25.76,0.0,-0.0,0.0,1.17,51.05
2022-08-05 20:00:00,8,20,25.35,0.0,-0.0,0.0,1.03,52.75
2022-08-05 21:00:00,8,21,25.51,0.0,-0.0,0.0,0.9,52.75
2022-08-05 22:00:00,8,22,24.57,0.0,-0.0,0.0,0.97,54.45
2022-08-05 23:00:00,8,23,24.24,0.0,-0.0,0.0,0.9,58.2
2022-08-06 00:00:00,8,0,23.86,0.0,-0.0,0.0,0.83,60.15
2022-08-06 01:00:00,8,1,23.58,0.0,-0.0,0.0,0.76,60.15
2022-08-06 02:00:00,8,2,23.29,7.0,0.0,7.0,0.55,62.15
2022-08-06 03:00:00,8,3,23.31,83.0,26.96,77.0,0.21,64.3
2022-08-06 04:00:00,8,4,24.39,301.0,332.03,164.0,0.48,60.25
2022-08-06 05:00:00,8,5,25.89,509.0,553.65,184.0,1.17,54.7
2022-08-06 06:00:00,8,6,27.38,692.0,693.6,183.0,2.0,49.7
2022-08-06 07:00:00,8,7,28.72,827.0,759.08,187.0,1.93,48.25
2022-08-06 08:00:00,8,8,29.79,899.0,772.54,198.0,2.48,46.9
2022-08-06 09:00:00,8,9,30.81,907.0,754.66,211.0,2.97,44.05
2022-08-06 10:00:00,8,10,31.26,827.0,634.9,264.0,3.45,42.7
2022-08-06 11:00:00,8,11,31.58,756.0,672.28,216.0,3.52,39.9
2022-08-06 12:00:00,8,12,31.61,625.0,658.36,179.0,3.66,36.1
2022-08-06 13:00:00,8,13,31.47,438.0,519.38,169.0,3.72,34.75
2022-08-06 14:00:00,8,14,30.95,254.0,399.34,120.0,3.66,34.6
2022-08-06 15:00:00,8,15,29.82,50.0,28.02,46.0,2.83,38.15
2022-08-06 16:00:00,8,16,28.59,0.0,-0.0,0.0,2.0,42.05
2022-08-06 17:00:00,8,17,27.37,0.0,-0.0,0.0,1.38,46.4
2022-08-06 18:00:00,8,18,26.3,0.0,-0.0,0.0,1.59,52.95
2022-08-06 19:00:00,8,19,24.71,0.0,-0.0,0.0,1.66,62.45
2022-08-06 20:00:00,8,20,23.77,0.0,-0.0,0.0,1.59,68.95
2022-08-06 21:00:00,8,21,22.7,0.0,-0.0,0.0,1.45,73.6
2022-08-06 22:00:00,8,22,22.07,0.0,-0.0,0.0,1.38,76.1
2022-08-06 23:00:00,8,23,21.23,0.0,-0.0,0.0,1.38,84.05
2022-08-07 00:00:00,8,0,20.75,0.0,-0.0,0.0,1.24,86.9
2022-08-07 01:00:00,8,1,20.59,0.0,-0.0,0.0,1.03,84.05
2022-08-07 02:00:00,8,2,20.5,5.0,0.0,5.0,0.9,84.05
2022-08-07 03:00:00,8,3,20.63,13.0,0.0,13.0,0.97,84.05
2022-08-07 04:00:00,8,4,22.12,51.0,0.0,51.0,0.97,73.55
2022-08-07 05:00:00,8,5,23.38,308.0,76.93,263.0,1.24,66.55
2022-08-07 06:00:00,8,6,24.23,483.0,185.8,347.0,1.79,62.35
2022-08-07 07:00:00,8,7,27.21,535.0,150.95,408.0,2.34,48.0
2022-08-07 08:00:00,8,8,28.32,563.0,132.51,443.0,2.76,46.5
2022-08-07 09:00:00,8,9,29.35,543.0,103.22,448.0,2.97,42.2
2022-08-07 10:00:00,8,10,30.03,557.0,140.16,433.0,3.03,39.5
2022-08-07 11:00:00,8,11,30.42,532.0,183.52,385.0,3.24,38.3
2022-08-07 12:00:00,8,12,30.56,349.0,65.19,305.0,3.59,36.95
2022-08-07 13:00:00,8,13,30.22,281.0,97.06,231.0,3.93,36.95
2022-08-07 14:00:00,8,14,29.45,106.0,6.02,104.0,3.72,39.35
2022-08-07 15:00:00,8,15,28.38,47.0,21.52,44.0,3.1,41.95
2022-08-07 16:00:00,8,16,27.1,0.0,-0.0,0.0,2.62,43.3
2022-08-07 17:00:00,8,17,25.93,0.0,-0.0,0.0,2.34,49.3
2022-08-07 18:00:00,8,18,24.89,0.0,-0.0,0.0,2.07,54.45
2022-08-07 19:00:00,8,19,23.86,0.0,-0.0,0.0,1.52,58.1
2022-08-07 20:00:00,8,20,22.97,0.0,-0.0,0.0,1.31,64.2
2022-08-07 21:00:00,8,21,22.08,0.0,-0.0,0.0,1.17,66.35
2022-08-07 22:00:00,8,22,22.59,0.0,-0.0,0.0,0.76,62.05
2022-08-07 23:00:00,8,23,22.54,0.0,-0.0,0.0,0.55,62.05
2022-08-08 00:00:00,8,0,22.26,0.0,-0.0,0.0,0.48,64.1
2022-08-08 01:00:00,8,1,22.07,0.0,-0.0,0.0,0.69,64.1
2022-08-08 02:00:00,8,2,21.86,4.0,0.0,4.0,0.69,66.25
2022-08-08 03:00:00,8,3,21.89,13.0,0.0,13.0,0.55,66.25
2022-08-08 04:00:00,8,4,22.94,30.0,0.0,30.0,0.21,59.95
2022-08-08 05:00:00,8,5,24.64,184.0,1.72,183.0,0.62,49.05
2022-08-08 06:00:00,8,6,26.12,299.0,16.44,287.0,1.24,46.15
2022-08-08 07:00:00,8,7,27.34,516.0,128.65,408.0,2.0,43.3
2022-08-08 08:00:00,8,8,29.22,743.0,402.77,379.0,2.48,39.35
2022-08-08 09:00:00,8,9,30.03,771.0,433.34,373.0,2.9,38.15
2022-08-08 10:00:00,8,10,30.74,748.0,454.32,347.0,3.03,35.85
2022-08-08 11:00:00,8,11,30.75,660.0,425.69,320.0,3.38,35.85
2022-08-08 12:00:00,8,12,30.8,343.0,59.49,303.0,3.45,35.85
2022-08-08 13:00:00,8,13,30.5,214.0,25.38,201.0,3.45,35.7
2022-08-08 14:00:00,8,14,30.22,62.0,0.0,62.0,3.52,35.7
2022-08-08 15:00:00,8,15,29.26,54.0,51.48,47.0,3.1,38.0
2022-08-08 16:00:00,8,16,27.85,0.0,-0.0,0.0,2.9,40.5
2022-08-08 17:00:00,8,17,26.5,0.0,-0.0,0.0,2.07,46.15
2022-08-08 18:00:00,8,18,25.31,0.0,-0.0,0.0,1.17,49.2
2022-08-08 19:00:00,8,19,23.93,0.0,-0.0,0.0,1.31,58.1
2022-08-08 20:00:00,8,20,22.73,0.0,-0.0,0.0,1.24,64.2
2022-08-08 21:00:00,8,21,21.73,0.0,-0.0,0.0,1.24,68.6
2022-08-08 22:00:00,8,22,21.58,0.0,-0.0,0.0,1.03,68.6
2022-08-08 23:00:00,8,23,22.1,0.0,-0.0,0.0,0.83,66.35
2022-08-09 00:00:00,8,0,21.75,0.0,-0.0,0.0,0.83,68.6
2022-08-09 01:00:00,8,1,21.19,0.0,-0.0,0.0,0.97,70.9
2022-08-09 02:00:00,8,2,20.8,0.0,0.0,0.0,0.97,73.3
2022-08-09 03:00:00,8,3,21.6,13.0,0.0,13.0,0.69,68.6
2022-08-09 04:00:00,8,4,22.78,30.0,0.0,30.0,0.97,62.05
2022-08-09 05:00:00,8,5,23.83,69.0,0.0,69.0,1.24,58.1
2022-08-09 06:00:00,8,6,24.59,246.0,2.75,244.0,1.72,54.45
2022-08-09 07:00:00,8,7,25.73,376.0,25.07,355.0,2.0,52.85
2022-08-09 08:00:00,8,8,26.68,485.0,65.42,426.0,2.28,47.9
2022-08-09 09:00:00,8,9,27.25,628.0,195.32,449.0,2.28,46.4
2022-08-09 10:00:00,8,10,28.03,667.0,295.29,407.0,2.14,44.95
2022-08-09 11:00:00,8,11,28.12,572.0,249.9,373.0,2.21,44.95
2022-08-09 12:00:00,8,12,28.22,473.0,247.86,307.0,2.41,44.95
2022-08-09 13:00:00,8,13,27.85,327.0,188.47,231.0,2.41,44.95
2022-08-09 14:00:00,8,14,27.44,233.0,328.12,126.0,2.14,46.4
2022-08-09 15:00:00,8,15,26.91,80.0,226.48,50.0,1.79,47.9
2022-08-09 16:00:00,8,16,26.2,0.0,-0.0,0.0,1.38,49.45
2022-08-09 17:00:00,8,17,25.27,0.0,-0.0,0.0,1.17,54.55
2022-08-09 18:00:00,8,18,24.17,0.0,-0.0,0.0,1.1,60.25
2022-08-09 19:00:00,8,19,23.07,0.0,-0.0,0.0,1.1,60.05
2022-08-09 20:00:00,8,20,22.35,0.0,-0.0,0.0,1.1,66.35
2022-08-09 21:00:00,8,21,21.84,0.0,-0.0,0.0,1.03,68.6
2022-08-09 22:00:00,8,22,21.72,0.0,-0.0,0.0,0.97,68.6
2022-08-09 23:00:00,8,23,21.9,0.0,-0.0,0.0,0.83,68.6
2022-08-10 00:00:00,8,0,21.53,0.0,-0.0,0.0,0.9,68.6
2022-08-10 01:00:00,8,1,20.91,0.0,-0.0,0.0,0.9,70.8
2022-08-10 02:00:00,8,2,20.97,0.0,0.0,0.0,0.83,70.8
2022-08-10 03:00:00,8,3,20.92,110.0,117.67,85.0,0.55,70.8
2022-08-10 04:00:00,8,4,22.57,325.0,473.32,134.0,0.14,66.45
2022-08-10 05:00:00,8,5,24.39,536.0,666.97,150.0,0.62,52.5
2022-08-10 06:00:00,8,6,25.92,699.0,725.76,172.0,1.24,49.3
2022-08-10 07:00:00,8,7,27.46,829.0,774.22,182.0,1.72,44.8
2022-08-10 08:00:00,8,8,28.84,906.0,798.98,187.0,2.21,42.05
2022-08-10 09:00:00,8,9,29.96,914.0,783.01,198.0,2.55,38.15
2022-08-10 10:00:00,8,10,30.96,866.0,759.46,199.0,2.83,35.85
2022-08-10 11:00:00,8,11,31.44,768.0,728.07,190.0,3.17,34.75
2022-08-10 12:00:00,8,12,31.48,615.0,647.66,183.0,3.38,33.55
2022-08-10 13:00:00,8,13,31.24,434.0,541.14,160.0,3.45,33.55
2022-08-10 14:00:00,8,14,30.42,247.0,412.05,114.0,3.31,35.7
2022-08-10 15:00:00,8,15,29.25,71.0,170.73,49.0,2.76,39.35
2022-08-10 16:00:00,8,16,27.87,0.0,-0.0,0.0,2.14,43.4
2022-08-10 17:00:00,8,17,26.57,0.0,-0.0,0.0,1.52,47.9
2022-08-10 18:00:00,8,18,25.03,0.0,-0.0,0.0,1.17,54.55
2022-08-10 19:00:00,8,19,23.57,0.0,-0.0,0.0,1.03,62.25
2022-08-10 20:00:00,8,20,23.24,0.0,-0.0,0.0,0.97,64.3
2022-08-10 21:00:00,8,21,23.73,0.0,-0.0,0.0,0.55,62.25
2022-08-10 22:00:00,8,22,23.22,0.0,-0.0,0.0,0.21,64.3
2022-08-10 23:00:00,8,23,22.73,0.0,-0.0,0.0,0.07,66.45
2022-08-11 00:00:00,8,0,22.27,0.0,-0.0,0.0,0.21,68.7
2022-08-11 01:00:00,8,1,21.75,0.0,-0.0,0.0,0.21,71.0
2022-08-11 02:00:00,8,2,21.37,0.0,0.0,0.0,0.21,73.35
2022-08-11 03:00:00,8,3,21.41,25.0,0.0,25.0,0.14,75.95
2022-08-11 04:00:00,8,4,22.84,282.0,296.6,163.0,0.48,68.75
2022-08-11 05:00:00,8,5,24.38,498.0,554.96,178.0,1.03,62.35
2022-08-11 06:00:00,8,6,26.01,674.0,672.53,187.0,1.79,56.6
2022-08-11 07:00:00,8,7,27.33,808.0,740.05,191.0,2.55,56.95
2022-08-11 08:00:00,8,8,28.09,884.0,765.11,197.0,3.03,57.05
2022-08-11 09:00:00,8,9,28.59,897.0,759.6,204.0,3.1,53.45
2022-08-11 10:00:00,8,10,29.52,845.0,720.34,214.0,2.9,51.8
2022-08-11 11:00:00,8,11,30.04,744.0,676.05,209.0,2.76,48.5
2022-08-11 12:00:00,8,12,29.93,601.0,623.29,187.0,2.62,46.9
2022-08-11 13:00:00,8,13,30.54,423.0,516.65,163.0,2.48,43.95
2022-08-11 14:00:00,8,14,30.08,237.0,378.86,116.0,2.41,43.95
2022-08-11 15:00:00,8,15,29.4,65.0,143.81,47.0,2.21,46.75
2022-08-11 16:00:00,8,16,28.27,0.0,-0.0,0.0,1.79,49.8
2022-08-11 17:00:00,8,17,27.02,0.0,-0.0,0.0,1.38,53.1
2022-08-11 18:00:00,8,18,25.68,0.0,-0.0,0.0,1.17,58.55
2022-08-11 19:00:00,8,19,24.69,0.0,-0.0,0.0,0.9,60.35
2022-08-11 20:00:00,8,20,24.8,0.0,-0.0,0.0,0.69,62.45
2022-08-11 21:00:00,8,21,24.45,0.0,-0.0,0.0,0.48,64.5
2022-08-11 22:00:00,8,22,23.96,0.0,-0.0,0.0,0.48,66.65
2022-08-11 23:00:00,8,23,23.45,0.0,-0.0,0.0,0.41,68.85
2022-08-12 00:00:00,8,0,23.07,0.0,-0.0,0.0,0.41,71.25
2022-08-12 01:00:00,8,1,22.67,0.0,-0.0,0.0,0.34,73.6
2022-08-12 02:00:00,8,2,22.43,0.0,0.0,0.0,0.34,76.1
2022-08-12 03:00:00,8,3,22.48,12.0,0.0,12.0,0.34,76.1
2022-08-12 04:00:00,8,4,23.49,248.0,185.52,174.0,0.14,76.2
2022-08-12 05:00:00,8,5,24.89,478.0,478.7,203.0,0.76,69.15
2022-08-12 06:00:00,8,6,26.81,498.0,220.19,339.0,1.38,58.8
2022-08-12 07:00:00,8,7,27.25,734.0,531.42,292.0,2.0,60.9
2022-08-12 08:00:00,8,8,28.48,877.0,746.76,208.0,2.41,59.0
2022-08-12 09:00:00,8,9,29.48,889.0,737.23,218.0,2.55,55.4
2022-08-12 10:00:00,8,10,29.98,750.0,472.74,337.0,2.9,51.9
2022-08-12 11:00:00,8,11,30.5,709.0,571.78,258.0,2.83,47.0
2022-08-12 12:00:00,8,12,31.12,518.0,367.43,275.0,2.48,41.3
2022-08-12 13:00:00,8,13,31.6,184.0,12.0,178.0,2.28,34.9
2022-08-12 14:00:00,8,14,31.54,75.0,0.0,75.0,2.0,31.3
2022-08-12 15:00:00,8,15,30.89,47.0,41.19,42.0,1.52,31.15
2022-08-12 16:00:00,8,16,29.56,0.0,-0.0,0.0,1.17,34.2
2022-08-12 17:00:00,8,17,27.43,0.0,-0.0,0.0,1.38,37.6
2022-08-12 18:00:00,8,18,25.38,0.0,-0.0,0.0,1.31,45.9
2022-08-12 19:00:00,8,19,23.65,0.0,-0.0,0.0,1.45,50.55
2022-08-12 20:00:00,8,20,22.8,0.0,-0.0,0.0,1.38,55.9
2022-08-12 21:00:00,8,21,22.58,0.0,-0.0,0.0,1.17,57.9
2022-08-12 22:00:00,8,22,23.53,0.0,-0.0,0.0,0.83,54.2
2022-08-12 23:00:00,8,23,22.95,0.0,-0.0,0.0,0.69,57.9
2022-08-13 00:00:00,8,0,22.45,0.0,-0.0,0.0,0.69,59.8
2022-08-13 01:00:00,8,1,21.95,0.0,-0.0,0.0,0.83,61.85
2022-08-13 02:00:00,8,2,20.83,0.0,0.0,0.0,0.97,66.05
2022-08-13 03:00:00,8,3,20.4,36.0,0.0,36.0,0.9,68.3
2022-08-13 04:00:00,8,4,22.78,281.0,292.53,165.0,0.34,66.45
2022-08-13 05:00:00,8,5,25.91,501.0,553.9,184.0,0.14,44.45
2022-08-13 06:00:00,8,6,27.79,678.0,669.4,196.0,1.03,39.1
2022-08-13 07:00:00,8,7,29.62,809.0,726.77,206.0,1.86,39.5
2022-08-13 08:00:00,8,8,30.92,889.0,764.16,206.0,2.48,37.1
2022-08-13 09:00:00,8,9,31.99,902.0,754.44,217.0,2.97,36.1
2022-08-13 10:00:00,8,10,32.71,863.0,756.41,204.0,3.31,33.95
2022-08-13 11:00:00,8,11,33.27,755.0,697.11,207.0,3.45,32.9
2022-08-13 12:00:00,8,12,33.67,607.0,631.84,191.0,3.45,29.8
2022-08-13 13:00:00,8,13,33.75,425.0,527.38,163.0,3.45,26.8
2022-08-13 14:00:00,8,14,33.22,235.0,384.22,115.0,3.38,25.75
2022-08-13 15:00:00,8,15,31.93,60.0,136.12,44.0,2.69,26.3
2022-08-13 16:00:00,8,16,29.98,0.0,-0.0,0.0,2.21,29.8
2022-08-13 17:00:00,8,17,28.31,0.0,-0.0,0.0,1.59,32.75
2022-08-13 18:00:00,8,18,26.24,0.0,-0.0,0.0,1.38,38.7
2022-08-13 19:00:00,8,19,24.77,0.0,-0.0,0.0,1.31,47.4
2022-08-13 20:00:00,8,20,24.47,0.0,-0.0,0.0,1.1,48.95
2022-08-13 21:00:00,8,21,25.12,0.0,-0.0,0.0,0.83,45.9
2022-08-13 22:00:00,8,22,24.38,0.0,-0.0,0.0,0.55,50.7
2022-08-13 23:00:00,8,23,23.73,0.0,-0.0,0.0,0.55,52.35
2022-08-14 00:00:00,8,0,23.16,0.0,-0.0,0.0,0.48,54.1
2022-08-14 01:00:00,8,1,22.58,0.0,-0.0,0.0,0.48,55.9
2022-08-14 02:00:00,8,2,21.97,0.0,0.0,0.0,0.62,59.7
2022-08-14 03:00:00,8,3,21.2,53.0,4.95,52.0,0.83,63.9
2022-08-14 04:00:00,8,4,23.3,297.0,362.78,154.0,0.34,64.3
2022-08-14 05:00:00,8,5,26.52,519.0,627.94,161.0,0.14,44.55
2022-08-14 06:00:00,8,6,28.48,691.0,711.74,180.0,0.83,37.75
2022-08-14 07:00:00,8,7,30.16,820.0,757.58,193.0,1.79,35.7
2022-08-14 08:00:00,8,8,31.46,896.0,781.68,199.0,2.41,33.55
2022-08-14 09:00:00,8,9,32.51,909.0,774.0,208.0,2.83,32.65
2022-08-14 10:00:00,8,10,33.34,865.0,760.86,204.0,3.17,31.8
2022-08-14 11:00:00,8,11,33.79,760.0,716.14,199.0,3.24,30.85
2022-08-14 12:00:00,8,12,33.97,610.0,648.5,185.0,3.24,30.85
2022-08-14 13:00:00,8,13,33.84,429.0,553.25,156.0,3.17,29.8
2022-08-14 14:00:00,8,14,33.26,235.0,395.25,113.0,2.97,29.65
2022-08-14 15:00:00,8,15,32.16,60.0,149.64,43.0,2.21,30.45
2022-08-14 16:00:00,8,16,30.55,0.0,-0.0,0.0,1.66,33.3
2022-08-14 17:00:00,8,17,28.8,0.0,-0.0,0.0,1.17,36.6
2022-08-14 18:00:00,8,18,27.61,0.0,-0.0,0.0,1.03,37.75
2022-08-14 19:00:00,8,19,27.25,0.0,-0.0,0.0,0.9,38.95
2022-08-14 20:00:00,8,20,26.46,0.0,-0.0,0.0,0.9,41.55
2022-08-14 21:00:00,8,21,25.51,0.0,-0.0,0.0,0.9,45.9
2022-08-14 22:00:00,8,22,24.87,0.0,-0.0,0.0,0.83,47.4
2022-08-14 23:00:00,8,23,24.28,0.0,-0.0,0.0,0.69,48.95
2022-08-15 00:00:00,8,0,23.65,0.0,-0.0,0.0,0.62,52.35
2022-08-15 01:00:00,8,1,22.93,0.0,-0.0,0.0,0.62,55.9
2022-08-15 02:00:00,8,2,22.2,0.0,0.0,0.0,0.76,57.75
2022-08-15 03:00:00,8,3,22.03,56.0,5.01,55.0,0.69,57.75
2022-08-15 04:00:00,8,4,23.78,295.0,359.88,154.0,0.14,66.65
2022-08-15 05:00:00,8,5,27.16,522.0,644.48,156.0,0.41,41.8
2022-08-15 06:00:00,8,6,29.21,692.0,719.44,177.0,0.97,36.7
2022-08-15 07:00:00,8,7,31.02,821.0,766.78,188.0,1.79,34.6
2022-08-15 08:00:00,8,8,32.38,903.0,801.58,190.0,2.48,32.65
2022-08-15 09:00:00,8,9,33.35,910.0,785.95,200.0,2.97,31.8
2022-08-15 10:00:00,8,10,33.96,861.0,759.63,203.0,3.17,33.05
2022-08-15 11:00:00,8,11,34.44,757.0,713.59,200.0,3.38,33.2
2022-08-15 12:00:00,8,12,34.52,606.0,645.46,185.0,3.45,33.2
2022-08-15 13:00:00,8,13,34.21,425.0,550.99,155.0,3.31,33.2
2022-08-15 14:00:00,8,14,33.58,231.0,393.53,111.0,2.97,34.05
2022-08-15 15:00:00,8,15,32.51,56.0,136.87,41.0,2.14,35.0
2022-08-15 16:00:00,8,16,30.96,0.0,-0.0,0.0,1.52,38.4
2022-08-15 17:00:00,8,17,29.37,0.0,-0.0,0.0,1.1,42.2
2022-08-15 18:00:00,8,18,29.43,0.0,-0.0,0.0,0.69,40.75
2022-08-15 19:00:00,8,19,28.65,0.0,-0.0,0.0,0.69,43.55
2022-08-15 20:00:00,8,20,27.58,0.0,-0.0,0.0,0.83,44.95
2022-08-15 21:00:00,8,21,26.74,0.0,-0.0,0.0,0.9,47.9
2022-08-15 22:00:00,8,22,26.28,0.0,-0.0,0.0,0.83,49.45
2022-08-15 23:00:00,8,23,25.46,0.0,-0.0,0.0,0.69,54.55
2022-08-16 00:00:00,8,0,24.73,0.0,-0.0,0.0,0.62,56.35
2022-08-16 01:00:00,8,1,24.14,0.0,-0.0,0.0,0.62,58.2
2022-08-16 02:00:00,8,2,23.47,0.0,0.0,0.0,0.62,62.15
2022-08-16 03:00:00,8,3,23.43,51.0,5.08,50.0,0.62,64.3
2022-08-16 04:00:00,8,4,24.95,304.0,410.89,144.0,0.21,71.5
2022-08-16 05:00:00,8,5,28.13,511.0,611.67,165.0,0.41,46.5
2022-08-16 06:00:00,8,6,30.14,685.0,708.99,179.0,0.97,38.3
2022-08-16 07:00:00,8,7,31.86,814.0,755.42,192.0,1.66,37.35
2022-08-16 08:00:00,8,8,33.23,895.0,790.07,194.0,2.28,34.05
2022-08-16 09:00:00,8,9,34.28,907.0,784.7,200.0,2.83,33.2
2022-08-16 10:00:00,8,10,34.95,858.0,758.44,203.0,3.24,34.45
2022-08-16 11:00:00,8,11,35.37,753.0,712.37,199.0,3.52,33.45
2022-08-16 12:00:00,8,12,35.38,603.0,644.0,185.0,3.59,33.45
2022-08-16 13:00:00,8,13,35.17,419.0,536.46,158.0,3.45,32.3
2022-08-16 14:00:00,8,14,34.69,227.0,388.55,110.0,3.31,30.05
2022-08-16 15:00:00,8,15,33.65,39.0,0.0,39.0,2.41,29.8
2022-08-16 16:00:00,8,16,32.06,0.0,-0.0,0.0,1.66,31.4
2022-08-16 17:00:00,8,17,30.25,0.0,-0.0,0.0,1.03,35.7
2022-08-16 18:00:00,8,18,29.82,0.0,-0.0,0.0,0.76,35.6
2022-08-16 19:00:00,8,19,28.92,0.0,-0.0,0.0,0.83,37.9
2022-08-16 20:00:00,8,20,28.22,0.0,-0.0,0.0,0.83,39.1
2022-08-16 21:00:00,8,21,27.31,0.0,-0.0,0.0,0.76,41.8
2022-08-16 22:00:00,8,22,26.54,0.0,-0.0,0.0,0.69,43.15
2022-08-16 23:00:00,8,23,25.94,0.0,-0.0,0.0,0.62,47.65
2022-08-17 00:00:00,8,0,25.33,0.0,-0.0,0.0,0.62,49.2
2022-08-17 01:00:00,8,1,24.73,0.0,-0.0,0.0,0.55,50.8
2022-08-17 02:00:00,8,2,24.16,0.0,-0.0,0.0,0.55,54.35
2022-08-17 03:00:00,8,3,23.91,39.0,0.0,39.0,0.62,56.15
2022-08-17 04:00:00,8,4,24.8,293.0,377.27,147.0,0.28,66.85
2022-08-17 05:00:00,8,5,28.07,492.0,555.55,179.0,0.55,43.4
2022-08-17 06:00:00,8,6,29.95,666.0,660.57,196.0,1.38,39.5
2022-08-17 07:00:00,8,7,31.18,792.0,705.07,213.0,2.28,39.9
2022-08-17 08:00:00,8,8,32.34,881.0,769.5,200.0,2.76,40.15
2022-08-17 09:00:00,8,9,33.35,893.0,762.34,208.0,3.24,39.05
2022-08-17 10:00:00,8,10,34.16,839.0,721.3,218.0,3.52,36.75
2022-08-17 11:00:00,8,11,34.85,740.0,689.27,206.0,3.66,34.45
2022-08-17 12:00:00,8,12,35.39,591.0,622.48,189.0,3.59,29.15
2022-08-17 13:00:00,8,13,35.34,407.0,505.24,163.0,3.59,23.65
2022-08-17 14:00:00,8,14,34.46,220.0,366.72,111.0,3.59,22.55
2022-08-17 15:00:00,8,15,32.95,38.0,0.0,38.0,3.03,23.85
2022-08-17 16:00:00,8,16,30.86,0.0,-0.0,0.0,2.28,28.0
2022-08-17 17:00:00,8,17,29.27,0.0,-0.0,0.0,1.72,33.05
2022-08-17 18:00:00,8,18,27.7,0.0,-0.0,0.0,1.52,36.45
2022-08-17 19:00:00,8,19,25.85,0.0,-0.0,0.0,1.17,44.45
2022-08-17 20:00:00,8,20,25.89,0.0,-0.0,0.0,0.9,44.45
2022-08-17 21:00:00,8,21,25.3,0.0,-0.0,0.0,0.9,45.9
2022-08-17 22:00:00,8,22,24.76,0.0,-0.0,0.0,0.83,49.05
2022-08-17 23:00:00,8,23,24.21,0.0,-0.0,0.0,0.83,50.7
2022-08-18 00:00:00,8,0,23.57,0.0,-0.0,0.0,0.62,52.35
2022-08-18 01:00:00,8,1,23.01,0.0,-0.0,0.0,0.28,54.1
2022-08-18 02:00:00,8,2,22.55,0.0,-0.0,0.0,0.21,55.9
2022-08-18 03:00:00,8,3,22.35,12.0,0.0,12.0,0.34,57.75
2022-08-18 04:00:00,8,4,23.31,226.0,143.02,171.0,0.07,71.25
2022-08-18 05:00:00,8,5,26.27,313.0,96.23,259.0,0.41,44.55
2022-08-18 06:00:00,8,6,28.22,173.0,0.0,173.0,1.03,40.5
2022-08-18 07:00:00,8,7,30.11,756.0,598.31,266.0,1.79,39.65
2022-08-18 08:00:00,8,8,31.56,850.0,679.76,250.0,2.41,37.25
2022-08-18 09:00:00,8,9,32.6,911.0,803.53,191.0,3.03,33.95
2022-08-18 10:00:00,8,10,33.46,851.0,756.23,202.0,3.45,32.9
2022-08-18 11:00:00,8,11,33.91,733.0,668.64,217.0,3.66,30.85
2022-08-18 12:00:00,8,12,34.24,588.0,616.37,192.0,3.59,26.95
2022-08-18 13:00:00,8,13,34.17,400.0,481.97,169.0,3.17,23.4
2022-08-18 14:00:00,8,14,33.43,217.0,364.86,110.0,2.9,20.8
2022-08-18 15:00:00,8,15,32.17,36.0,0.0,36.0,2.48,19.8
2022-08-18 16:00:00,8,16,30.35,0.0,-0.0,0.0,1.79,20.85
2022-08-18 17:00:00,8,17,28.59,0.0,-0.0,0.0,1.31,22.9
2022-08-18 18:00:00,8,18,26.6,0.0,-0.0,0.0,1.31,27.1
2022-08-18 19:00:00,8,19,24.94,0.0,-0.0,0.0,1.38,31.95
2022-08-18 20:00:00,8,20,24.55,0.0,-0.0,0.0,1.24,31.95
2022-08-18 21:00:00,8,21,25.01,0.0,-0.0,0.0,0.9,31.95
2022-08-18 22:00:00,8,22,24.75,0.0,-0.0,0.0,0.62,33.15
2022-08-18 23:00:00,8,23,24.08,0.0,-0.0,0.0,0.55,34.25
2022-08-19 00:00:00,8,0,23.4,0.0,-0.0,0.0,0.41,37.9
2022-08-19 01:00:00,8,1,22.77,0.0,-0.0,0.0,0.34,39.15
2022-08-19 02:00:00,8,2,22.29,0.0,-0.0,0.0,0.34,41.95
2022-08-19 03:00:00,8,3,22.06,11.0,0.0,11.0,0.48,41.95
2022-08-19 04:00:00,8,4,23.14,57.0,0.0,57.0,0.07,56.0
2022-08-19 05:00:00,8,5,26.45,424.0,325.68,242.0,0.48,34.8
2022-08-19 06:00:00,8,6,28.47,684.0,715.64,178.0,0.9,31.6
2022-08-19 07:00:00,8,7,30.46,800.0,721.19,211.0,1.59,32.15
2022-08-19 08:00:00,8,8,31.87,865.0,715.67,235.0,2.28,30.35
2022-08-19 09:00:00,8,9,32.74,871.0,691.66,253.0,2.97,30.6
2022-08-19 10:00:00,8,10,33.14,340.0,9.35,332.0,3.59,31.8
2022-08-19 11:00:00,8,11,33.45,577.0,278.42,363.0,3.79,31.8
2022-08-19 12:00:00,8,12,33.31,574.0,564.89,213.0,3.72,29.65
2022-08-19 13:00:00,8,13,33.2,403.0,498.38,166.0,3.59,26.7
2022-08-19 14:00:00,8,14,32.65,216.0,373.42,108.0,3.17,23.85
2022-08-19 15:00:00,8,15,31.51,32.0,0.0,32.0,2.62,22.65
2022-08-19 16:00:00,8,16,29.73,0.0,-0.0,0.0,2.14,22.3
2022-08-19 17:00:00,8,17,28.35,0.0,-0.0,0.0,1.52,23.6
2022-08-19 18:00:00,8,18,26.49,0.0,-0.0,0.0,1.59,26.95
2022-08-19 19:00:00,8,19,24.55,0.0,-0.0,0.0,1.31,33.15
2022-08-19 20:00:00,8,20,24.07,0.0,-0.0,0.0,1.1,34.25
2022-08-19 21:00:00,8,21,24.25,0.0,-0.0,0.0,0.97,34.25
2022-08-19 22:00:00,8,22,23.91,0.0,-0.0,0.0,0.76,35.4
2022-08-19 23:00:00,8,23,23.15,0.0,-0.0,0.0,0.62,37.9
2022-08-20 00:00:00,8,0,22.42,0.0,-0.0,0.0,0.69,41.95
2022-08-20 01:00:00,8,1,21.77,0.0,-0.0,0.0,0.62,44.95
2022-08-20 02:00:00,8,2,21.01,0.0,-0.0,0.0,0.76,46.5
2022-08-20 03:00:00,8,3,20.2,96.0,118.1,74.0,0.83,51.5
2022-08-20 04:00:00,8,4,21.67,330.0,568.94,114.0,0.28,64.0
2022-08-20 05:00:00,8,5,26.11,525.0,679.24,147.0,0.34,36.05
2022-08-20 06:00:00,8,6,28.18,692.0,739.23,171.0,1.17,32.75
2022-08-20 07:00:00,8,7,29.94,819.0,776.03,187.0,2.0,32.0
2022-08-20 08:00:00,8,8,31.29,896.0,800.8,193.0,2.55,28.15
2022-08-20 09:00:00,8,9,32.29,902.0,782.37,205.0,3.17,27.4
2022-08-20 10:00:00,8,10,33.01,842.0,726.06,223.0,3.66,27.55
2022-08-20 11:00:00,8,11,33.45,637.0,406.29,326.0,4.0,26.7
2022-08-20 12:00:00,8,12,33.62,586.0,615.19,195.0,4.14,25.0
2022-08-20 13:00:00,8,13,33.34,392.0,466.37,172.0,4.21,23.15
2022-08-20 14:00:00,8,14,32.38,236.0,501.58,93.0,4.14,22.9
2022-08-20 15:00:00,8,15,30.94,28.0,0.0,28.0,3.52,24.25
2022-08-20 16:00:00,8,16,28.91,0.0,-0.0,0.0,2.76,28.5
2022-08-20 17:00:00,8,17,27.21,0.0,-0.0,0.0,2.07,32.65
2022-08-20 18:00:00,8,18,25.68,0.0,-0.0,0.0,1.66,39.95
2022-08-20 19:00:00,8,19,23.5,0.0,-0.0,0.0,1.52,48.8
2022-08-20 20:00:00,8,20,22.4,0.0,-0.0,0.0,1.31,55.8
2022-08-20 21:00:00,8,21,22.68,0.0,-0.0,0.0,1.03,54.0
2022-08-20 22:00:00,8,22,22.93,0.0,-0.0,0.0,0.62,55.9
2022-08-20 23:00:00,8,23,22.41,0.0,-0.0,0.0,0.41,57.75
2022-08-21 00:00:00,8,0,21.93,0.0,-0.0,0.0,0.34,59.7
2022-08-21 01:00:00,8,1,21.44,0.0,-0.0,0.0,0.21,61.7
2022-08-21 02:00:00,8,2,21.04,0.0,-0.0,0.0,0.14,61.7
2022-08-21 03:00:00,8,3,20.85,11.0,0.0,11.0,0.14,61.6
2022-08-21 04:00:00,8,4,22.0,184.0,63.63,160.0,0.07,59.8
2022-08-21 05:00:00,8,5,24.14,489.0,563.02,177.0,0.48,48.95
2022-08-21 06:00:00,8,6,26.07,657.0,643.43,205.0,1.03,43.05
2022-08-21 07:00:00,8,7,28.07,786.0,700.69,217.0,1.59,40.5
2022-08-21 08:00:00,8,8,29.54,870.0,751.65,212.0,2.21,38.0
2022-08-21 09:00:00,8,9,30.62,871.0,713.79,237.0,2.9,34.6
2022-08-21 10:00:00,8,10,31.43,822.0,687.37,238.0,3.45,34.75
2022-08-21 11:00:00,8,11,31.75,717.0,641.54,228.0,3.79,33.7
2022-08-21 12:00:00,8,12,31.86,558.0,537.97,218.0,3.93,32.55
2022-08-21 13:00:00,8,13,31.57,386.0,461.69,170.0,3.93,32.4
2022-08-21 14:00:00,8,14,30.77,191.0,270.55,115.0,3.86,32.25
2022-08-21 15:00:00,8,15,29.39,27.0,0.0,27.0,3.45,35.45
2022-08-21 16:00:00,8,16,27.53,0.0,-0.0,0.0,3.03,41.8
2022-08-21 17:00:00,8,17,25.95,0.0,-0.0,0.0,2.28,47.65
2022-08-21 18:00:00,8,18,24.64,0.0,-0.0,0.0,1.66,50.8
2022-08-21 19:00:00,8,19,23.27,0.0,-0.0,0.0,1.52,58.0
2022-08-21 20:00:00,8,20,21.77,0.0,-0.0,0.0,1.31,64.0
2022-08-21 21:00:00,8,21,21.05,0.0,-0.0,0.0,1.17,66.15
2022-08-21 22:00:00,8,22,20.76,0.0,-0.0,0.0,1.03,68.4
2022-08-21 23:00:00,8,23,20.91,0.0,-0.0,0.0,0.83,68.4
2022-08-22 00:00:00,8,0,20.65,0.0,-0.0,0.0,0.62,70.8
2022-08-22 01:00:00,8,1,20.23,0.0,-0.0,0.0,0.21,73.2
2022-08-22 02:00:00,8,2,19.97,0.0,-0.0,0.0,0.0,73.2
2022-08-22 03:00:00,8,3,19.88,11.0,0.0,11.0,0.14,75.7
2022-08-22 04:00:00,8,4,20.79,259.0,269.56,158.0,0.0,75.85
2022-08-22 05:00:00,8,5,23.31,467.0,489.33,197.0,0.41,54.1
2022-08-22 06:00:00,8,6,25.39,645.0,615.59,214.0,1.1,45.9
2022-08-22 07:00:00,8,7,27.29,773.0,670.64,230.0,1.86,40.35
2022-08-22 08:00:00,8,8,28.7,866.0,748.09,213.0,2.41,36.6
2022-08-22 09:00:00,8,9,29.81,876.0,738.58,222.0,2.9,33.15
2022-08-22 10:00:00,8,10,30.65,826.0,712.25,223.0,3.31,31.15
2022-08-22 11:00:00,8,11,31.04,721.0,666.74,215.0,3.52,30.05
2022-08-22 12:00:00,8,12,31.19,567.0,585.64,199.0,3.59,28.15
2022-08-22 13:00:00,8,13,30.99,385.0,476.42,164.0,3.59,27.0
2022-08-22 14:00:00,8,14,30.27,198.0,328.94,107.0,3.45,25.95
2022-08-22 15:00:00,8,15,28.92,27.0,0.0,27.0,2.9,29.55
2022-08-22 16:00:00,8,16,27.06,0.0,-0.0,0.0,2.41,32.65
2022-08-22 17:00:00,8,17,25.51,0.0,-0.0,0.0,1.79,41.25
2022-08-22 18:00:00,8,18,24.03,0.0,-0.0,0.0,1.45,45.6
2022-08-22 19:00:00,8,19,22.31,0.0,-0.0,0.0,1.31,53.85
2022-08-22 20:00:00,8,20,21.44,0.0,-0.0,0.0,1.24,57.55
2022-08-22 21:00:00,8,21,21.39,0.0,-0.0,0.0,1.03,59.6
2022-08-22 22:00:00,8,22,21.61,0.0,-0.0,0.0,0.76,57.65
2022-08-22 23:00:00,8,23,21.12,0.0,-0.0,0.0,0.69,61.7
2022-08-23 00:00:00,8,0,20.63,0.0,-0.0,0.0,0.48,63.8
2022-08-23 01:00:00,8,1,20.23,0.0,-0.0,0.0,0.41,68.3
2022-08-23 02:00:00,8,2,19.79,0.0,-0.0,0.0,0.28,70.65
2022-08-23 03:00:00,8,3,19.54,11.0,0.0,11.0,0.14,70.65
2022-08-23 04:00:00,8,4,20.2,280.0,362.73,145.0,0.14,75.75
2022-08-23 05:00:00,8,5,22.54,489.0,577.01,172.0,0.41,55.9
2022-08-23 06:00:00,8,6,24.68,662.0,672.13,193.0,0.9,45.75
2022-08-23 07:00:00,8,7,26.82,793.0,730.89,203.0,1.66,37.5
2022-08-23 08:00:00,8,8,28.35,873.0,768.69,204.0,2.21,31.6
2022-08-23 09:00:00,8,9,29.5,883.0,759.03,213.0,2.83,26.65
2022-08-23 10:00:00,8,10,30.31,828.0,717.2,223.0,3.24,24.1
2022-08-23 11:00:00,8,11,30.65,722.0,671.04,215.0,3.66,22.55
2022-08-23 12:00:00,8,12,30.7,567.0,590.71,198.0,3.72,22.55
2022-08-23 13:00:00,8,13,30.39,386.0,489.3,161.0,3.59,24.1
2022-08-23 14:00:00,8,14,29.76,197.0,337.86,105.0,3.31,25.8
2022-08-23 15:00:00,8,15,28.54,26.0,0.0,26.0,2.69,30.5
2022-08-23 16:00:00,8,16,26.82,0.0,-0.0,0.0,2.28,33.7
2022-08-23 17:00:00,8,17,25.27,0.0,-0.0,0.0,1.79,38.45
2022-08-23 18:00:00,8,18,23.4,0.0,-0.0,0.0,1.31,47.0
2022-08-23 19:00:00,8,19,21.87,0.0,-0.0,0.0,1.17,53.75
2022-08-23 20:00:00,8,20,21.56,0.0,-0.0,0.0,1.03,53.75
2022-08-23 21:00:00,8,21,22.02,0.0,-0.0,0.0,0.76,52.0
2022-08-23 22:00:00,8,22,21.48,0.0,-0.0,0.0,0.48,55.55
2022-08-23 23:00:00,8,23,20.97,0.0,-0.0,0.0,0.28,59.5
2022-08-24 00:00:00,8,0,20.45,0.0,-0.0,0.0,0.34,61.5
2022-08-24 01:00:00,8,1,20.05,0.0,-0.0,0.0,0.34,61.5
2022-08-24 02:00:00,8,2,19.65,0.0,-0.0,0.0,0.28,63.6
2022-08-24 03:00:00,8,3,19.4,16.0,0.0,16.0,0.34,65.75
2022-08-24 04:00:00,8,4,20.22,316.0,543.76,115.0,0.14,68.3
2022-08-24 05:00:00,8,5,22.57,508.0,654.52,150.0,0.21,50.3
2022-08-24 06:00:00,8,6,24.66,673.0,714.72,176.0,0.9,44.15
2022-08-24 07:00:00,8,7,26.39,803.0,761.71,190.0,1.66,40.1
2022-08-24 08:00:00,8,8,27.83,879.0,785.99,197.0,2.21,35.2
2022-08-24 09:00:00,8,9,28.94,894.0,791.04,198.0,2.69,32.9
2022-08-24 10:00:00,8,10,29.79,833.0,735.34,215.0,3.1,29.8
2022-08-24 11:00:00,8,11,30.18,718.0,662.15,220.0,3.31,28.9
2022-08-24 12:00:00,8,12,30.26,563.0,583.04,201.0,3.38,27.85
2022-08-24 13:00:00,8,13,29.95,382.0,482.73,162.0,3.24,27.75
2022-08-24 14:00:00,8,14,29.31,192.0,328.48,104.0,2.97,26.65
2022-08-24 15:00:00,8,15,28.17,24.0,0.0,24.0,2.14,27.35
2022-08-24 16:00:00,8,16,26.63,0.0,-0.0,0.0,1.52,28.1
2022-08-24 17:00:00,8,17,24.69,0.0,-0.0,0.0,1.17,33.15
2022-08-24 18:00:00,8,18,24.12,0.0,-0.0,0.0,0.97,33.0
2022-08-24 19:00:00,8,19,22.49,0.0,-0.0,0.0,1.17,39.05
2022-08-24 20:00:00,8,20,21.09,0.0,-0.0,0.0,1.24,43.25
2022-08-24 21:00:00,8,21,20.59,0.0,-0.0,0.0,1.17,44.7
2022-08-24 22:00:00,8,22,20.43,0.0,-0.0,0.0,0.97,46.2
2022-08-24 23:00:00,8,23,20.12,0.0,-0.0,0.0,0.9,46.2
2022-08-25 00:00:00,8,0,19.7,0.0,-0.0,0.0,0.76,47.8
2022-08-25 01:00:00,8,1,19.17,0.0,-0.0,0.0,0.76,51.25
2022-08-25 02:00:00,8,2,18.58,0.0,-0.0,0.0,0.76,53.0
2022-08-25 03:00:00,8,3,18.19,102.0,196.76,68.0,0.69,54.85
2022-08-25 04:00:00,8,4,20.35,320.0,574.76,109.0,0.14,51.5
2022-08-25 05:00:00,8,5,23.03,518.0,697.86,138.0,0.48,42.25
2022-08-25 06:00:00,8,6,24.96,677.0,731.67,170.0,1.17,36.95
2022-08-25 07:00:00,8,7,26.62,808.0,780.3,182.0,1.59,34.9
2022-08-25 08:00:00,8,8,27.97,880.0,794.2,193.0,2.07,32.75
2022-08-25 09:00:00,8,9,29.15,890.0,789.1,198.0,2.41,30.75
2022-08-25 10:00:00,8,10,29.99,833.0,747.7,207.0,2.69,29.8
2022-08-25 11:00:00,8,11,30.49,713.0,659.91,219.0,2.9,27.85
2022-08-25 12:00:00,8,12,30.61,561.0,591.54,196.0,3.03,26.05
2022-08-25 13:00:00,8,13,30.33,376.0,469.48,164.0,3.1,25.95
2022-08-25 14:00:00,8,14,29.54,188.0,322.67,103.0,2.9,26.65
2022-08-25 15:00:00,8,15,28.24,20.0,0.0,20.0,2.14,27.35
2022-08-25 16:00:00,8,16,26.56,0.0,-0.0,0.0,1.59,29.15
2022-08-25 17:00:00,8,17,24.61,0.0,-0.0,0.0,1.17,34.4
2022-08-25 18:00:00,8,18,23.79,0.0,-0.0,0.0,1.03,35.4
2022-08-25 19:00:00,8,19,22.26,0.0,-0.0,0.0,1.24,40.5
2022-08-25 20:00:00,8,20,21.14,0.0,-0.0,0.0,1.24,43.25
2022-08-25 21:00:00,8,21,20.53,0.0,-0.0,0.0,1.17,44.7
2022-08-25 22:00:00,8,22,20.27,0.0,-0.0,0.0,0.97,46.2
2022-08-25 23:00:00,8,23,20.09,0.0,-0.0,0.0,0.83,47.9
2022-08-26 00:00:00,8,0,19.48,0.0,-0.0,0.0,0.83,49.55
2022-08-26 01:00:00,8,1,18.62,0.0,-0.0,0.0,0.76,53.0
2022-08-26 02:00:00,8,2,17.7,0.0,-0.0,0.0,0.76,56.75
2022-08-26 03:00:00,8,3,17.36,119.0,346.92,60.0,0.69,56.75
2022-08-26 04:00:00,8,4,18.81,320.0,578.8,109.0,0.21,65.65
2022-08-26 05:00:00,8,5,23.16,523.0,717.65,134.0,0.48,40.75
2022-08-26 06:00:00,8,6,25.26,689.0,767.59,159.0,1.03,35.8
2022-08-26 07:00:00,8,7,27.13,809.0,785.29,181.0,1.59,31.5
2022-08-26 08:00:00,8,8,28.57,881.0,799.03,192.0,2.0,28.5
2022-08-26 09:00:00,8,9,29.7,891.0,792.92,198.0,2.41,27.75
2022-08-26 10:00:00,8,10,30.46,834.0,751.81,207.0,2.76,27.85
2022-08-26 11:00:00,8,11,30.78,713.0,664.43,218.0,2.9,29.0
2022-08-26 12:00:00,8,12,30.84,560.0,593.69,196.0,3.03,29.0
2022-08-26 13:00:00,8,13,30.45,372.0,465.0,164.0,2.97,29.95
2022-08-26 14:00:00,8,14,29.58,185.0,324.47,101.0,2.83,29.8
2022-08-26 15:00:00,8,15,28.23,18.0,0.0,18.0,2.07,31.6
2022-08-26 16:00:00,8,16,26.6,0.0,-0.0,0.0,1.38,32.5
2022-08-26 17:00:00,8,17,24.89,0.0,-0.0,0.0,0.97,38.3
2022-08-26 18:00:00,8,18,25.16,0.0,-0.0,0.0,0.48,34.5
2022-08-26 19:00:00,8,19,24.51,0.0,-0.0,0.0,0.9,39.55
2022-08-26 20:00:00,8,20,22.71,0.0,-0.0,0.0,1.1,43.65
2022-08-26 21:00:00,8,21,21.66,0.0,-0.0,0.0,1.17,46.6
2022-08-26 22:00:00,8,22,20.85,0.0,-0.0,0.0,1.1,51.65
2022-08-26 23:00:00,8,23,20.31,0.0,-0.0,0.0,1.03,53.35
2022-08-27 00:00:00,8,0,19.65,0.0,-0.0,0.0,0.9,55.2
2022-08-27 01:00:00,8,1,18.82,0.0,-0.0,0.0,0.83,59.05
2022-08-27 02:00:00,8,2,18.14,0.0,-0.0,0.0,0.76,63.3
2022-08-27 03:00:00,8,3,18.05,107.0,262.95,63.0,0.62,63.3
2022-08-27 04:00:00,8,4,20.12,317.0,574.62,109.0,0.14,61.5
2022-08-27 05:00:00,8,5,23.83,518.0,709.84,135.0,0.62,47.15
2022-08-27 06:00:00,8,6,25.98,682.0,754.4,163.0,1.1,39.95
2022-08-27 07:00:00,8,7,28.26,806.0,782.84,182.0,1.72,33.95
2022-08-27 08:00:00,8,8,29.69,877.0,796.96,192.0,2.21,30.9
2022-08-27 09:00:00,8,9,30.76,882.0,778.45,204.0,2.62,31.15
2022-08-27 10:00:00,8,10,31.41,820.0,721.11,221.0,2.97,31.3
2022-08-27 11:00:00,8,11,31.71,708.0,662.3,217.0,3.1,31.4
2022-08-27 12:00:00,8,12,31.69,550.0,571.31,202.0,3.1,32.55
2022-08-27 13:00:00,8,13,31.27,371.0,478.56,159.0,3.03,33.55
2022-08-27 14:00:00,8,14,30.48,183.0,334.28,98.0,2.83,34.5
2022-08-27 15:00:00,8,15,29.12,16.0,0.0,16.0,2.21,35.45
2022-08-27 16:00:00,8,16,27.47,0.0,-0.0,0.0,1.66,37.6
2022-08-27 17:00:00,8,17,25.7,0.0,-0.0,0.0,1.17,41.4
2022-08-27 18:00:00,8,18,25.91,0.0,-0.0,0.0,0.76,41.4
2022-08-27 19:00:00,8,19,24.27,0.0,-0.0,0.0,0.97,45.6
2022-08-27 20:00:00,8,20,22.96,0.0,-0.0,0.0,1.17,50.3
2022-08-27 21:00:00,8,21,22.3,0.0,-0.0,0.0,1.1,53.85
2022-08-27 22:00:00,8,22,21.92,0.0,-0.0,0.0,1.03,55.65
2022-08-27 23:00:00,8,23,21.66,0.0,-0.0,0.0,0.9,55.65
2022-08-28 00:00:00,8,0,21.23,0.0,-0.0,0.0,0.76,57.55
2022-08-28 01:00:00,8,1,20.71,0.0,-0.0,0.0,0.76,59.5
2022-08-28 02:00:00,8,2,20.14,0.0,-0.0,0.0,0.69,61.5
2022-08-28 03:00:00,8,3,19.81,105.0,261.26,62.0,0.69,63.6
2022-08-28 04:00:00,8,4,21.73,314.0,573.2,108.0,0.14,57.65
2022-08-28 05:00:00,8,5,24.41,512.0,692.69,140.0,0.48,48.95
2022-08-28 06:00:00,8,6,26.64,678.0,746.97,166.0,0.9,37.5
2022-08-28 07:00:00,8,7,28.51,801.0,775.37,185.0,1.59,35.2
2022-08-28 08:00:00,8,8,29.94,872.0,789.08,196.0,2.14,30.9
2022-08-28 09:00:00,8,9,30.99,881.0,781.21,203.0,2.62,30.05
2022-08-28 10:00:00,8,10,31.65,824.0,737.36,214.0,2.97,29.3
2022-08-28 11:00:00,8,11,31.97,711.0,676.48,212.0,3.24,29.3
2022-08-28 12:00:00,8,12,31.96,550.0,583.4,197.0,3.31,29.3
2022-08-28 13:00:00,8,13,31.56,368.0,478.78,158.0,3.24,29.15
2022-08-28 14:00:00,8,14,30.73,176.0,308.48,99.0,2.97,28.0
2022-08-28 15:00:00,8,15,29.38,14.0,0.0,14.0,2.14,29.7
2022-08-28 16:00:00,8,16,27.78,0.0,-0.0,0.0,1.52,29.4
2022-08-28 17:00:00,8,17,25.97,0.0,-0.0,0.0,1.1,34.65
2022-08-28 18:00:00,8,18,26.5,0.0,-0.0,0.0,0.62,31.2
2022-08-28 19:00:00,8,19,24.82,0.0,-0.0,0.0,1.1,36.95
2022-08-28 20:00:00,8,20,22.96,0.0,-0.0,0.0,1.31,42.1
2022-08-28 21:00:00,8,21,21.8,0.0,-0.0,0.0,1.38,44.95
2022-08-28 22:00:00,8,22,20.97,0.0,-0.0,0.0,1.24,49.8
2022-08-28 23:00:00,8,23,19.9,0.0,-0.0,0.0,1.17,53.25
2022-08-29 00:00:00,8,0,19.0,0.0,-0.0,0.0,1.03,57.1
2022-08-29 01:00:00,8,1,18.12,0.0,-0.0,0.0,0.97,61.05
2022-08-29 02:00:00,8,2,17.43,0.0,-0.0,0.0,0.9,63.2
2022-08-29 03:00:00,8,3,17.3,94.0,191.56,63.0,0.83,65.45
2022-08-29 04:00:00,8,4,21.02,294.0,493.31,118.0,0.34,53.6
2022-08-29 05:00:00,8,5,24.66,505.0,679.15,142.0,0.28,42.65
2022-08-29 06:00:00,8,6,27.08,670.0,733.68,169.0,0.83,33.8
2022-08-29 07:00:00,8,7,29.3,796.0,771.68,185.0,1.38,25.7
2022-08-29 08:00:00,8,8,30.76,867.0,785.89,196.0,1.93,23.4
2022-08-29 09:00:00,8,9,31.81,876.0,777.11,204.0,2.48,22.8
2022-08-29 10:00:00,8,10,32.38,814.0,719.81,221.0,2.9,24.6
2022-08-29 11:00:00,8,11,32.61,705.0,673.16,211.0,3.1,26.55
2022-08-29 12:00:00,8,12,32.51,545.0,579.09,197.0,3.17,28.4
2022-08-29 13:00:00,8,13,32.0,364.0,483.69,154.0,3.17,29.3
2022-08-29 14:00:00,8,14,31.05,173.0,314.44,96.0,2.9,30.05
2022-08-29 15:00:00,8,15,29.59,10.0,0.0,10.0,2.21,30.9
2022-08-29 16:00:00,8,16,27.91,0.0,-0.0,0.0,1.66,32.75
2022-08-29 17:00:00,8,17,26.04,0.0,-0.0,0.0,1.17,36.05
2022-08-29 18:00:00,8,18,26.57,0.0,-0.0,0.0,0.69,33.7
2022-08-29 19:00:00,8,19,23.39,0.0,-0.0,0.0,1.38,45.35
2022-08-29 20:00:00,8,20,22.09,0.0,-0.0,0.0,1.45,48.45
2022-08-29 21:00:00,8,21,21.73,0.0,-0.0,0.0,1.17,50.05
2022-08-29 22:00:00,8,22,21.08,0.0,-0.0,0.0,1.1,51.75
2022-08-29 23:00:00,8,23,20.23,0.0,-0.0,0.0,1.03,55.3
2022-08-30 00:00:00,8,0,19.33,0.0,-0.0,0.0,1.1,59.15
2022-08-30 01:00:00,8,1,18.3,0.0,-0.0,0.0,1.1,63.3
2022-08-30 02:00:00,8,2,17.57,0.0,-0.0,0.0,1.03,65.45
2022-08-30 03:00:00,8,3,17.35,34.0,0.0,34.0,0.97,65.45
2022-08-30 04:00:00,8,4,21.31,284.0,446.14,126.0,0.48,53.6
2022-08-30 05:00:00,8,5,25.19,490.0,635.44,152.0,0.14,38.45
2022-08-30 06:00:00,8,6,27.62,661.0,714.44,175.0,0.76,29.4
2022-08-30 07:00:00,8,7,29.61,790.0,762.95,188.0,1.38,23.15
2022-08-30 08:00:00,8,8,31.03,861.0,774.49,202.0,2.0,20.95
2022-08-30 09:00:00,8,9,32.02,869.0,763.74,211.0,2.41,20.45
2022-08-30 10:00:00,8,10,32.64,816.0,735.08,213.0,2.83,21.45
2022-08-30 11:00:00,8,11,32.86,698.0,660.27,216.0,2.97,23.05
2022-08-30 12:00:00,8,12,32.78,544.0,589.86,192.0,3.03,24.75
2022-08-30 13:00:00,8,13,32.31,361.0,484.11,153.0,3.1,25.5
2022-08-30 14:00:00,8,14,31.32,173.0,337.37,92.0,2.83,26.2
2022-08-30 15:00:00,8,15,29.8,10.0,0.0,10.0,2.07,28.75
2022-08-30 16:00:00,8,16,28.25,0.0,-0.0,0.0,1.31,29.4
2022-08-30 17:00:00,8,17,27.79,0.0,-0.0,0.0,0.55,29.4
2022-08-30 18:00:00,8,18,27.24,0.0,-0.0,0.0,0.69,30.35
2022-08-30 19:00:00,8,19,24.23,0.0,-0.0,0.0,1.45,38.15
2022-08-30 20:00:00,8,20,22.57,0.0,-0.0,0.0,1.59,42.1
2022-08-30 21:00:00,8,21,21.73,0.0,-0.0,0.0,1.45,44.95
2022-08-30 22:00:00,8,22,20.6,0.0,-0.0,0.0,1.31,48.05
2022-08-30 23:00:00,8,23,19.37,0.0,-0.0,0.0,1.17,53.15
2022-08-31 00:00:00,8,0,18.29,0.0,-0.0,0.0,1.17,56.85
2022-08-31 01:00:00,8,1,17.27,0.0,-0.0,0.0,1.17,58.8
2022-08-31 02:00:00,8,2,16.58,0.0,-0.0,0.0,1.17,60.85
2022-08-31 03:00:00,8,3,16.64,66.0,57.59,57.0,1.17,63.05
2022-08-31 04:00:00,8,4,20.81,283.0,452.34,124.0,0.76,55.45
2022-08-31 05:00:00,8,5,25.92,490.0,642.33,150.0,0.21,34.65
2022-08-31 06:00:00,8,6,28.62,654.0,700.99,179.0,0.48,24.65
2022-08-31 07:00:00,8,7,31.39,783.0,749.1,194.0,1.1,18.15
2022-08-31 08:00:00,8,8,32.85,857.0,772.5,202.0,1.66,15.95
2022-08-31 09:00:00,8,9,33.96,865.0,761.97,211.0,2.14,15.0
2022-08-31 10:00:00,8,10,34.63,807.0,719.93,219.0,2.55,14.65
2022-08-31 11:00:00,8,11,34.88,698.0,672.09,210.0,2.9,14.65
2022-08-31 12:00:00,8,12,34.64,537.0,577.22,195.0,3.03,15.2
2022-08-31 13:00:00,8,13,34.0,352.0,463.44,155.0,3.1,17.4
2022-08-31 14:00:00,8,14,32.76,168.0,323.07,92.0,2.76,20.65
2022-08-31 15:00:00,8,15,30.93,6.0,0.0,6.0,1.86,25.15
2022-08-31 16:00:00,8,16,25.27,0.0,-0.0,0.0,1.34,34.36
2022-08-31 17:00:00,8,17,25.02,0.0,-0.0,0.0,1.31,37.03
2022-08-31 18:00:00,8,18,24.78,0.0,-0.0,0.0,1.28,39.7
2022-08-31 19:00:00,8,19,24.54,0.0,-0.0,0.0,1.25,42.37
2022-08-31 20:00:00,8,20,24.3,0.0,-0.0,0.0,1.22,45.04
2022-08-31 21:00:00,8,21,24.06,0.0,-0.0,0.0,1.2,47.71
2022-08-31 22:00:00,8,22,23.82,0.0,-0.0,0.0,1.17,50.39
2022-08-31 23:00:00,8,23,23.58,0.0,-0.0,0.0,1.14,53.06
