timestamp,month,hour,T_amb,GHI,DNI,DHI,wind_speed,RH
2018-01-01 00:00:00,1,0,3.68,0.0,-0.0,0.0,0.58,83.49
2018-01-01 01:00:00,1,1,4.37,0.0,-0.0,0.0,0.59,82.28
2018-01-01 02:00:00,1,2,5.05,0.0,-0.0,0.0,0.61,81.08
2018-01-01 03:00:00,1,3,5.74,0.0,-0.0,0.0,0.62,79.88
2018-01-01 04:00:00,1,4,6.42,0.0,-0.0,0.0,0.63,78.68
2018-01-01 05:00:00,1,5,7.11,64.0,54.35,56.0,0.64,77.48
2018-01-01 06:00:00,1,6,7.79,37.0,0.0,37.0,0.65,76.27
2018-01-01 07:00:00,1,7,8.48,66.0,0.0,66.0,0.66,75.07
2018-01-01 08:00:00,1,8,9.3,65.0,0.0,65.0,1.17,74.15
2018-01-01 09:00:00,1,9,9.35,82.0,0.0,82.0,1.45,76.95
2018-01-01 10:00:00,1,10,9.17,121.0,0.0,121.0,1.38,76.95
2018-01-01 11:00:00,1,11,9.52,179.0,69.63,155.0,1.17,74.2
2018-01-01 12:00:00,1,12,9.42,22.0,0.0,22.0,1.38,76.95
2018-01-01 13:00:00,1,13,8.42,5.0,0.0,5.0,1.31,82.75
2018-01-01 14:00:00,1,14,7.19,0.0,-0.0,0.0,1.1,89.0
2018-01-01 15:00:00,1,15,6.53,0.0,-0.0,0.0,0.76,92.35
2018-01-01 16:00:00,1,16,6.22,0.0,-0.0,0.0,0.48,95.8
2018-01-01 17:00:00,1,17,5.4,0.0,-0.0,0.0,0.69,99.4
2018-01-01 18:00:00,1,18,4.75,0.0,-0.0,0.0,0.9,99.4
2018-01-01 19:00:00,1,19,4.85,0.0,-0.0,0.0,0.55,99.4
2018-01-01 20:00:00,1,20,4.1,0.0,-0.0,0.0,0.76,99.4
2018-01-01 21:00:00,1,21,3.78,0.0,-0.0,0.0,0.69,99.4
2018-01-01 22:00:00,1,22,3.31,0.0,-0.0,0.0,0.76,99.4
2018-01-01 23:00:00,1,23,3.02,0.0,-0.0,0.0,0.9,95.7
2018-01-02 00:00:00,1,0,3.66,0.0,-0.0,0.0,0.69,95.7
2018-01-02 01:00:00,1,1,4.5,0.0,-0.0,0.0,0.41,95.75
2018-01-02 02:00:00,1,2,4.79,0.0,-0.0,0.0,0.21,99.4
2018-01-02 03:00:00,1,3,4.89,0.0,-0.0,0.0,0.14,99.4
2018-01-02 04:00:00,1,4,4.96,0.0,-0.0,0.0,0.41,95.75
2018-01-02 05:00:00,1,5,4.83,10.0,0.0,10.0,0.69,99.4
2018-01-02 06:00:00,1,6,5.88,23.0,0.0,23.0,0.76,99.4
2018-01-02 07:00:00,1,7,6.63,243.0,138.06,189.0,1.03,95.8
2018-01-02 08:00:00,1,8,7.24,107.0,0.0,107.0,1.03,95.8
2018-01-02 09:00:00,1,9,7.33,128.0,0.0,128.0,1.1,95.8
2018-01-02 10:00:00,1,10,7.54,93.0,0.0,93.0,1.31,95.8
2018-01-02 11:00:00,1,11,7.15,56.0,0.0,56.0,1.31,95.8
2018-01-02 12:00:00,1,12,6.56,61.0,0.0,61.0,1.17,95.8
2018-01-02 13:00:00,1,13,5.95,22.0,0.0,22.0,0.97,95.8
2018-01-02 14:00:00,1,14,5.39,0.0,-0.0,0.0,0.62,99.4
2018-01-02 15:00:00,1,15,5.02,0.0,-0.0,0.0,0.14,95.75
2018-01-02 16:00:00,1,16,4.58,0.0,-0.0,0.0,0.34,99.4
2018-01-02 17:00:00,1,17,4.45,0.0,-0.0,0.0,0.69,95.75
2018-01-02 18:00:00,1,18,4.35,0.0,-0.0,0.0,0.83,99.4
2018-01-02 19:00:00,1,19,3.87,0.0,-0.0,0.0,0.69,99.4
2018-01-02 20:00:00,1,20,3.51,0.0,-0.0,0.0,0.76,95.7
2018-01-02 21:00:00,1,21,3.24,0.0,-0.0,0.0,0.97,99.4
2018-01-02 22:00:00,1,22,2.69,0.0,-0.0,0.0,1.17,99.4
2018-01-02 23:00:00,1,23,2.34,0.0,-0.0,0.0,1.38,99.4
2018-01-03 00:00:00,1,0,1.87,0.0,-0.0,0.0,1.59,95.65
2018-01-03 01:00:00,1,1,1.41,0.0,-0.0,0.0,1.66,95.65
2018-01-03 02:00:00,1,2,0.81,0.0,-0.0,0.0,1.52,99.4
2018-01-03 03:00:00,1,3,0.76,0.0,-0.0,0.0,1.52,95.65
2018-01-03 04:00:00,1,4,0.16,0.0,-0.0,0.0,1.66,95.6
2018-01-03 05:00:00,1,5,0.87,89.0,190.16,61.0,1.52,95.65
2018-01-03 06:00:00,1,6,4.53,251.0,549.05,93.0,1.17,85.55
2018-01-03 07:00:00,1,7,7.78,384.0,734.83,96.0,0.83,76.8
2018-01-03 08:00:00,1,8,9.78,454.0,766.65,107.0,0.69,61.55
2018-01-03 09:00:00,1,9,11.03,467.0,764.44,111.0,0.48,53.25
2018-01-03 10:00:00,1,10,11.86,422.0,729.73,108.0,0.21,51.35
2018-01-03 11:00:00,1,11,12.24,323.0,642.19,99.0,0.76,51.5
2018-01-03 12:00:00,1,12,11.72,184.0,480.63,75.0,1.52,57.55
2018-01-03 13:00:00,1,13,10.21,22.0,0.0,22.0,1.79,69.0
2018-01-03 14:00:00,1,14,8.03,0.0,-0.0,0.0,1.66,76.85
2018-01-03 15:00:00,1,15,6.0,0.0,-0.0,0.0,1.17,88.95
2018-01-03 16:00:00,1,16,6.4,0.0,-0.0,0.0,0.69,88.95
2018-01-03 17:00:00,1,17,5.88,0.0,-0.0,0.0,0.34,92.3
2018-01-03 18:00:00,1,18,5.46,0.0,-0.0,0.0,0.14,92.3
2018-01-03 19:00:00,1,19,5.01,0.0,-0.0,0.0,0.41,88.85
2018-01-03 20:00:00,1,20,4.52,0.0,-0.0,0.0,0.62,88.85
2018-01-03 21:00:00,1,21,4.04,0.0,-0.0,0.0,0.83,88.8
2018-01-03 22:00:00,1,22,3.27,0.0,-0.0,0.0,0.9,88.7
2018-01-03 23:00:00,1,23,2.86,0.0,-0.0,0.0,0.97,92.15
2018-01-04 00:00:00,1,0,2.77,0.0,-0.0,0.0,0.9,88.65
2018-01-04 01:00:00,1,1,1.73,0.0,-0.0,0.0,1.03,88.6
2018-01-04 02:00:00,1,2,0.8,0.0,-0.0,0.0,1.1,88.5
2018-01-04 03:00:00,1,3,-0.21,0.0,-0.0,0.0,1.24,88.45
2018-01-04 04:00:00,1,4,-0.71,0.0,-0.0,0.0,1.31,88.4
2018-01-04 05:00:00,1,5,-0.47,37.0,0.0,37.0,1.17,88.45
2018-01-04 06:00:00,1,6,2.94,117.0,17.34,112.0,0.48,88.7
2018-01-04 07:00:00,1,7,6.73,219.0,81.46,187.0,0.21,68.4
2018-01-04 08:00:00,1,8,8.32,356.0,315.05,213.0,0.55,61.3
2018-01-04 09:00:00,1,9,9.21,396.0,417.25,201.0,1.1,61.45
2018-01-04 10:00:00,1,10,9.74,333.0,300.75,203.0,1.45,61.55
2018-01-04 11:00:00,1,11,9.75,258.0,276.33,161.0,1.72,63.9
2018-01-04 12:00:00,1,12,9.08,108.0,52.36,96.0,1.72,71.4
2018-01-04 13:00:00,1,13,7.82,9.0,0.0,9.0,1.38,79.7
2018-01-04 14:00:00,1,14,6.41,0.0,-0.0,0.0,1.24,85.75
2018-01-04 15:00:00,1,15,5.09,0.0,-0.0,0.0,0.83,95.75
2018-01-04 16:00:00,1,16,5.11,0.0,-0.0,0.0,0.55,92.25
2018-01-04 17:00:00,1,17,4.83,0.0,-0.0,0.0,0.28,95.75
2018-01-04 18:00:00,1,18,4.69,0.0,-0.0,0.0,0.28,95.75
2018-01-04 19:00:00,1,19,4.49,0.0,-0.0,0.0,0.28,88.85
2018-01-04 20:00:00,1,20,4.23,0.0,-0.0,0.0,0.28,92.2
2018-01-04 21:00:00,1,21,3.98,0.0,-0.0,0.0,0.41,88.8
2018-01-04 22:00:00,1,22,3.83,0.0,-0.0,0.0,0.62,88.75
2018-01-04 23:00:00,1,23,3.55,0.0,-0.0,0.0,0.76,88.75
2018-01-05 00:00:00,1,0,2.5,0.0,-0.0,0.0,0.97,88.65
2018-01-05 01:00:00,1,1,1.77,0.0,-0.0,0.0,1.1,92.05
2018-01-05 02:00:00,1,2,1.0,0.0,-0.0,0.0,1.1,88.55
2018-01-05 03:00:00,1,3,0.58,0.0,-0.0,0.0,1.1,88.5
2018-01-05 04:00:00,1,4,0.16,0.0,-0.0,0.0,1.1,88.45
2018-01-05 05:00:00,1,5,0.62,80.0,128.62,61.0,0.97,88.5
2018-01-05 06:00:00,1,6,3.93,31.0,0.0,31.0,0.55,82.3
2018-01-05 07:00:00,1,7,7.31,133.0,2.54,132.0,0.62,68.5
2018-01-05 08:00:00,1,8,9.11,272.0,105.43,224.0,0.48,61.45
2018-01-05 09:00:00,1,9,10.27,314.0,170.54,234.0,0.55,59.35
2018-01-05 10:00:00,1,10,10.95,250.0,92.1,210.0,0.62,59.5
2018-01-05 11:00:00,1,11,11.12,94.0,0.0,94.0,0.76,59.6
2018-01-05 12:00:00,1,12,10.79,109.0,51.8,97.0,1.03,64.1
2018-01-05 13:00:00,1,13,9.49,26.0,0.0,26.0,1.45,71.5
2018-01-05 14:00:00,1,14,7.57,0.0,-0.0,0.0,1.1,82.7
2018-01-05 15:00:00,1,15,7.18,0.0,-0.0,0.0,0.48,79.65
2018-01-05 16:00:00,1,16,6.46,0.0,-0.0,0.0,0.48,82.6
2018-01-05 17:00:00,1,17,5.93,0.0,-0.0,0.0,0.62,82.55
2018-01-05 18:00:00,1,18,5.51,0.0,-0.0,0.0,0.48,85.65
2018-01-05 19:00:00,1,19,4.93,0.0,-0.0,0.0,0.62,79.35
2018-01-05 20:00:00,1,20,4.35,0.0,-0.0,0.0,0.97,82.3
2018-01-05 21:00:00,1,21,1.6,0.0,-0.0,0.0,1.38,88.6
2018-01-05 22:00:00,1,22,-0.08,0.0,-0.0,0.0,1.45,88.45
2018-01-05 23:00:00,1,23,-1.04,0.0,-0.0,0.0,1.45,88.4
2018-01-06 00:00:00,1,0,-1.62,0.0,-0.0,0.0,1.38,88.35
2018-01-06 01:00:00,1,1,-1.73,0.0,-0.0,0.0,1.31,91.85
2018-01-06 02:00:00,1,2,-1.79,0.0,-0.0,0.0,1.24,88.3
2018-01-06 03:00:00,1,3,-2.1,0.0,-0.0,0.0,1.31,88.3
2018-01-06 04:00:00,1,4,-2.32,0.0,-0.0,0.0,1.38,84.85
2018-01-06 05:00:00,1,5,-1.38,41.0,0.0,41.0,1.17,88.35
2018-01-06 06:00:00,1,6,2.86,151.0,72.49,130.0,0.76,88.65
2018-01-06 07:00:00,1,7,7.09,371.0,650.71,114.0,0.41,65.95
2018-01-06 08:00:00,1,8,8.92,449.0,729.01,116.0,0.34,59.0
2018-01-06 09:00:00,1,9,9.78,468.0,749.55,115.0,0.48,57.05
2018-01-06 10:00:00,1,10,10.26,424.0,714.79,112.0,0.9,59.35
2018-01-06 11:00:00,1,11,10.25,330.0,652.13,98.0,1.38,61.65
2018-01-06 12:00:00,1,12,9.78,160.0,260.41,99.0,1.59,68.9
2018-01-06 13:00:00,1,13,8.35,4.0,0.0,4.0,1.72,76.85
2018-01-06 14:00:00,1,14,6.65,0.0,-0.0,0.0,1.59,85.75
2018-01-06 15:00:00,1,15,5.07,0.0,-0.0,0.0,1.1,92.25
2018-01-06 16:00:00,1,16,5.28,0.0,-0.0,0.0,0.9,92.25
2018-01-06 17:00:00,1,17,4.18,0.0,-0.0,0.0,1.03,95.75
2018-01-06 18:00:00,1,18,3.17,0.0,-0.0,0.0,1.17,95.7
2018-01-06 19:00:00,1,19,3.78,0.0,-0.0,0.0,1.17,92.15
2018-01-06 20:00:00,1,20,3.24,0.0,-0.0,0.0,1.24,95.7
2018-01-06 21:00:00,1,21,2.78,0.0,-0.0,0.0,1.17,95.7
2018-01-06 22:00:00,1,22,2.47,0.0,-0.0,0.0,1.17,92.15
2018-01-06 23:00:00,1,23,2.49,0.0,-0.0,0.0,1.17,92.15
2018-01-07 00:00:00,1,0,1.57,0.0,-0.0,0.0,1.38,95.65
2018-01-07 01:00:00,1,1,1.05,0.0,-0.0,0.0,1.38,95.65
2018-01-07 02:00:00,1,2,0.37,0.0,-0.0,0.0,1.38,95.65
2018-01-07 03:00:00,1,3,0.04,0.0,-0.0,0.0,1.31,95.6
2018-01-07 04:00:00,1,4,-0.42,0.0,-0.0,0.0,1.31,95.6
2018-01-07 05:00:00,1,5,0.0,53.0,20.18,50.0,1.24,95.6
2018-01-07 06:00:00,1,6,3.6,240.0,457.77,107.0,0.83,88.75
2018-01-07 07:00:00,1,7,7.24,366.0,613.34,123.0,0.34,82.65
2018-01-07 08:00:00,1,8,8.63,443.0,689.36,127.0,0.14,74.05
2018-01-07 09:00:00,1,9,9.46,457.0,685.11,133.0,0.07,66.35
2018-01-07 10:00:00,1,10,10.25,429.0,729.32,109.0,0.28,66.45
2018-01-07 11:00:00,1,11,10.5,339.0,683.85,94.0,0.41,64.1
2018-01-07 12:00:00,1,12,10.45,202.0,557.19,70.0,0.76,66.45
2018-01-07 13:00:00,1,13,9.64,29.0,0.0,29.0,1.1,71.5
2018-01-07 14:00:00,1,14,7.83,0.0,-0.0,0.0,1.03,82.7
2018-01-07 15:00:00,1,15,7.72,0.0,-0.0,0.0,0.62,76.8
2018-01-07 16:00:00,1,16,7.21,0.0,-0.0,0.0,0.83,79.65
2018-01-07 17:00:00,1,17,5.29,0.0,-0.0,0.0,1.24,85.6
2018-01-07 18:00:00,1,18,2.45,0.0,-0.0,0.0,1.52,92.15
2018-01-07 19:00:00,1,19,1.44,0.0,-0.0,0.0,1.45,92.05
2018-01-07 20:00:00,1,20,0.14,0.0,-0.0,0.0,1.38,95.6
2018-01-07 21:00:00,1,21,-0.51,0.0,-0.0,0.0,1.31,91.95
2018-01-07 22:00:00,1,22,-1.13,0.0,-0.0,0.0,1.31,91.95
2018-01-07 23:00:00,1,23,-1.34,0.0,-0.0,0.0,1.24,91.9
2018-01-08 00:00:00,1,0,-1.13,0.0,-0.0,0.0,1.24,88.4
2018-01-08 01:00:00,1,1,-1.16,0.0,-0.0,0.0,1.24,91.9
2018-01-08 02:00:00,1,2,-1.28,0.0,-0.0,0.0,1.24,88.35
2018-01-08 03:00:00,1,3,-1.46,0.0,-0.0,0.0,1.38,88.35
2018-01-08 04:00:00,1,4,-1.72,0.0,-0.0,0.0,1.45,88.3
2018-01-08 05:00:00,1,5,-1.03,30.0,0.0,30.0,1.38,85.0
2018-01-08 06:00:00,1,6,3.06,109.0,10.29,106.0,1.03,85.4
2018-01-08 07:00:00,1,7,7.65,237.0,108.16,194.0,0.9,63.6
2018-01-08 08:00:00,1,8,9.86,369.0,345.56,210.0,0.55,57.05
2018-01-08 09:00:00,1,9,11.29,464.0,686.33,138.0,0.21,51.25
2018-01-08 10:00:00,1,10,12.02,436.0,734.47,112.0,0.28,47.75
2018-01-08 11:00:00,1,11,12.12,340.0,662.3,101.0,0.76,51.5
2018-01-08 12:00:00,1,12,11.5,184.0,379.72,93.0,1.17,59.7
2018-01-08 13:00:00,1,13,10.15,28.0,0.0,28.0,1.24,66.45
2018-01-08 14:00:00,1,14,8.58,0.0,-0.0,0.0,0.48,71.35
2018-01-08 15:00:00,1,15,7.79,0.0,-0.0,0.0,0.69,71.25
2018-01-08 16:00:00,1,16,3.92,0.0,-0.0,0.0,1.45,82.3
2018-01-08 17:00:00,1,17,1.66,0.0,-0.0,0.0,1.66,92.05
2018-01-08 18:00:00,1,18,0.3,0.0,-0.0,0.0,1.59,92.0
2018-01-08 19:00:00,1,19,-1.08,0.0,-0.0,0.0,1.38,91.95
2018-01-08 20:00:00,1,20,-1.7,0.0,-0.0,0.0,1.38,95.55
2018-01-08 21:00:00,1,21,-2.01,0.0,-0.0,0.0,1.38,91.85
2018-01-08 22:00:00,1,22,-2.13,0.0,-0.0,0.0,1.38,88.3
2018-01-08 23:00:00,1,23,-2.25,0.0,-0.0,0.0,1.31,88.3
2018-01-09 00:00:00,1,0,-2.41,0.0,-0.0,0.0,1.31,84.85
2018-01-09 01:00:00,1,1,-2.46,0.0,-0.0,0.0,1.31,84.85
2018-01-09 02:00:00,1,2,-2.68,0.0,-0.0,0.0,1.38,88.25
2018-01-09 03:00:00,1,3,-2.72,0.0,-0.0,0.0,1.38,84.85
2018-01-09 04:00:00,1,4,-2.96,0.0,-0.0,0.0,1.45,84.85
2018-01-09 05:00:00,1,5,-2.08,108.0,346.67,56.0,1.38,84.85
2018-01-09 06:00:00,1,6,2.58,272.0,652.77,81.0,0.97,85.35
2018-01-09 07:00:00,1,7,7.33,0.0,0.0,0.0,0.9,65.95
2018-01-09 08:00:00,1,8,9.55,466.0,766.3,112.0,0.76,52.85
2018-01-09 09:00:00,1,9,10.82,481.0,762.83,117.0,0.55,49.2
2018-01-09 10:00:00,1,10,11.53,445.0,761.93,107.0,0.28,45.8
2018-01-09 11:00:00,1,11,11.66,264.0,258.56,170.0,0.62,49.45
2018-01-09 12:00:00,1,12,10.81,206.0,532.02,77.0,1.52,59.5
2018-01-09 13:00:00,1,13,8.93,31.0,0.0,31.0,1.66,66.15
2018-01-09 14:00:00,1,14,6.53,0.0,-0.0,0.0,0.83,73.8
2018-01-09 15:00:00,1,15,5.12,0.0,-0.0,0.0,0.55,76.4
2018-01-09 16:00:00,1,16,2.24,0.0,-0.0,0.0,1.52,92.1
2018-01-09 17:00:00,1,17,0.31,0.0,-0.0,0.0,1.79,95.6
2018-01-09 18:00:00,1,18,-0.86,0.0,-0.0,0.0,1.86,91.95
2018-01-09 19:00:00,1,19,-0.72,0.0,-0.0,0.0,1.93,85.0
2018-01-09 20:00:00,1,20,-1.07,0.0,-0.0,0.0,2.0,78.5
2018-01-09 21:00:00,1,21,-1.09,0.0,-0.0,0.0,1.72,75.45
2018-01-09 22:00:00,1,22,-0.24,0.0,-0.0,0.0,1.31,72.6
2018-01-09 23:00:00,1,23,0.68,0.0,-0.0,0.0,0.97,67.2
2018-01-10 00:00:00,1,0,0.21,0.0,-0.0,0.0,1.45,69.85
2018-01-10 01:00:00,1,1,-1.52,0.0,-0.0,0.0,1.86,81.65
2018-01-10 02:00:00,1,2,-0.53,0.0,-0.0,0.0,1.38,81.75
2018-01-10 03:00:00,1,3,-0.35,0.0,-0.0,0.0,1.17,85.05
2018-01-10 04:00:00,1,4,-1.15,0.0,-0.0,0.0,1.17,88.4
2018-01-10 05:00:00,1,5,-0.52,50.0,13.26,48.0,1.03,88.45
2018-01-10 06:00:00,1,6,1.55,263.0,585.43,91.0,0.9,92.05
2018-01-10 07:00:00,1,7,3.75,0.0,0.0,0.0,1.59,79.15
2018-01-10 08:00:00,1,8,4.3,469.0,773.87,110.0,1.79,79.2
2018-01-10 09:00:00,1,9,4.8,484.0,771.7,114.0,2.14,76.3
2018-01-10 10:00:00,1,10,4.81,412.0,584.96,151.0,2.34,76.3
2018-01-10 11:00:00,1,11,4.59,335.0,600.53,115.0,2.41,76.3
2018-01-10 12:00:00,1,12,4.0,125.0,73.36,107.0,2.41,76.25
2018-01-10 13:00:00,1,13,3.04,7.0,0.0,7.0,2.14,82.2
2018-01-10 14:00:00,1,14,1.56,0.0,-0.0,0.0,1.86,88.6
2018-01-10 15:00:00,1,15,0.85,0.0,-0.0,0.0,1.45,95.65
2018-01-10 16:00:00,1,16,0.66,0.0,-0.0,0.0,1.17,95.65
2018-01-10 17:00:00,1,17,0.52,0.0,-0.0,0.0,1.1,95.65
2018-01-10 18:00:00,1,18,0.24,0.0,-0.0,0.0,1.17,99.4
2018-01-10 19:00:00,1,19,0.36,0.0,-0.0,0.0,1.1,95.65
2018-01-10 20:00:00,1,20,0.01,0.0,-0.0,0.0,0.97,99.4
2018-01-10 21:00:00,1,21,-0.3,0.0,-0.0,0.0,0.9,99.4
2018-01-10 22:00:00,1,22,-0.65,0.0,-0.0,0.0,0.62,99.4
2018-01-10 23:00:00,1,23,-0.8,0.0,-0.0,0.0,0.62,99.4
2018-01-11 00:00:00,1,0,-1.34,0.0,-0.0,0.0,0.9,99.4
2018-01-11 01:00:00,1,1,-1.86,0.0,-0.0,0.0,1.03,99.4
2018-01-11 02:00:00,1,2,-2.08,0.0,-0.0,0.0,1.03,99.4
2018-01-11 03:00:00,1,3,-1.74,0.0,-0.0,0.0,0.83,99.4
2018-01-11 04:00:00,1,4,-1.48,0.0,-0.0,0.0,0.55,95.6
2018-01-11 05:00:00,1,5,-1.16,10.0,0.0,10.0,0.28,95.6
2018-01-11 06:00:00,1,6,-0.08,120.0,16.94,115.0,0.55,92.0
2018-01-11 07:00:00,1,7,1.64,117.0,0.0,117.0,1.03,82.0
2018-01-11 08:00:00,1,8,2.71,178.0,6.44,175.0,1.17,79.0
2018-01-11 09:00:00,1,9,3.62,274.0,83.01,234.0,1.45,73.3
2018-01-11 10:00:00,1,10,4.04,112.0,0.0,112.0,1.52,73.4
2018-01-11 11:00:00,1,11,4.22,70.0,0.0,70.0,1.66,73.4
2018-01-11 12:00:00,1,12,3.9,48.0,0.0,48.0,1.52,73.4
2018-01-11 13:00:00,1,13,2.98,23.0,0.0,23.0,1.1,82.2
2018-01-11 14:00:00,1,14,1.55,0.0,-0.0,0.0,0.9,88.6
2018-01-11 15:00:00,1,15,0.41,0.0,-0.0,0.0,0.62,92.0
2018-01-11 16:00:00,1,16,0.01,0.0,-0.0,0.0,0.9,95.6
2018-01-11 17:00:00,1,17,-0.19,0.0,-0.0,0.0,0.76,99.4
2018-01-11 18:00:00,1,18,-0.14,0.0,-0.0,0.0,0.83,92.0
2018-01-11 19:00:00,1,19,0.79,0.0,-0.0,0.0,0.55,92.0
2018-01-11 20:00:00,1,20,0.71,0.0,-0.0,0.0,0.55,92.0
2018-01-11 21:00:00,1,21,0.63,0.0,-0.0,0.0,0.62,92.0
2018-01-11 22:00:00,1,22,-0.03,0.0,-0.0,0.0,1.03,92.0
2018-01-11 23:00:00,1,23,0.07,0.0,-0.0,0.0,0.76,88.45
2018-01-12 00:00:00,1,0,0.22,0.0,-0.0,0.0,0.55,88.45
2018-01-12 01:00:00,1,1,0.33,0.0,-0.0,0.0,0.69,88.45
2018-01-12 02:00:00,1,2,-0.8,0.0,-0.0,0.0,1.03,91.95
2018-01-12 03:00:00,1,3,-1.82,0.0,-0.0,0.0,1.24,91.85
2018-01-12 04:00:00,1,4,-2.18,0.0,-0.0,0.0,1.24,88.3
2018-01-12 05:00:00,1,5,-1.69,122.0,490.67,47.0,1.17,91.85
2018-01-12 06:00:00,1,6,2.68,284.0,711.57,73.0,0.76,85.35
2018-01-12 07:00:00,1,7,7.0,399.0,742.46,99.0,0.41,65.95
2018-01-12 08:00:00,1,8,8.94,471.0,764.76,113.0,0.48,56.9
2018-01-12 09:00:00,1,9,9.98,490.0,774.25,115.0,0.9,55.05
2018-01-12 10:00:00,1,10,10.53,450.0,752.86,110.0,1.17,53.1
2018-01-12 11:00:00,1,11,10.6,356.0,693.23,98.0,1.17,57.3
2018-01-12 12:00:00,1,12,10.11,214.0,536.93,79.0,1.1,64.0
2018-01-12 13:00:00,1,13,8.71,35.0,0.0,35.0,1.17,71.35
2018-01-12 14:00:00,1,14,6.82,0.0,-0.0,0.0,1.1,76.65
2018-01-12 15:00:00,1,15,4.13,0.0,-0.0,0.0,1.17,88.8
2018-01-12 16:00:00,1,16,2.27,0.0,-0.0,0.0,1.52,95.65
2018-01-12 17:00:00,1,17,1.27,0.0,-0.0,0.0,1.52,95.65
2018-01-12 18:00:00,1,18,0.82,0.0,-0.0,0.0,1.45,95.65
2018-01-12 19:00:00,1,19,2.08,0.0,-0.0,0.0,1.38,88.65
2018-01-12 20:00:00,1,20,1.66,0.0,-0.0,0.0,1.38,88.6
2018-01-12 21:00:00,1,21,1.2,0.0,-0.0,0.0,1.38,88.55
2018-01-12 22:00:00,1,22,0.68,0.0,-0.0,0.0,1.31,88.5
2018-01-12 23:00:00,1,23,0.17,0.0,-0.0,0.0,1.31,88.45
2018-01-13 00:00:00,1,0,-0.34,0.0,-0.0,0.0,1.31,88.45
2018-01-13 01:00:00,1,1,-0.89,0.0,-0.0,0.0,1.17,88.4
2018-01-13 02:00:00,1,2,-0.68,0.0,-0.0,0.0,1.03,88.4
2018-01-13 03:00:00,1,3,0.91,0.0,-0.0,0.0,0.83,78.8
2018-01-13 04:00:00,1,4,1.83,0.0,-0.0,0.0,0.55,78.9
2018-01-13 05:00:00,1,5,2.13,92.0,181.8,64.0,0.28,78.95
2018-01-13 06:00:00,1,6,3.05,234.0,379.12,121.0,0.48,85.4
2018-01-13 07:00:00,1,7,5.22,268.0,172.43,198.0,1.24,73.55
2018-01-13 08:00:00,1,8,5.81,287.0,114.8,233.0,1.59,73.65
2018-01-13 09:00:00,1,9,6.12,224.0,26.7,211.0,1.72,73.7
2018-01-13 10:00:00,1,10,6.38,192.0,15.4,185.0,2.0,73.7
2018-01-13 11:00:00,1,11,6.07,134.0,5.33,132.0,2.14,76.55
2018-01-13 12:00:00,1,12,5.51,64.0,0.0,64.0,2.07,76.5
2018-01-13 13:00:00,1,13,4.46,11.0,0.0,11.0,1.86,82.35
2018-01-13 14:00:00,1,14,2.88,0.0,-0.0,0.0,1.66,88.7
2018-01-13 15:00:00,1,15,1.96,0.0,-0.0,0.0,1.59,95.65
2018-01-13 16:00:00,1,16,1.51,0.0,-0.0,0.0,1.45,99.4
2018-01-13 17:00:00,1,17,0.97,0.0,-0.0,0.0,1.24,99.35
2018-01-13 18:00:00,1,18,0.69,0.0,-0.0,0.0,1.24,100.0
2018-01-13 19:00:00,1,19,0.62,0.0,-0.0,0.0,1.45,95.65
2018-01-13 20:00:00,1,20,0.36,0.0,-0.0,0.0,1.45,95.65
2018-01-13 21:00:00,1,21,0.13,0.0,-0.0,0.0,1.45,95.6
2018-01-13 22:00:00,1,22,-0.05,0.0,-0.0,0.0,1.24,95.6
2018-01-13 23:00:00,1,23,-0.2,0.0,-0.0,0.0,1.38,95.6
2018-01-14 00:00:00,1,0,-0.29,0.0,-0.0,0.0,1.45,95.6
2018-01-14 01:00:00,1,1,-0.56,0.0,-0.0,0.0,1.38,95.6
2018-01-14 02:00:00,1,2,-0.62,0.0,-0.0,0.0,1.38,91.95
2018-01-14 03:00:00,1,3,-0.83,0.0,-0.0,0.0,1.17,95.6
2018-01-14 04:00:00,1,4,-0.86,0.0,-0.0,0.0,1.31,95.6
2018-01-14 05:00:00,1,5,-0.98,93.0,186.74,64.0,1.45,91.95
2018-01-14 06:00:00,1,6,-0.72,43.0,0.0,43.0,1.59,91.95
2018-01-14 07:00:00,1,7,-0.02,79.0,0.0,79.0,1.66,88.45
2018-01-14 08:00:00,1,8,0.4,91.0,0.0,91.0,1.72,85.15
2018-01-14 09:00:00,1,9,0.81,108.0,0.0,108.0,1.79,85.15
2018-01-14 10:00:00,1,10,0.99,100.0,0.0,100.0,2.0,81.95
2018-01-14 11:00:00,1,11,0.76,97.0,0.0,97.0,1.86,85.15
2018-01-14 12:00:00,1,12,0.35,54.0,0.0,54.0,1.86,88.45
2018-01-14 13:00:00,1,13,0.11,11.0,0.0,11.0,1.72,92.0
2018-01-14 14:00:00,1,14,-0.28,0.0,-0.0,0.0,1.59,95.6
2018-01-14 15:00:00,1,15,-0.69,0.0,-0.0,0.0,1.38,99.4
2018-01-14 16:00:00,1,16,-0.68,0.0,-0.0,0.0,1.45,95.6
2018-01-14 17:00:00,1,17,-0.75,0.0,-0.0,0.0,1.52,95.6
2018-01-14 18:00:00,1,18,-1.04,0.0,-0.0,0.0,1.45,95.6
2018-01-14 19:00:00,1,19,-1.11,0.0,-0.0,0.0,1.45,95.6
2018-01-14 20:00:00,1,20,-1.06,0.0,-0.0,0.0,1.38,95.6
2018-01-14 21:00:00,1,21,-1.19,0.0,-0.0,0.0,1.31,99.4
2018-01-14 22:00:00,1,22,-1.31,0.0,-0.0,0.0,1.24,99.4
2018-01-14 23:00:00,1,23,-1.45,0.0,-0.0,0.0,1.17,99.4
2018-01-15 00:00:00,1,0,-1.58,0.0,-0.0,0.0,1.17,95.6
2018-01-15 01:00:00,1,1,-1.36,0.0,-0.0,0.0,1.17,99.4
2018-01-15 02:00:00,1,2,-1.41,0.0,-0.0,0.0,1.03,99.4
2018-01-15 03:00:00,1,3,-1.5,0.0,-0.0,0.0,0.9,99.4
2018-01-15 04:00:00,1,4,-1.7,0.0,-0.0,0.0,0.97,99.4
2018-01-15 05:00:00,1,5,-1.99,11.0,0.0,11.0,1.1,95.55
2018-01-15 06:00:00,1,6,-1.01,35.0,0.0,35.0,0.9,91.95
2018-01-15 07:00:00,1,7,-0.05,217.0,63.4,191.0,0.76,85.1
2018-01-15 08:00:00,1,8,0.02,258.0,65.23,227.0,0.76,88.45
2018-01-15 09:00:00,1,9,0.89,289.0,93.42,243.0,0.76,81.95
2018-01-15 10:00:00,1,10,1.01,205.0,21.72,195.0,0.83,85.2
2018-01-15 11:00:00,1,11,1.11,224.0,110.08,182.0,0.97,85.2
2018-01-15 12:00:00,1,12,0.87,170.0,203.02,117.0,1.03,88.55
2018-01-15 13:00:00,1,13,0.66,49.0,93.27,39.0,1.03,92.0
2018-01-15 14:00:00,1,14,0.09,0.0,-0.0,0.0,0.76,95.6
2018-01-15 15:00:00,1,15,0.04,0.0,-0.0,0.0,0.55,92.0
2018-01-15 16:00:00,1,16,-0.08,0.0,-0.0,0.0,0.62,95.6
2018-01-15 17:00:00,1,17,-0.24,0.0,-0.0,0.0,0.69,95.6
2018-01-15 18:00:00,1,18,-0.3,0.0,-0.0,0.0,0.69,95.6
2018-01-15 19:00:00,1,19,0.23,0.0,-0.0,0.0,0.55,99.4
2018-01-15 20:00:00,1,20,-0.02,0.0,-0.0,0.0,0.62,99.4
2018-01-15 21:00:00,1,21,-0.46,0.0,-0.0,0.0,0.62,99.4
2018-01-15 22:00:00,1,22,-0.75,0.0,-0.0,0.0,0.62,99.4
2018-01-15 23:00:00,1,23,-1.0,0.0,-0.0,0.0,0.55,99.4
2018-01-16 00:00:00,1,0,-1.19,0.0,-0.0,0.0,0.55,99.4
2018-01-16 01:00:00,1,1,-1.68,0.0,-0.0,0.0,0.83,99.4
2018-01-16 02:00:00,1,2,-2.2,0.0,-0.0,0.0,0.97,95.55
2018-01-16 03:00:00,1,3,-2.44,0.0,-0.0,0.0,0.76,95.55
2018-01-16 04:00:00,1,4,-2.91,0.0,-0.0,0.0,0.76,95.55
2018-01-16 05:00:00,1,5,-2.48,24.0,0.0,24.0,0.76,91.85
2018-01-16 06:00:00,1,6,-1.13,108.0,6.59,106.0,0.48,91.95
2018-01-16 07:00:00,1,7,1.0,190.0,29.1,178.0,0.69,81.95
2018-01-16 08:00:00,1,8,0.9,282.0,96.27,236.0,1.17,85.2
2018-01-16 09:00:00,1,9,2.05,307.0,119.12,248.0,1.38,82.05
2018-01-16 10:00:00,1,10,2.03,371.0,345.15,211.0,1.66,82.05
2018-01-16 11:00:00,1,11,2.01,283.0,270.26,179.0,1.72,82.05
2018-01-16 12:00:00,1,12,1.74,228.0,552.18,82.0,1.72,85.25
2018-01-16 13:00:00,1,13,1.17,70.0,289.5,38.0,1.38,88.55
2018-01-16 14:00:00,1,14,0.61,0.0,-0.0,0.0,1.03,92.0
2018-01-16 15:00:00,1,15,0.15,0.0,-0.0,0.0,1.03,92.0
2018-01-16 16:00:00,1,16,-0.21,0.0,-0.0,0.0,0.9,95.6
2018-01-16 17:00:00,1,17,0.02,0.0,-0.0,0.0,0.76,92.0
2018-01-16 18:00:00,1,18,0.03,0.0,-0.0,0.0,0.69,92.0
2018-01-16 19:00:00,1,19,-0.23,0.0,-0.0,0.0,0.41,91.95
2018-01-16 20:00:00,1,20,-0.34,0.0,-0.0,0.0,0.55,91.95
2018-01-16 21:00:00,1,21,-0.67,0.0,-0.0,0.0,0.48,95.6
2018-01-16 22:00:00,1,22,-0.93,0.0,-0.0,0.0,0.48,95.6
2018-01-16 23:00:00,1,23,-1.08,0.0,-0.0,0.0,0.41,91.95
2018-01-17 00:00:00,1,0,-1.22,0.0,-0.0,0.0,0.34,95.6
2018-01-17 01:00:00,1,1,-1.46,0.0,-0.0,0.0,0.41,95.6
2018-01-17 02:00:00,1,2,-1.46,0.0,-0.0,0.0,0.34,91.9
2018-01-17 03:00:00,1,3,-1.67,0.0,-0.0,0.0,0.34,95.55
2018-01-17 04:00:00,1,4,-1.88,0.0,-0.0,0.0,0.48,91.85
2018-01-17 05:00:00,1,5,-1.52,31.0,0.0,31.0,0.55,84.95
2018-01-17 06:00:00,1,6,0.17,74.0,0.0,74.0,0.41,81.8
2018-01-17 07:00:00,1,7,2.22,67.0,0.0,67.0,0.62,73.0
2018-01-17 08:00:00,1,8,1.54,123.0,0.0,123.0,0.97,78.9
2018-01-17 09:00:00,1,9,3.24,230.0,26.09,217.0,1.24,79.1
2018-01-17 10:00:00,1,10,2.97,257.0,68.56,225.0,1.45,79.1
2018-01-17 11:00:00,1,11,2.98,262.0,188.06,189.0,1.66,79.1
2018-01-17 12:00:00,1,12,2.59,194.0,294.97,115.0,1.66,82.15
2018-01-17 13:00:00,1,13,1.55,34.0,8.78,33.0,1.31,88.6
2018-01-17 14:00:00,1,14,0.43,0.0,-0.0,0.0,1.1,92.0
2018-01-17 15:00:00,1,15,0.75,0.0,-0.0,0.0,0.69,88.5
2018-01-17 16:00:00,1,16,-0.17,0.0,-0.0,0.0,0.97,95.6
2018-01-17 17:00:00,1,17,-1.07,0.0,-0.0,0.0,1.1,91.95
2018-01-17 18:00:00,1,18,-1.32,0.0,-0.0,0.0,1.1,91.9
2018-01-17 19:00:00,1,19,-1.37,0.0,-0.0,0.0,1.24,84.95
2018-01-17 20:00:00,1,20,-1.48,0.0,-0.0,0.0,1.24,81.65
2018-01-17 21:00:00,1,21,-1.37,0.0,-0.0,0.0,1.17,78.45
2018-01-17 22:00:00,1,22,-1.18,0.0,-0.0,0.0,1.1,78.45
2018-01-17 23:00:00,1,23,-0.96,0.0,-0.0,0.0,1.1,72.5
2018-01-18 00:00:00,1,0,-0.8,0.0,-0.0,0.0,1.1,72.5
2018-01-18 01:00:00,1,1,-0.56,0.0,-0.0,0.0,1.1,69.75
2018-01-18 02:00:00,1,2,-0.75,0.0,-0.0,0.0,1.17,72.5
2018-01-18 03:00:00,1,3,-1.0,0.0,-0.0,0.0,1.17,72.5
2018-01-18 04:00:00,1,4,-1.48,0.0,-0.0,0.0,1.17,75.35
2018-01-18 05:00:00,1,5,-1.08,79.0,80.51,66.0,1.17,75.45
2018-01-18 06:00:00,1,6,2.34,284.0,647.5,85.0,0.62,78.95
2018-01-18 07:00:00,1,7,5.8,406.0,714.48,108.0,0.76,58.45
2018-01-18 08:00:00,1,8,7.79,489.0,780.13,112.0,0.14,46.65
2018-01-18 09:00:00,1,9,8.66,514.0,801.88,112.0,0.55,46.8
2018-01-18 10:00:00,1,10,9.1,477.0,791.38,105.0,0.76,48.8
2018-01-18 11:00:00,1,11,6.74,385.0,743.08,94.0,1.24,63.35
2018-01-18 12:00:00,1,12,4.52,247.0,645.03,72.0,1.59,76.3
2018-01-18 13:00:00,1,13,3.22,71.0,238.61,43.0,1.72,88.7
2018-01-18 14:00:00,1,14,1.71,0.0,-0.0,0.0,1.59,92.05
2018-01-18 15:00:00,1,15,1.24,0.0,-0.0,0.0,1.1,95.65
2018-01-18 16:00:00,1,16,-0.81,0.0,-0.0,0.0,1.52,99.4
2018-01-18 17:00:00,1,17,-1.7,0.0,-0.0,0.0,1.59,99.4
2018-01-18 18:00:00,1,18,-1.45,0.0,-0.0,0.0,1.45,95.6
2018-01-18 19:00:00,1,19,0.46,0.0,-0.0,0.0,1.31,88.5
2018-01-18 20:00:00,1,20,-0.29,0.0,-0.0,0.0,1.45,91.95
2018-01-18 21:00:00,1,21,-2.07,0.0,-0.0,0.0,1.66,91.85
2018-01-18 22:00:00,1,22,-1.86,0.0,-0.0,0.0,1.59,95.55
2018-01-18 23:00:00,1,23,-1.5,0.0,-0.0,0.0,1.52,91.9
2018-01-19 00:00:00,1,0,-2.18,0.0,-0.0,0.0,1.66,91.85
2018-01-19 01:00:00,1,1,-2.05,0.0,-0.0,0.0,1.59,91.85
2018-01-19 02:00:00,1,2,-3.14,0.0,-0.0,0.0,1.72,88.25
2018-01-19 03:00:00,1,3,-3.51,0.0,-0.0,0.0,1.72,88.25
2018-01-19 04:00:00,1,4,-3.66,0.0,-0.0,0.0,1.66,84.8
2018-01-19 05:00:00,1,5,-2.11,113.0,312.34,62.0,1.52,84.85
2018-01-19 06:00:00,1,6,4.14,293.0,694.65,78.0,1.1,76.25
2018-01-19 07:00:00,1,7,8.01,415.0,750.67,100.0,0.48,63.7
2018-01-19 08:00:00,1,8,9.02,421.0,460.79,197.0,0.9,59.15
2018-01-19 09:00:00,1,9,9.13,208.0,11.89,202.0,1.1,59.15
2018-01-19 10:00:00,1,10,9.06,417.0,494.26,183.0,1.38,61.45
2018-01-19 11:00:00,1,11,9.5,380.0,708.66,100.0,1.93,63.9
2018-01-19 12:00:00,1,12,9.45,241.0,589.42,79.0,1.72,66.35
2018-01-19 13:00:00,1,13,9.25,67.0,173.79,46.0,1.45,71.4
2018-01-19 14:00:00,1,14,7.04,0.0,-0.0,0.0,1.45,76.7
2018-01-19 15:00:00,1,15,7.05,0.0,-0.0,0.0,0.48,76.7
2018-01-19 16:00:00,1,16,5.9,0.0,-0.0,0.0,0.76,79.5
2018-01-19 17:00:00,1,17,5.21,0.0,-0.0,0.0,0.97,82.4
2018-01-19 18:00:00,1,18,3.15,0.0,-0.0,0.0,1.52,88.7
2018-01-19 19:00:00,1,19,3.36,0.0,-0.0,0.0,1.38,88.7
2018-01-19 20:00:00,1,20,3.95,0.0,-0.0,0.0,1.31,82.3
2018-01-19 21:00:00,1,21,3.04,0.0,-0.0,0.0,1.38,88.7
2018-01-19 22:00:00,1,22,2.38,0.0,-0.0,0.0,1.72,92.15
2018-01-19 23:00:00,1,23,1.96,0.0,-0.0,0.0,1.45,95.65
2018-01-20 00:00:00,1,0,2.21,0.0,-0.0,0.0,1.24,95.65
2018-01-20 01:00:00,1,1,2.47,0.0,-0.0,0.0,1.24,95.7
2018-01-20 02:00:00,1,2,2.55,0.0,-0.0,0.0,1.31,95.7
2018-01-20 03:00:00,1,3,2.36,0.0,-0.0,0.0,1.45,95.65
2018-01-20 04:00:00,1,4,2.92,0.0,-0.0,0.0,1.38,92.15
2018-01-20 05:00:00,1,5,3.42,16.0,0.0,16.0,1.45,92.15
2018-01-20 06:00:00,1,6,4.0,42.0,0.0,42.0,1.38,92.2
2018-01-20 07:00:00,1,7,6.5,67.0,0.0,67.0,0.83,92.35
2018-01-20 08:00:00,1,8,7.68,167.0,2.04,166.0,0.48,85.85
2018-01-20 09:00:00,1,9,7.64,133.0,0.0,133.0,0.0,85.85
2018-01-20 10:00:00,1,10,7.71,177.0,6.29,174.0,0.55,89.05
2018-01-20 11:00:00,1,11,7.87,75.0,0.0,75.0,1.03,89.05
2018-01-20 12:00:00,1,12,7.91,60.0,0.0,60.0,1.17,89.05
2018-01-20 13:00:00,1,13,7.54,23.0,0.0,23.0,0.97,89.05
2018-01-20 14:00:00,1,14,6.75,0.0,-0.0,0.0,0.62,95.8
2018-01-20 15:00:00,1,15,6.55,0.0,-0.0,0.0,0.55,89.0
2018-01-20 16:00:00,1,16,4.76,0.0,-0.0,0.0,1.03,95.75
2018-01-20 17:00:00,1,17,3.66,0.0,-0.0,0.0,1.31,95.7
2018-01-20 18:00:00,1,18,2.73,0.0,-0.0,0.0,1.38,95.7
2018-01-20 19:00:00,1,19,2.07,0.0,-0.0,0.0,1.52,95.65
2018-01-20 20:00:00,1,20,0.45,0.0,-0.0,0.0,1.66,95.65
2018-01-20 21:00:00,1,21,-0.68,0.0,-0.0,0.0,1.59,99.4
2018-01-20 22:00:00,1,22,-1.23,0.0,-0.0,0.0,1.52,99.4
2018-01-20 23:00:00,1,23,-1.61,0.0,-0.0,0.0,1.52,95.6
2018-01-21 00:00:00,1,0,-1.77,0.0,-0.0,0.0,1.59,95.55
2018-01-21 01:00:00,1,1,-1.53,0.0,-0.0,0.0,1.66,91.9
2018-01-21 02:00:00,1,2,-1.63,0.0,-0.0,0.0,1.72,91.9
2018-01-21 03:00:00,1,3,-1.48,0.0,-0.0,0.0,1.72,91.9
2018-01-21 04:00:00,1,4,-1.51,0.0,-0.0,0.0,1.72,91.9
2018-01-21 05:00:00,1,5,-0.66,59.0,17.94,56.0,1.66,95.6
2018-01-21 06:00:00,1,6,2.99,174.0,92.31,145.0,1.31,88.7
2018-01-21 07:00:00,1,7,8.27,269.0,141.18,209.0,1.17,74.05
2018-01-21 08:00:00,1,8,10.81,417.0,420.61,210.0,0.9,66.55
2018-01-21 09:00:00,1,9,12.65,376.0,244.6,251.0,0.62,57.75
2018-01-21 10:00:00,1,10,13.86,332.0,195.67,238.0,0.41,53.85
2018-01-21 11:00:00,1,11,14.5,299.0,278.38,187.0,0.48,52.15
2018-01-21 12:00:00,1,12,14.26,231.0,453.72,103.0,1.03,56.0
2018-01-21 13:00:00,1,13,12.79,69.0,148.48,50.0,1.38,66.95
2018-01-21 14:00:00,1,14,10.26,0.0,-0.0,0.0,0.97,82.95
2018-01-21 15:00:00,1,15,9.95,0.0,-0.0,0.0,0.41,74.3
2018-01-21 16:00:00,1,16,7.64,0.0,-0.0,0.0,1.24,76.8
2018-01-21 17:00:00,1,17,3.22,0.0,-0.0,0.0,1.72,88.7
2018-01-21 18:00:00,1,18,1.1,0.0,-0.0,0.0,1.79,92.05
2018-01-21 19:00:00,1,19,0.51,0.0,-0.0,0.0,2.21,85.15
2018-01-21 20:00:00,1,20,0.3,0.0,-0.0,0.0,2.14,85.1
2018-01-21 21:00:00,1,21,0.19,0.0,-0.0,0.0,2.0,81.8
2018-01-21 22:00:00,1,22,-0.1,0.0,-0.0,0.0,1.86,78.65
2018-01-21 23:00:00,1,23,-0.38,0.0,-0.0,0.0,1.79,78.6
2018-01-22 00:00:00,1,0,-0.83,0.0,-0.0,0.0,1.79,78.5
2018-01-22 01:00:00,1,1,-1.12,0.0,-0.0,0.0,1.79,78.5
2018-01-22 02:00:00,1,2,-0.87,0.0,-0.0,0.0,1.72,81.7
2018-01-22 03:00:00,1,3,-0.68,0.0,-0.0,0.0,1.66,81.7
2018-01-22 04:00:00,1,4,-0.67,0.0,-0.0,0.0,1.66,81.7
2018-01-22 05:00:00,1,5,0.12,28.0,0.0,28.0,1.38,81.8
2018-01-22 06:00:00,1,6,4.01,85.0,0.0,85.0,0.97,82.3
2018-01-22 07:00:00,1,7,7.8,230.0,65.45,202.0,0.83,68.6
2018-01-22 08:00:00,1,8,10.49,339.0,179.69,250.0,0.41,55.15
2018-01-22 09:00:00,1,9,11.68,310.0,101.08,258.0,0.55,49.45
2018-01-22 10:00:00,1,10,12.05,371.0,285.12,233.0,0.9,47.75
2018-01-22 11:00:00,1,11,12.08,158.0,9.85,154.0,1.1,49.6
2018-01-22 12:00:00,1,12,11.23,184.0,181.93,132.0,1.31,59.6
2018-01-22 13:00:00,1,13,9.8,78.0,205.17,51.0,1.24,68.9
2018-01-22 14:00:00,1,14,7.79,0.0,-0.0,0.0,1.1,76.8
2018-01-22 15:00:00,1,15,5.69,0.0,-0.0,0.0,0.97,85.65
2018-01-22 16:00:00,1,16,2.92,0.0,-0.0,0.0,1.59,88.7
2018-01-22 17:00:00,1,17,0.91,0.0,-0.0,0.0,1.66,95.65
2018-01-22 18:00:00,1,18,-0.54,0.0,-0.0,0.0,1.52,95.6
2018-01-22 19:00:00,1,19,-0.75,0.0,-0.0,0.0,1.66,91.95
2018-01-22 20:00:00,1,20,-1.1,0.0,-0.0,0.0,1.72,85.0
2018-01-22 21:00:00,1,21,-1.47,0.0,-0.0,0.0,1.79,84.95
2018-01-22 22:00:00,1,22,-1.63,0.0,-0.0,0.0,1.79,81.65
2018-01-22 23:00:00,1,23,-1.7,0.0,-0.0,0.0,1.86,81.55
2018-01-23 00:00:00,1,0,-1.76,0.0,-0.0,0.0,1.86,81.55
2018-01-23 01:00:00,1,1,-1.65,0.0,-0.0,0.0,2.0,75.35
2018-01-23 02:00:00,1,2,-1.68,0.0,-0.0,0.0,2.07,78.35
2018-01-23 03:00:00,1,3,-1.7,0.0,-0.0,0.0,2.21,78.35
2018-01-23 04:00:00,1,4,-1.69,0.0,-0.0,0.0,2.28,75.3
2018-01-23 05:00:00,1,5,-0.53,113.0,250.62,70.0,2.21,75.55
2018-01-23 06:00:00,1,6,4.44,286.0,576.38,102.0,1.86,70.7
2018-01-23 07:00:00,1,7,9.08,416.0,677.88,124.0,1.72,59.15
2018-01-23 08:00:00,1,8,11.78,468.0,591.74,173.0,1.59,49.45
2018-01-23 09:00:00,1,9,13.49,535.0,808.96,116.0,1.38,44.65
2018-01-23 10:00:00,1,10,14.45,437.0,510.58,188.0,1.24,43.1
2018-01-23 11:00:00,1,11,14.97,394.0,688.14,112.0,0.97,43.25
2018-01-23 12:00:00,1,12,14.71,205.0,262.43,129.0,0.48,48.4
2018-01-23 13:00:00,1,13,13.24,30.0,0.0,30.0,1.1,62.3
2018-01-23 14:00:00,1,14,10.95,0.0,-0.0,0.0,1.1,69.1
2018-01-23 15:00:00,1,15,11.0,0.0,-0.0,0.0,0.69,59.6
2018-01-23 16:00:00,1,16,10.49,0.0,-0.0,0.0,0.62,59.5
2018-01-23 17:00:00,1,17,9.55,0.0,-0.0,0.0,0.83,61.55
2018-01-23 18:00:00,1,18,7.12,0.0,-0.0,0.0,1.17,65.95
2018-01-23 19:00:00,1,19,2.86,0.0,-0.0,0.0,1.52,85.35
2018-01-23 20:00:00,1,20,1.03,0.0,-0.0,0.0,1.52,92.05
2018-01-23 21:00:00,1,21,0.96,0.0,-0.0,0.0,1.45,92.05
2018-01-23 22:00:00,1,22,1.0,0.0,-0.0,0.0,1.45,92.05
2018-01-23 23:00:00,1,23,1.26,0.0,-0.0,0.0,1.45,92.05
2018-01-24 00:00:00,1,0,1.07,0.0,-0.0,0.0,1.52,88.55
2018-01-24 01:00:00,1,1,0.64,0.0,-0.0,0.0,1.59,88.5
2018-01-24 02:00:00,1,2,0.15,0.0,-0.0,0.0,1.59,88.45
2018-01-24 03:00:00,1,3,-0.33,0.0,-0.0,0.0,1.52,88.45
2018-01-24 04:00:00,1,4,-0.73,0.0,-0.0,0.0,1.45,88.4
2018-01-24 05:00:00,1,5,0.39,61.0,17.25,58.0,1.24,85.15
2018-01-24 06:00:00,1,6,4.71,173.0,83.87,146.0,0.69,82.35
2018-01-24 07:00:00,1,7,9.07,283.0,163.68,212.0,0.48,63.8
2018-01-24 08:00:00,1,8,10.67,411.0,378.59,221.0,1.38,57.3
2018-01-24 09:00:00,1,9,11.33,472.0,538.81,191.0,1.72,57.4
2018-01-24 10:00:00,1,10,11.66,475.0,687.8,137.0,1.86,57.55
2018-01-24 11:00:00,1,11,11.69,350.0,459.35,160.0,1.93,57.55
2018-01-24 12:00:00,1,12,11.19,147.0,64.75,128.0,1.86,59.6
2018-01-24 13:00:00,1,13,10.24,59.0,57.55,51.0,1.38,66.45
2018-01-24 14:00:00,1,14,8.66,0.0,-0.0,0.0,1.31,76.85
2018-01-24 15:00:00,1,15,7.24,0.0,-0.0,0.0,0.83,82.65
2018-01-24 16:00:00,1,16,7.51,0.0,-0.0,0.0,0.41,76.8
2018-01-24 17:00:00,1,17,7.2,0.0,-0.0,0.0,0.41,79.65
2018-01-24 18:00:00,1,18,6.82,0.0,-0.0,0.0,0.55,82.6
2018-01-24 19:00:00,1,19,4.69,0.0,-0.0,0.0,1.17,88.85
2018-01-24 20:00:00,1,20,3.43,0.0,-0.0,0.0,1.45,92.15
2018-01-24 21:00:00,1,21,3.37,0.0,-0.0,0.0,1.31,99.4
2018-01-24 22:00:00,1,22,3.88,0.0,-0.0,0.0,1.31,99.4
2018-01-24 23:00:00,1,23,4.0,0.0,-0.0,0.0,1.52,95.75
2018-01-25 00:00:00,1,0,3.81,0.0,-0.0,0.0,1.66,99.4
2018-01-25 01:00:00,1,1,3.15,0.0,-0.0,0.0,1.66,95.7
2018-01-25 02:00:00,1,2,2.74,0.0,-0.0,0.0,1.59,99.4
2018-01-25 03:00:00,1,3,2.47,0.0,-0.0,0.0,1.66,95.7
2018-01-25 04:00:00,1,4,2.13,0.0,0.0,0.0,1.59,99.4
2018-01-25 05:00:00,1,5,2.04,12.0,0.0,12.0,1.66,95.65
2018-01-25 06:00:00,1,6,2.18,88.0,0.0,88.0,1.59,95.65
2018-01-25 07:00:00,1,7,2.5,158.0,4.58,156.0,1.79,92.15
2018-01-25 08:00:00,1,8,2.58,133.0,0.0,133.0,1.72,92.15
2018-01-25 09:00:00,1,9,2.89,177.0,1.9,176.0,1.79,88.7
2018-01-25 10:00:00,1,10,3.11,103.0,0.0,103.0,1.79,88.7
2018-01-25 11:00:00,1,11,3.03,110.0,0.0,110.0,1.66,88.7
2018-01-25 12:00:00,1,12,3.05,31.0,0.0,31.0,1.66,88.7
2018-01-25 13:00:00,1,13,2.81,31.0,0.0,31.0,1.52,92.15
2018-01-25 14:00:00,1,14,2.34,0.0,-0.0,0.0,1.31,95.65
2018-01-25 15:00:00,1,15,1.94,0.0,-0.0,0.0,1.31,95.65
2018-01-25 16:00:00,1,16,1.56,0.0,-0.0,0.0,1.24,99.4
2018-01-25 17:00:00,1,17,1.37,0.0,-0.0,0.0,1.24,99.4
2018-01-25 18:00:00,1,18,1.24,0.0,-0.0,0.0,1.17,100.0
2018-01-25 19:00:00,1,19,1.07,0.0,-0.0,0.0,1.24,99.35
2018-01-25 20:00:00,1,20,0.95,0.0,-0.0,0.0,1.17,99.35
2018-01-25 21:00:00,1,21,0.84,0.0,-0.0,0.0,1.17,100.0
2018-01-25 22:00:00,1,22,0.73,0.0,-0.0,0.0,1.24,100.0
2018-01-25 23:00:00,1,23,0.64,0.0,-0.0,0.0,1.24,99.4
2018-01-26 00:00:00,1,0,0.56,0.0,-0.0,0.0,1.1,99.4
2018-01-26 01:00:00,1,1,0.73,0.0,-0.0,0.0,1.24,100.0
2018-01-26 02:00:00,1,2,0.74,0.0,-0.0,0.0,1.17,99.4
2018-01-26 03:00:00,1,3,0.67,0.0,-0.0,0.0,1.1,99.4
2018-01-26 04:00:00,1,4,0.56,0.0,0.0,0.0,1.1,99.4
2018-01-26 05:00:00,1,5,0.7,24.0,0.0,24.0,1.1,99.4
2018-01-26 06:00:00,1,6,1.02,52.0,0.0,52.0,1.24,95.65
2018-01-26 07:00:00,1,7,1.15,59.0,0.0,59.0,1.79,95.65
2018-01-26 08:00:00,1,8,1.07,154.0,0.0,154.0,1.59,95.65
2018-01-26 09:00:00,1,9,0.95,152.0,0.0,152.0,1.59,95.65
2018-01-26 10:00:00,1,10,0.98,137.0,0.0,137.0,1.59,95.65
2018-01-26 11:00:00,1,11,1.06,138.0,2.37,137.0,1.59,95.65
2018-01-26 12:00:00,1,12,1.05,87.0,0.0,87.0,1.52,95.65
2018-01-26 13:00:00,1,13,0.82,23.0,0.0,23.0,1.31,99.4
2018-01-26 14:00:00,1,14,0.5,0.0,-0.0,0.0,1.03,99.4
2018-01-26 15:00:00,1,15,0.34,0.0,-0.0,0.0,1.03,100.0
2018-01-26 16:00:00,1,16,0.13,0.0,-0.0,0.0,0.97,100.0
2018-01-26 17:00:00,1,17,-0.05,0.0,-0.0,0.0,0.97,99.4
2018-01-26 18:00:00,1,18,-0.31,0.0,-0.0,0.0,0.97,100.0
2018-01-26 19:00:00,1,19,-0.39,0.0,-0.0,0.0,0.9,99.4
2018-01-26 20:00:00,1,20,-0.26,0.0,-0.0,0.0,0.76,99.4
2018-01-26 21:00:00,1,21,-0.28,0.0,-0.0,0.0,0.76,99.4
2018-01-26 22:00:00,1,22,-0.41,0.0,-0.0,0.0,0.83,99.4
2018-01-26 23:00:00,1,23,-0.7,0.0,-0.0,0.0,0.97,100.0
2018-01-27 00:00:00,1,0,-0.82,0.0,-0.0,0.0,0.97,99.4
2018-01-27 01:00:00,1,1,-0.77,0.0,-0.0,0.0,1.03,99.4
2018-01-27 02:00:00,1,2,-0.71,0.0,-0.0,0.0,1.03,100.0
2018-01-27 03:00:00,1,3,-0.63,0.0,-0.0,0.0,1.03,99.4
2018-01-27 04:00:00,1,4,-0.78,0.0,0.0,0.0,1.03,99.4
2018-01-27 05:00:00,1,5,-0.63,15.0,0.0,15.0,0.97,99.4
2018-01-27 06:00:00,1,6,-0.13,34.0,0.0,34.0,1.03,95.6
2018-01-27 07:00:00,1,7,0.36,98.0,0.0,98.0,0.83,92.0
2018-01-27 08:00:00,1,8,0.75,128.0,0.0,128.0,1.03,92.0
2018-01-27 09:00:00,1,9,0.73,228.0,15.02,220.0,1.17,92.0
2018-01-27 10:00:00,1,10,0.72,284.0,79.52,244.0,1.31,92.0
2018-01-27 11:00:00,1,11,0.58,47.0,0.0,47.0,1.31,92.0
2018-01-27 12:00:00,1,12,0.45,91.0,0.0,91.0,1.24,92.0
2018-01-27 13:00:00,1,13,0.22,12.0,0.0,12.0,0.97,95.6
2018-01-27 14:00:00,1,14,-0.19,0.0,-0.0,0.0,0.83,99.4
2018-01-27 15:00:00,1,15,-0.51,0.0,-0.0,0.0,0.83,99.4
2018-01-27 16:00:00,1,16,-0.72,0.0,-0.0,0.0,0.83,99.4
2018-01-27 17:00:00,1,17,-0.86,0.0,-0.0,0.0,0.83,99.4
2018-01-27 18:00:00,1,18,-1.03,0.0,-0.0,0.0,0.76,95.6
2018-01-27 19:00:00,1,19,-1.02,0.0,-0.0,0.0,0.48,95.6
2018-01-27 20:00:00,1,20,-1.22,0.0,-0.0,0.0,0.55,99.4
2018-01-27 21:00:00,1,21,-1.5,0.0,-0.0,0.0,0.76,95.6
2018-01-27 22:00:00,1,22,-1.83,0.0,-0.0,0.0,0.9,99.4
2018-01-27 23:00:00,1,23,-1.86,0.0,-0.0,0.0,1.03,99.4
2018-01-28 00:00:00,1,0,-2.14,0.0,-0.0,0.0,1.1,95.55
2018-01-28 01:00:00,1,1,-2.22,0.0,-0.0,0.0,1.1,95.55
2018-01-28 02:00:00,1,2,-2.45,0.0,-0.0,0.0,1.03,91.85
2018-01-28 03:00:00,1,3,-2.71,0.0,-0.0,0.0,1.03,91.85
2018-01-28 04:00:00,1,4,-2.53,0.0,0.0,0.0,0.9,88.3
2018-01-28 05:00:00,1,5,-2.35,42.0,0.0,42.0,0.76,88.3
2018-01-28 06:00:00,1,6,-1.4,59.0,0.0,59.0,0.41,84.95
2018-01-28 07:00:00,1,7,-0.44,300.0,170.11,224.0,0.55,72.6
2018-01-28 08:00:00,1,8,-0.02,236.0,23.26,224.0,0.41,81.8
2018-01-28 09:00:00,1,9,0.92,303.0,70.82,265.0,0.55,64.65
2018-01-28 10:00:00,1,10,0.9,410.0,339.22,238.0,0.76,72.85
2018-01-28 11:00:00,1,11,0.97,338.0,325.97,198.0,0.97,70.05
2018-01-28 12:00:00,1,12,0.95,225.0,278.16,139.0,1.17,70.05
2018-01-28 13:00:00,1,13,0.28,79.0,103.7,63.0,1.1,75.6
2018-01-28 14:00:00,1,14,-0.78,0.0,-0.0,0.0,1.1,75.45
2018-01-28 15:00:00,1,15,-0.36,0.0,-0.0,0.0,0.69,67.0
2018-01-28 16:00:00,1,16,-1.0,0.0,-0.0,0.0,0.34,69.65
2018-01-28 17:00:00,1,17,-1.74,0.0,-0.0,0.0,0.34,72.3
2018-01-28 18:00:00,1,18,-2.72,0.0,-0.0,0.0,0.41,75.2
2018-01-28 19:00:00,1,19,-5.1,0.0,-0.0,0.0,1.38,71.85
2018-01-28 20:00:00,1,20,-6.16,0.0,-0.0,0.0,1.31,74.7
2018-01-28 21:00:00,1,21,-7.41,0.0,-0.0,0.0,1.45,77.6
2018-01-28 22:00:00,1,22,-8.71,0.0,-0.0,0.0,1.52,74.25
2018-01-28 23:00:00,1,23,-9.31,0.0,-0.0,0.0,1.31,77.3
2018-01-29 00:00:00,1,0,-9.64,0.0,-0.0,0.0,1.24,74.1
2018-01-29 01:00:00,1,1,-10.24,0.0,-0.0,0.0,1.24,74.0
2018-01-29 02:00:00,1,2,-10.01,0.0,-0.0,0.0,1.17,74.0
2018-01-29 03:00:00,1,3,-10.83,0.0,-0.0,0.0,1.24,73.8
2018-01-29 04:00:00,1,4,-10.89,0.0,0.0,0.0,1.24,73.8
2018-01-29 05:00:00,1,5,-10.15,93.0,69.5,80.0,1.17,70.9
2018-01-29 06:00:00,1,6,-6.54,298.0,501.82,129.0,1.03,63.1
2018-01-29 07:00:00,1,7,-1.73,447.0,686.3,138.0,0.9,54.3
2018-01-29 08:00:00,1,8,0.32,536.0,752.33,145.0,0.55,42.75
2018-01-29 09:00:00,1,9,1.11,568.0,791.89,140.0,0.34,41.3
2018-01-29 10:00:00,1,10,1.31,521.0,729.8,148.0,0.34,48.7
2018-01-29 11:00:00,1,11,1.02,436.0,733.43,118.0,0.69,67.3
2018-01-29 12:00:00,1,12,0.91,300.0,683.24,86.0,1.03,62.15
2018-01-29 13:00:00,1,13,0.3,134.0,568.92,44.0,1.03,67.1
2018-01-29 14:00:00,1,14,-0.07,0.0,-0.0,0.0,1.03,54.8
2018-01-29 15:00:00,1,15,-0.79,0.0,-0.0,0.0,0.34,56.85
2018-01-29 16:00:00,1,16,-1.93,0.0,-0.0,0.0,0.48,58.95
2018-01-29 17:00:00,1,17,-3.28,0.0,-0.0,0.0,1.1,63.8
2018-01-29 18:00:00,1,18,-4.4,0.0,-0.0,0.0,1.24,66.25
2018-01-29 19:00:00,1,19,-5.27,0.0,-0.0,0.0,1.24,58.2
2018-01-29 20:00:00,1,20,-6.19,0.0,-0.0,0.0,1.31,55.7
2018-01-29 21:00:00,1,21,-7.29,0.0,-0.0,0.0,1.38,60.25
2018-01-29 22:00:00,1,22,-7.86,0.0,-0.0,0.0,1.38,60.1
2018-01-29 23:00:00,1,23,-7.92,0.0,-0.0,0.0,1.38,60.1
2018-01-30 00:00:00,1,0,-8.14,0.0,-0.0,0.0,1.45,60.1
2018-01-30 01:00:00,1,1,-8.69,0.0,-0.0,0.0,1.59,62.65
2018-01-30 02:00:00,1,2,-8.93,0.0,-0.0,0.0,1.59,65.25
2018-01-30 03:00:00,1,3,-9.04,0.0,-0.0,0.0,1.66,65.25
2018-01-30 04:00:00,1,4,-8.58,0.0,0.0,0.0,1.72,65.4
2018-01-30 05:00:00,1,5,-6.56,90.0,57.9,79.0,1.59,63.1
2018-01-30 06:00:00,1,6,-2.09,315.0,617.6,105.0,1.38,56.6
2018-01-30 07:00:00,1,7,1.32,466.0,795.51,105.0,1.24,46.75
2018-01-30 08:00:00,1,8,3.31,548.0,827.08,115.0,0.9,41.85
2018-01-30 09:00:00,1,9,4.91,580.0,861.38,111.0,0.41,37.55
2018-01-30 10:00:00,1,10,5.99,549.0,865.67,103.0,0.28,30.85
2018-01-30 11:00:00,1,11,5.7,458.0,847.58,87.0,0.76,36.2
2018-01-30 12:00:00,1,12,3.37,305.0,712.28,79.0,1.38,62.6
2018-01-30 13:00:00,1,13,2.42,129.0,493.43,49.0,1.52,67.6
2018-01-30 14:00:00,1,14,1.5,0.0,-0.0,0.0,1.24,67.4
2018-01-30 15:00:00,1,15,2.27,0.0,-0.0,0.0,0.07,53.15
2018-01-30 16:00:00,1,16,0.61,0.0,-0.0,0.0,1.1,54.95
2018-01-30 17:00:00,1,17,-4.04,0.0,-0.0,0.0,1.66,66.35
2018-01-30 18:00:00,1,18,-6.39,0.0,-0.0,0.0,1.72,77.75
2018-01-30 19:00:00,1,19,-6.93,0.0,-0.0,0.0,1.79,74.55
2018-01-30 20:00:00,1,20,-7.52,0.0,-0.0,0.0,1.93,74.45
2018-01-30 21:00:00,1,21,-7.56,0.0,-0.0,0.0,2.07,71.4
2018-01-30 22:00:00,1,22,-7.37,0.0,-0.0,0.0,2.07,71.4
2018-01-30 23:00:00,1,23,-7.17,0.0,-0.0,0.0,2.07,68.55
2018-01-31 00:00:00,1,0,-7.18,0.0,-0.0,0.0,2.07,68.55
2018-01-31 01:00:00,1,1,-7.25,0.0,-0.0,0.0,2.07,71.4
2018-01-31 02:00:00,1,2,-7.45,0.0,-0.0,0.0,2.14,71.4
2018-01-31 03:00:00,1,3,-7.77,0.0,-0.0,0.0,2.21,74.35
2018-01-31 04:00:00,1,4,-7.93,0.0,0.0,0.0,2.28,71.3
2018-01-31 05:00:00,1,5,-6.43,154.0,466.33,64.0,2.21,71.55
2018-01-31 06:00:00,1,6,-1.91,327.0,690.22,90.0,1.93,64.0
2018-01-31 07:00:00,1,7,1.89,475.0,828.54,96.0,2.0,57.6
2018-01-31 08:00:00,1,8,5.08,559.0,862.71,104.0,2.07,60.65
2018-01-31 09:00:00,1,9,6.05,582.0,862.3,109.0,2.34,58.55
2018-01-31 10:00:00,1,10,7.63,545.0,843.33,107.0,2.97,50.45
2018-01-31 11:00:00,1,11,7.68,451.0,803.35,96.0,2.97,52.45
2018-01-31 12:00:00,1,12,7.38,303.0,684.49,83.0,2.28,56.55
2018-01-31 13:00:00,1,13,6.03,125.0,421.44,55.0,2.28,60.85
2018-01-31 14:00:00,1,14,4.25,0.0,-0.0,0.0,2.62,67.9
2018-01-31 15:00:00,1,15,1.5,0.0,-0.0,0.0,2.48,72.95
2018-01-31 16:00:00,1,16,-1.03,0.0,-0.0,0.0,1.45,69.96
2018-01-31 17:00:00,1,17,-0.79,0.0,-0.0,0.0,1.4,71.19
2018-01-31 18:00:00,1,18,-0.54,0.0,-0.0,0.0,1.34,72.41
2018-01-31 19:00:00,1,19,-0.3,0.0,-0.0,0.0,1.28,73.64
2018-01-31 20:00:00,1,20,-0.06,0.0,-0.0,0.0,1.23,74.86
2018-01-31 21:00:00,1,21,0.19,0.0,-0.0,0.0,1.17,76.08
2018-01-31 22:00:00,1,22,0.43,0.0,-0.0,0.0,1.12,77.31
2018-01-31 23:00:00,1,23,0.67,0.0,-0.0,0.0,1.06,78.53
2009-02-01 00:00:00,2,0,0.92,0.0,-0.0,0.0,1.01,79.75
2009-02-01 01:00:00,2,1,1.16,0.0,-0.0,0.0,0.95,80.98
2009-02-01 02:00:00,2,2,1.4,0.0,-0.0,0.0,0.9,82.2
2009-02-01 03:00:00,2,3,1.65,0.0,-0.0,0.0,0.84,83.42
2009-02-01 04:00:00,2,4,1.89,0.0,0.0,0.0,0.78,84.65
2009-02-01 05:00:00,2,5,2.13,50.0,0.0,50.0,0.73,85.87
2009-02-01 06:00:00,2,6,2.38,46.0,0.0,46.0,0.67,87.09
2009-02-01 07:00:00,2,7,2.62,285.0,127.94,226.0,0.62,88.32
2009-02-01 08:00:00,2,8,7.63,246.0,26.35,232.0,1.24,76.8
2009-02-01 09:00:00,2,9,8.59,224.0,10.86,218.0,1.31,79.75
2009-02-01 10:00:00,2,10,9.16,311.0,99.32,259.0,1.59,76.95
2009-02-01 11:00:00,2,11,9.34,258.0,96.39,215.0,2.0,76.95
2009-02-01 12:00:00,2,12,9.05,85.0,0.0,85.0,2.07,76.95
2009-02-01 13:00:00,2,13,8.14,56.0,11.76,54.0,1.93,82.7
2009-02-01 14:00:00,2,14,6.66,0.0,-0.0,0.0,1.59,89.0
2009-02-01 15:00:00,2,15,5.62,0.0,-0.0,0.0,1.24,92.3
2009-02-01 16:00:00,2,16,4.78,0.0,-0.0,0.0,0.83,99.4
2009-02-01 17:00:00,2,17,5.05,0.0,-0.0,0.0,0.34,95.75
2009-02-01 18:00:00,2,18,4.27,0.0,-0.0,0.0,0.62,99.4
2009-02-01 19:00:00,2,19,4.26,0.0,-0.0,0.0,0.83,95.75
2009-02-01 20:00:00,2,20,3.79,0.0,-0.0,0.0,1.03,99.4
2009-02-01 21:00:00,2,21,3.66,0.0,-0.0,0.0,0.76,99.4
2009-02-01 22:00:00,2,22,3.63,0.0,-0.0,0.0,0.62,99.4
2009-02-01 23:00:00,2,23,3.82,0.0,-0.0,0.0,0.48,99.4
2009-02-02 00:00:00,2,0,4.0,0.0,-0.0,0.0,0.34,95.75
2009-02-02 01:00:00,2,1,4.26,0.0,-0.0,0.0,0.28,99.4
2009-02-02 02:00:00,2,2,4.16,0.0,-0.0,0.0,0.48,99.4
2009-02-02 03:00:00,2,3,3.63,0.0,-0.0,0.0,0.76,99.4
2009-02-02 04:00:00,2,4,3.11,0.0,0.0,0.0,0.9,99.4
2009-02-02 05:00:00,2,5,3.69,18.0,0.0,18.0,0.69,99.4
2009-02-02 06:00:00,2,6,4.87,58.0,0.0,58.0,0.9,99.4
2009-02-02 07:00:00,2,7,6.27,164.0,4.3,162.0,0.97,88.95
2009-02-02 08:00:00,2,8,6.71,142.0,0.0,142.0,1.24,89.0
2009-02-02 09:00:00,2,9,7.28,356.0,136.49,280.0,1.59,82.65
2009-02-02 10:00:00,2,10,7.56,188.0,3.79,186.0,2.07,82.7
2009-02-02 11:00:00,2,11,7.71,202.0,26.64,190.0,2.28,82.7
2009-02-02 12:00:00,2,12,7.24,161.0,54.59,143.0,2.0,82.65
2009-02-02 13:00:00,2,13,6.87,96.0,143.59,71.0,1.93,85.75
2009-02-02 14:00:00,2,14,5.94,0.0,-0.0,0.0,1.52,88.95
2009-02-02 15:00:00,2,15,5.08,0.0,-0.0,0.0,1.38,92.25
2009-02-02 16:00:00,2,16,4.39,0.0,-0.0,0.0,1.24,95.75
2009-02-02 17:00:00,2,17,4.1,0.0,-0.0,0.0,0.97,99.4
2009-02-02 18:00:00,2,18,4.04,0.0,-0.0,0.0,0.83,99.4
2009-02-02 19:00:00,2,19,3.18,0.0,-0.0,0.0,0.97,99.4
2009-02-02 20:00:00,2,20,3.1,0.0,-0.0,0.0,0.83,99.4
2009-02-02 21:00:00,2,21,2.49,0.0,-0.0,0.0,1.03,99.4
2009-02-02 22:00:00,2,22,2.21,0.0,-0.0,0.0,0.9,99.4
2009-02-02 23:00:00,2,23,1.86,0.0,-0.0,0.0,0.97,95.65
2009-02-03 00:00:00,2,0,1.26,0.0,-0.0,0.0,0.97,99.35
2009-02-03 01:00:00,2,1,1.06,0.0,-0.0,0.0,0.9,99.35
2009-02-03 02:00:00,2,2,1.2,0.0,-0.0,0.0,0.9,99.35
2009-02-03 03:00:00,2,3,1.07,0.0,-0.0,0.0,0.9,95.65
2009-02-03 04:00:00,2,4,1.15,0.0,0.0,0.0,0.76,95.65
2009-02-03 05:00:00,2,5,1.89,65.0,4.94,64.0,0.48,95.65
2009-02-03 06:00:00,2,6,3.88,207.0,113.02,167.0,0.76,88.8
2009-02-03 07:00:00,2,7,5.06,292.0,127.98,232.0,0.55,85.6
2009-02-03 08:00:00,2,8,5.5,476.0,478.25,218.0,0.83,82.5
2009-02-03 09:00:00,2,9,6.12,530.0,604.2,191.0,1.03,76.55
2009-02-03 10:00:00,2,10,6.58,538.0,770.45,128.0,1.31,73.8
2009-02-03 11:00:00,2,11,6.68,407.0,532.24,165.0,1.59,73.8
2009-02-03 12:00:00,2,12,7.07,224.0,206.63,155.0,1.79,68.5
2009-02-03 13:00:00,2,13,6.8,111.0,218.93,72.0,2.07,71.05
2009-02-03 14:00:00,2,14,5.78,0.0,-0.0,0.0,1.52,76.5
2009-02-03 15:00:00,2,15,4.67,0.0,-0.0,0.0,1.31,82.35
2009-02-03 16:00:00,2,16,3.72,0.0,-0.0,0.0,1.17,88.75
2009-02-03 17:00:00,2,17,2.97,0.0,-0.0,0.0,1.03,88.7
2009-02-03 18:00:00,2,18,1.32,0.0,-0.0,0.0,1.31,95.65
2009-02-03 19:00:00,2,19,0.48,0.0,-0.0,0.0,1.24,95.65
2009-02-03 20:00:00,2,20,0.0,0.0,-0.0,0.0,1.1,99.4
2009-02-03 21:00:00,2,21,-0.25,0.0,-0.0,0.0,1.17,99.4
2009-02-03 22:00:00,2,22,-0.4,0.0,-0.0,0.0,1.1,99.4
2009-02-03 23:00:00,2,23,-1.18,0.0,-0.0,0.0,1.31,99.4
2009-02-04 00:00:00,2,0,-1.63,0.0,-0.0,0.0,1.31,95.6
2009-02-04 01:00:00,2,1,-1.62,0.0,-0.0,0.0,1.17,91.9
2009-02-04 02:00:00,2,2,-1.36,0.0,-0.0,0.0,1.03,91.9
2009-02-04 03:00:00,2,3,-1.42,0.0,-0.0,0.0,1.03,91.9
2009-02-04 04:00:00,2,4,-1.24,1.0,0.0,1.0,0.97,88.35
2009-02-04 05:00:00,2,5,0.64,21.0,0.0,21.0,0.48,85.15
2009-02-04 06:00:00,2,6,3.02,119.0,2.8,118.0,0.07,85.4
2009-02-04 07:00:00,2,7,4.54,380.0,349.02,215.0,0.9,79.3
2009-02-04 08:00:00,2,8,5.55,432.0,318.24,259.0,0.69,76.5
2009-02-04 09:00:00,2,9,6.5,523.0,546.55,214.0,0.76,71.05
2009-02-04 10:00:00,2,10,7.46,502.0,579.68,191.0,0.83,63.6
2009-02-04 11:00:00,2,11,8.09,402.0,483.65,180.0,0.97,61.2
2009-02-04 12:00:00,2,12,8.24,301.0,561.86,111.0,1.17,61.2
2009-02-04 13:00:00,2,13,7.68,132.0,351.27,68.0,1.86,61.2
2009-02-04 14:00:00,2,14,6.11,0.0,0.0,0.0,1.72,70.95
2009-02-04 15:00:00,2,15,4.49,0.0,-0.0,0.0,1.38,79.3
2009-02-04 16:00:00,2,16,3.07,0.0,-0.0,0.0,1.03,85.4
2009-02-04 17:00:00,2,17,3.41,0.0,-0.0,0.0,0.83,82.25
2009-02-04 18:00:00,2,18,3.06,0.0,-0.0,0.0,0.62,85.4
2009-02-04 19:00:00,2,19,2.54,0.0,-0.0,0.0,0.28,85.35
2009-02-04 20:00:00,2,20,1.94,0.0,-0.0,0.0,0.48,85.3
2009-02-04 21:00:00,2,21,1.57,0.0,-0.0,0.0,0.62,85.25
2009-02-04 22:00:00,2,22,1.34,0.0,-0.0,0.0,0.62,88.55
2009-02-04 23:00:00,2,23,1.15,0.0,-0.0,0.0,0.55,85.2
2009-02-05 00:00:00,2,0,1.0,0.0,-0.0,0.0,0.55,85.2
2009-02-05 01:00:00,2,1,0.45,0.0,-0.0,0.0,0.55,81.9
2009-02-05 02:00:00,2,2,0.31,0.0,-0.0,0.0,0.48,85.1
2009-02-05 03:00:00,2,3,0.29,0.0,-0.0,0.0,0.55,85.1
2009-02-05 04:00:00,2,4,0.2,1.0,0.0,1.0,0.76,81.8
2009-02-05 05:00:00,2,5,0.7,67.0,4.77,66.0,0.76,81.9
2009-02-05 06:00:00,2,6,3.85,122.0,2.77,121.0,0.48,76.15
2009-02-05 07:00:00,2,7,6.87,353.0,257.99,230.0,0.34,58.65
2009-02-05 08:00:00,2,8,8.37,366.0,162.46,277.0,0.0,58.9
2009-02-05 09:00:00,2,9,9.54,220.0,7.02,216.0,0.34,54.9
2009-02-05 10:00:00,2,10,10.27,201.0,5.55,198.0,0.83,55.05
2009-02-05 11:00:00,2,11,10.4,189.0,12.95,183.0,1.52,59.35
2009-02-05 12:00:00,2,12,9.76,71.0,0.0,71.0,1.66,66.35
2009-02-05 13:00:00,2,13,8.44,28.0,0.0,28.0,1.31,74.05
2009-02-05 14:00:00,2,14,7.01,0.0,0.0,0.0,0.55,79.65
2009-02-05 15:00:00,2,15,5.15,0.0,-0.0,0.0,0.9,88.85
2009-02-05 16:00:00,2,16,2.45,0.0,-0.0,0.0,1.59,92.15
2009-02-05 17:00:00,2,17,0.6,0.0,-0.0,0.0,1.72,95.65
2009-02-05 18:00:00,2,18,-0.19,0.0,-0.0,0.0,1.79,91.95
2009-02-05 19:00:00,2,19,0.41,0.0,-0.0,0.0,1.93,85.15
2009-02-05 20:00:00,2,20,0.11,0.0,-0.0,0.0,2.0,81.8
2009-02-05 21:00:00,2,21,0.06,0.0,-0.0,0.0,2.0,78.65
2009-02-05 22:00:00,2,22,-0.34,0.0,-0.0,0.0,2.0,81.75
2009-02-05 23:00:00,2,23,-0.64,0.0,-0.0,0.0,2.0,78.6
2009-02-06 00:00:00,2,0,-0.61,0.0,-0.0,0.0,2.0,78.6
2009-02-06 01:00:00,2,1,-0.45,0.0,-0.0,0.0,2.0,78.6
2009-02-06 02:00:00,2,2,-0.7,0.0,-0.0,0.0,2.0,81.7
2009-02-06 03:00:00,2,3,-0.89,0.0,-0.0,0.0,2.0,81.7
2009-02-06 04:00:00,2,4,-0.99,9.0,0.0,9.0,2.0,78.5
2009-02-06 05:00:00,2,5,0.77,140.0,234.72,90.0,1.86,78.75
2009-02-06 06:00:00,2,6,6.45,297.0,405.27,149.0,1.52,65.85
2009-02-06 07:00:00,2,7,10.7,463.0,673.81,139.0,1.52,59.5
2009-02-06 08:00:00,2,8,13.22,514.0,575.98,196.0,1.31,49.85
2009-02-06 09:00:00,2,9,14.82,444.0,289.15,278.0,1.17,46.6
2009-02-06 10:00:00,2,10,15.86,544.0,735.34,143.0,0.97,43.5
2009-02-06 11:00:00,2,11,16.37,439.0,624.24,147.0,0.76,43.65
2009-02-06 12:00:00,2,12,16.35,297.0,507.65,121.0,0.55,47.0
2009-02-06 13:00:00,2,13,15.34,119.0,210.13,79.0,0.97,56.25
2009-02-06 14:00:00,2,14,12.95,0.0,0.0,0.0,1.03,72.05
2009-02-06 15:00:00,2,15,12.54,0.0,-0.0,0.0,0.21,62.2
2009-02-06 16:00:00,2,16,11.5,0.0,-0.0,0.0,0.41,62.0
2009-02-06 17:00:00,2,17,10.44,0.0,-0.0,0.0,0.83,66.45
2009-02-06 18:00:00,2,18,7.89,0.0,-0.0,0.0,1.24,68.6
2009-02-06 19:00:00,2,19,2.3,0.0,-0.0,0.0,1.59,88.65
2009-02-06 20:00:00,2,20,0.76,0.0,-0.0,0.0,1.59,92.0
2009-02-06 21:00:00,2,21,0.31,0.0,-0.0,0.0,1.66,92.0
2009-02-06 22:00:00,2,22,0.25,0.0,-0.0,0.0,1.66,88.45
2009-02-06 23:00:00,2,23,0.83,0.0,-0.0,0.0,1.66,85.15
2009-02-07 00:00:00,2,0,0.7,0.0,-0.0,0.0,1.72,85.15
2009-02-07 01:00:00,2,1,0.32,0.0,-0.0,0.0,1.79,85.1
2009-02-07 02:00:00,2,2,0.23,0.0,-0.0,0.0,1.79,81.8
2009-02-07 03:00:00,2,3,-0.06,0.0,-0.0,0.0,1.86,81.8
2009-02-07 04:00:00,2,4,-0.29,9.0,0.0,9.0,1.86,81.75
2009-02-07 05:00:00,2,5,1.55,133.0,180.01,94.0,1.72,82.0
2009-02-07 06:00:00,2,6,6.83,293.0,379.29,153.0,1.24,73.8
2009-02-07 07:00:00,2,7,11.21,462.0,655.67,144.0,1.03,59.6
2009-02-07 08:00:00,2,8,13.34,547.0,706.29,154.0,0.69,51.75
2009-02-07 09:00:00,2,9,14.61,567.0,689.68,168.0,0.48,46.6
2009-02-07 10:00:00,2,10,15.61,468.0,427.43,233.0,0.62,43.5
2009-02-07 11:00:00,2,11,15.98,392.0,410.86,198.0,0.48,45.15
2009-02-07 12:00:00,2,12,15.88,327.0,669.54,92.0,0.76,45.15
2009-02-07 13:00:00,2,13,14.93,139.0,344.53,72.0,1.03,56.15
2009-02-07 14:00:00,2,14,12.95,0.0,0.0,0.0,1.45,66.95
2009-02-07 15:00:00,2,15,10.57,0.0,-0.0,0.0,1.31,74.4
2009-02-07 16:00:00,2,16,11.56,0.0,-0.0,0.0,0.76,64.35
2009-02-07 17:00:00,2,17,11.03,0.0,-0.0,0.0,0.07,64.25
2009-02-07 18:00:00,2,18,10.4,0.0,-0.0,0.0,0.41,69.0
2009-02-07 19:00:00,2,19,7.37,0.0,-0.0,0.0,1.31,73.9
2009-02-07 20:00:00,2,20,4.5,0.0,-0.0,0.0,1.45,82.35
2009-02-07 21:00:00,2,21,2.45,0.0,-0.0,0.0,1.52,88.65
2009-02-07 22:00:00,2,22,0.94,0.0,-0.0,0.0,1.59,88.55
2009-02-07 23:00:00,2,23,0.14,0.0,-0.0,0.0,1.59,92.0
2009-02-08 00:00:00,2,0,-0.1,0.0,-0.0,0.0,1.72,88.45
2009-02-08 01:00:00,2,1,-0.05,0.0,-0.0,0.0,1.79,85.1
2009-02-08 02:00:00,2,2,-0.15,0.0,-0.0,0.0,1.79,85.1
2009-02-08 03:00:00,2,3,-0.24,0.0,-0.0,0.0,1.79,85.05
2009-02-08 04:00:00,2,4,-0.38,8.0,0.0,8.0,1.72,85.05
2009-02-08 05:00:00,2,5,1.49,117.0,99.82,95.0,1.52,82.0
2009-02-08 06:00:00,2,6,6.8,309.0,439.56,145.0,1.1,76.65
2009-02-08 07:00:00,2,7,11.17,475.0,699.08,133.0,0.83,61.85
2009-02-08 08:00:00,2,8,13.35,562.0,752.48,140.0,0.41,53.7
2009-02-08 09:00:00,2,9,14.55,595.0,790.73,134.0,0.34,48.4
2009-02-08 10:00:00,2,10,15.25,560.0,773.96,131.0,0.62,48.55
2009-02-08 11:00:00,2,11,15.6,461.0,702.86,126.0,0.69,46.9
2009-02-08 12:00:00,2,12,15.33,327.0,644.52,98.0,1.24,50.35
2009-02-08 13:00:00,2,13,14.24,157.0,478.39,62.0,1.79,62.55
2009-02-08 14:00:00,2,14,12.12,0.0,0.0,0.0,1.79,71.95
2009-02-08 15:00:00,2,15,9.78,0.0,-0.0,0.0,1.31,85.95
2009-02-08 16:00:00,2,16,9.91,0.0,-0.0,0.0,0.69,85.95
2009-02-08 17:00:00,2,17,9.15,0.0,-0.0,0.0,0.28,85.95
2009-02-08 18:00:00,2,18,8.17,0.0,-0.0,0.0,0.62,89.05
2009-02-08 19:00:00,2,19,7.44,0.0,-0.0,0.0,0.9,85.85
2009-02-08 20:00:00,2,20,6.54,0.0,-0.0,0.0,0.97,89.0
2009-02-08 21:00:00,2,21,4.39,0.0,-0.0,0.0,1.24,92.25
2009-02-08 22:00:00,2,22,2.36,0.0,-0.0,0.0,1.38,92.15
2009-02-08 23:00:00,2,23,1.31,0.0,-0.0,0.0,1.38,95.65
2009-02-09 00:00:00,2,0,1.01,0.0,-0.0,0.0,1.24,92.05
2009-02-09 01:00:00,2,1,1.1,0.0,-0.0,0.0,1.1,92.05
2009-02-09 02:00:00,2,2,1.39,0.0,-0.0,0.0,1.03,88.6
2009-02-09 03:00:00,2,3,1.25,0.0,-0.0,0.0,1.03,88.55
2009-02-09 04:00:00,2,4,1.45,2.0,0.0,2.0,0.9,85.25
2009-02-09 05:00:00,2,5,3.45,28.0,0.0,28.0,0.34,82.25
2009-02-09 06:00:00,2,6,6.67,84.0,0.0,84.0,0.48,79.55
2009-02-09 07:00:00,2,7,8.5,153.0,0.0,153.0,0.97,71.35
2009-02-09 08:00:00,2,8,9.72,224.0,8.85,219.0,1.24,71.5
2009-02-09 09:00:00,2,9,10.65,237.0,10.21,231.0,1.52,69.1
2009-02-09 10:00:00,2,10,11.29,306.0,69.79,267.0,1.79,71.75
2009-02-09 11:00:00,2,11,11.22,204.0,18.71,195.0,2.07,71.75
2009-02-09 12:00:00,2,12,10.67,118.0,2.78,117.0,2.07,77.15
2009-02-09 13:00:00,2,13,9.64,64.0,4.93,63.0,1.66,82.9
2009-02-09 14:00:00,2,14,8.35,0.0,0.0,0.0,1.1,89.05
2009-02-09 15:00:00,2,15,7.29,0.0,-0.0,0.0,0.83,92.35
2009-02-09 16:00:00,2,16,6.39,0.0,-0.0,0.0,0.69,99.4
2009-02-09 17:00:00,2,17,5.85,0.0,-0.0,0.0,0.83,99.4
2009-02-09 18:00:00,2,18,5.73,0.0,-0.0,0.0,0.9,99.4
2009-02-09 19:00:00,2,19,6.11,0.0,-0.0,0.0,0.9,92.3
2009-02-09 20:00:00,2,20,5.79,0.0,-0.0,0.0,0.97,92.3
2009-02-09 21:00:00,2,21,4.95,0.0,-0.0,0.0,1.17,92.25
2009-02-09 22:00:00,2,22,4.06,0.0,-0.0,0.0,1.24,92.2
2009-02-09 23:00:00,2,23,3.66,0.0,-0.0,0.0,1.17,92.15
2009-02-10 00:00:00,2,0,3.57,0.0,-0.0,0.0,1.1,92.15
2009-02-10 01:00:00,2,1,3.3,0.0,-0.0,0.0,1.03,92.15
2009-02-10 02:00:00,2,2,3.81,0.0,-0.0,0.0,0.9,88.75
2009-02-10 03:00:00,2,3,4.28,0.0,-0.0,0.0,0.83,88.8
2009-02-10 04:00:00,2,4,3.62,16.0,61.72,13.0,0.9,88.75
2009-02-10 05:00:00,2,5,4.71,121.0,100.84,98.0,0.69,85.55
2009-02-10 06:00:00,2,6,8.1,108.0,0.0,108.0,0.41,82.7
2009-02-10 07:00:00,2,7,10.76,459.0,598.59,161.0,0.97,69.1
2009-02-10 08:00:00,2,8,11.84,564.0,740.7,142.0,1.66,69.25
2009-02-10 09:00:00,2,9,12.26,395.0,165.52,297.0,2.28,69.35
2009-02-10 10:00:00,2,10,12.43,197.0,3.55,195.0,2.55,71.95
2009-02-10 11:00:00,2,11,11.51,42.0,0.0,42.0,2.55,74.55
2009-02-10 12:00:00,2,12,10.12,29.0,0.0,29.0,2.34,82.95
2009-02-10 13:00:00,2,13,9.53,49.0,0.0,49.0,2.0,85.95
2009-02-10 14:00:00,2,14,8.51,0.0,0.0,0.0,1.59,92.4
2009-02-10 15:00:00,2,15,7.35,0.0,-0.0,0.0,1.38,99.4
2009-02-10 16:00:00,2,16,7.04,0.0,-0.0,0.0,1.24,95.8
2009-02-10 17:00:00,2,17,6.44,0.0,-0.0,0.0,1.17,99.4
2009-02-10 18:00:00,2,18,6.03,0.0,-0.0,0.0,0.97,99.4
2009-02-10 19:00:00,2,19,5.68,0.0,-0.0,0.0,0.69,99.4
2009-02-10 20:00:00,2,20,5.13,0.0,-0.0,0.0,0.76,99.4
2009-02-10 21:00:00,2,21,4.79,0.0,-0.0,0.0,0.76,99.4
2009-02-10 22:00:00,2,22,4.91,0.0,-0.0,0.0,0.34,95.75
2009-02-10 23:00:00,2,23,4.92,0.0,-0.0,0.0,0.41,92.25
2009-02-11 00:00:00,2,0,4.06,0.0,-0.0,0.0,0.97,95.75
2009-02-11 01:00:00,2,1,4.01,0.0,-0.0,0.0,1.03,95.75
2009-02-11 02:00:00,2,2,5.06,0.0,-0.0,0.0,0.48,92.25
2009-02-11 03:00:00,2,3,3.67,0.0,-0.0,0.0,1.59,95.7
2009-02-11 04:00:00,2,4,3.6,2.0,0.0,2.0,1.31,99.4
2009-02-11 05:00:00,2,5,5.21,17.0,0.0,17.0,0.62,95.75
2009-02-11 06:00:00,2,6,6.54,49.0,0.0,49.0,0.69,95.8
2009-02-11 07:00:00,2,7,7.93,89.0,0.0,89.0,0.62,92.4
2009-02-11 08:00:00,2,8,8.9,175.0,0.0,175.0,1.1,92.4
2009-02-11 09:00:00,2,9,8.7,119.0,0.0,119.0,1.52,92.4
2009-02-11 10:00:00,2,10,8.48,191.0,1.76,190.0,1.86,92.4
2009-02-11 11:00:00,2,11,8.56,147.0,0.0,147.0,1.79,92.4
2009-02-11 12:00:00,2,12,8.31,193.0,70.59,167.0,1.45,95.8
2009-02-11 13:00:00,2,13,8.14,93.0,47.4,83.0,1.24,95.8
2009-02-11 14:00:00,2,14,7.69,0.0,0.0,0.0,1.1,92.4
2009-02-11 15:00:00,2,15,6.85,0.0,-0.0,0.0,1.17,95.8
2009-02-11 16:00:00,2,16,5.83,0.0,-0.0,0.0,1.38,95.75
2009-02-11 17:00:00,2,17,5.01,0.0,-0.0,0.0,1.45,92.25
2009-02-11 18:00:00,2,18,3.89,0.0,-0.0,0.0,1.38,92.2
2009-02-11 19:00:00,2,19,2.58,0.0,-0.0,0.0,1.45,95.7
2009-02-11 20:00:00,2,20,1.76,0.0,-0.0,0.0,1.59,95.65
2009-02-11 21:00:00,2,21,1.5,0.0,-0.0,0.0,1.66,92.05
2009-02-11 22:00:00,2,22,1.37,0.0,-0.0,0.0,1.72,92.05
2009-02-11 23:00:00,2,23,0.98,0.0,-0.0,0.0,1.72,92.05
2009-02-12 00:00:00,2,0,0.9,0.0,-0.0,0.0,1.72,92.05
2009-02-12 01:00:00,2,1,0.64,0.0,-0.0,0.0,1.66,92.0
2009-02-12 02:00:00,2,2,0.61,0.0,-0.0,0.0,1.59,92.0
2009-02-12 03:00:00,2,3,0.17,0.0,-0.0,0.0,1.66,92.0
2009-02-12 04:00:00,2,4,-0.36,27.0,178.33,17.0,1.72,88.45
2009-02-12 05:00:00,2,5,1.59,196.0,508.28,76.0,1.31,88.6
2009-02-12 06:00:00,2,6,6.4,374.0,702.94,100.0,0.76,79.55
2009-02-12 07:00:00,2,7,9.73,527.0,838.77,102.0,0.55,63.9
2009-02-12 08:00:00,2,8,11.37,605.0,837.88,120.0,0.28,55.3
2009-02-12 09:00:00,2,9,12.79,633.0,849.81,122.0,0.14,49.7
2009-02-12 10:00:00,2,10,13.6,597.0,833.08,120.0,0.69,48.15
2009-02-12 11:00:00,2,11,14.04,495.0,764.27,117.0,1.24,48.25
2009-02-12 12:00:00,2,12,13.71,339.0,609.12,112.0,1.86,51.9
2009-02-12 13:00:00,2,13,12.61,169.0,450.9,72.0,2.07,59.95
2009-02-12 14:00:00,2,14,10.64,6.0,0.0,6.0,1.79,71.7
2009-02-12 15:00:00,2,15,8.55,0.0,-0.0,0.0,1.45,82.75
2009-02-12 16:00:00,2,16,7.48,0.0,-0.0,0.0,0.76,82.7
2009-02-12 17:00:00,2,17,7.2,0.0,-0.0,0.0,0.69,85.8
2009-02-12 18:00:00,2,18,6.53,0.0,-0.0,0.0,0.69,89.0
2009-02-12 19:00:00,2,19,6.61,0.0,-0.0,0.0,0.62,85.75
2009-02-12 20:00:00,2,20,5.98,0.0,-0.0,0.0,0.97,85.7
2009-02-12 21:00:00,2,21,3.55,0.0,-0.0,0.0,1.31,88.75
2009-02-12 22:00:00,2,22,1.73,0.0,-0.0,0.0,1.52,92.05
2009-02-12 23:00:00,2,23,0.9,0.0,-0.0,0.0,1.45,88.55
2009-02-13 00:00:00,2,0,0.21,0.0,-0.0,0.0,1.52,92.0
2009-02-13 01:00:00,2,1,-0.01,0.0,-0.0,0.0,1.59,88.45
2009-02-13 02:00:00,2,2,-0.1,0.0,-0.0,0.0,1.66,85.1
2009-02-13 03:00:00,2,3,-0.47,0.0,-0.0,0.0,1.86,85.05
2009-02-13 04:00:00,2,4,-0.65,9.0,0.0,9.0,1.93,81.75
2009-02-13 05:00:00,2,5,1.81,132.0,108.24,106.0,1.72,85.25
2009-02-13 06:00:00,2,6,7.91,333.0,456.7,153.0,1.38,71.25
2009-02-13 07:00:00,2,7,12.54,451.0,489.04,201.0,1.45,55.65
2009-02-13 08:00:00,2,8,15.01,600.0,800.39,133.0,1.17,46.75
2009-02-13 09:00:00,2,9,16.52,620.0,782.21,146.0,0.83,42.15
2009-02-13 10:00:00,2,10,17.31,565.0,680.87,172.0,0.34,42.3
2009-02-13 11:00:00,2,11,17.55,497.0,751.32,122.0,0.76,40.9
2009-02-13 12:00:00,2,12,17.05,370.0,747.94,88.0,1.66,45.55
2009-02-13 13:00:00,2,13,15.65,165.0,387.65,80.0,1.86,56.35
2009-02-13 14:00:00,2,14,13.33,3.0,0.0,3.0,1.79,67.05
2009-02-13 15:00:00,2,15,10.98,0.0,-0.0,0.0,1.31,80.1
2009-02-13 16:00:00,2,16,11.0,0.0,-0.0,0.0,0.62,77.2
2009-02-13 17:00:00,2,17,10.64,0.0,-0.0,0.0,0.62,80.05
2009-02-13 18:00:00,2,18,10.25,0.0,-0.0,0.0,0.83,79.95
2009-02-13 19:00:00,2,19,9.67,0.0,-0.0,0.0,0.69,82.9
2009-02-13 20:00:00,2,20,9.06,0.0,-0.0,0.0,0.55,85.95
2009-02-13 21:00:00,2,21,8.41,0.0,-0.0,0.0,0.41,89.05
2009-02-13 22:00:00,2,22,7.77,0.0,-0.0,0.0,0.34,85.85
2009-02-13 23:00:00,2,23,7.26,0.0,-0.0,0.0,0.28,89.0
2009-02-14 00:00:00,2,0,6.88,0.0,-0.0,0.0,0.34,89.0
2009-02-14 01:00:00,2,1,6.01,0.0,-0.0,0.0,0.28,85.7
2009-02-14 02:00:00,2,2,5.67,0.0,-0.0,0.0,0.14,85.65
2009-02-14 03:00:00,2,3,5.38,0.0,-0.0,0.0,0.21,88.85
2009-02-14 04:00:00,2,4,5.15,3.0,0.0,3.0,0.34,88.85
2009-02-14 05:00:00,2,5,5.56,70.0,0.0,70.0,0.41,88.9
2009-02-14 06:00:00,2,6,7.23,53.0,0.0,53.0,0.76,89.0
2009-02-14 07:00:00,2,7,9.16,156.0,0.0,156.0,0.69,85.95
2009-02-14 08:00:00,2,8,10.6,222.0,5.1,219.0,0.76,80.05
2009-02-14 09:00:00,2,9,11.59,340.0,67.14,299.0,1.31,74.55
2009-02-14 10:00:00,2,10,12.0,368.0,125.46,295.0,1.72,71.95
2009-02-14 11:00:00,2,11,12.23,349.0,198.55,249.0,1.93,71.95
2009-02-14 12:00:00,2,12,11.87,310.0,403.77,156.0,2.07,74.55
2009-02-14 13:00:00,2,13,11.12,176.0,447.59,76.0,1.86,77.2
2009-02-14 14:00:00,2,14,9.68,1.0,0.0,1.0,1.38,85.95
2009-02-14 15:00:00,2,15,8.05,0.0,-0.0,0.0,1.03,92.4
2009-02-14 16:00:00,2,16,7.5,0.0,-0.0,0.0,0.21,92.4
2009-02-14 17:00:00,2,17,6.8,0.0,-0.0,0.0,0.62,95.8
2009-02-14 18:00:00,2,18,5.15,0.0,-0.0,0.0,1.03,99.4
2009-02-14 19:00:00,2,19,4.84,0.0,-0.0,0.0,1.1,95.75
2009-02-14 20:00:00,2,20,3.53,0.0,-0.0,0.0,1.24,92.15
2009-02-14 21:00:00,2,21,2.2,0.0,-0.0,0.0,1.31,92.1
2009-02-14 22:00:00,2,22,1.11,0.0,-0.0,0.0,1.31,92.05
2009-02-14 23:00:00,2,23,0.32,0.0,-0.0,0.0,1.31,92.0
2009-02-15 00:00:00,2,0,-0.36,0.0,-0.0,0.0,1.31,91.95
2009-02-15 01:00:00,2,1,-0.67,0.0,-0.0,0.0,1.38,91.95
2009-02-15 02:00:00,2,2,-0.59,0.0,-0.0,0.0,1.31,85.05
2009-02-15 03:00:00,2,3,-0.61,0.0,-0.0,0.0,1.31,85.05
2009-02-15 04:00:00,2,4,-0.63,3.0,0.0,3.0,1.31,85.05
2009-02-15 05:00:00,2,5,2.38,41.0,0.0,41.0,0.97,82.15
2009-02-15 06:00:00,2,6,8.14,212.0,64.52,186.0,0.55,73.95
2009-02-15 07:00:00,2,7,12.02,408.0,315.15,244.0,0.48,55.5
2009-02-15 08:00:00,2,8,13.98,587.0,703.41,170.0,0.28,48.25
2009-02-15 09:00:00,2,9,15.19,558.0,511.88,243.0,0.76,48.55
2009-02-15 10:00:00,2,10,15.91,512.0,453.52,246.0,1.31,48.65
2009-02-15 11:00:00,2,11,16.02,474.0,600.15,169.0,1.79,50.6
2009-02-15 12:00:00,2,12,15.4,353.0,611.76,117.0,2.21,58.35
2009-02-15 13:00:00,2,13,14.14,179.0,439.43,79.0,2.0,64.85
2009-02-15 14:00:00,2,14,12.2,11.0,0.0,11.0,1.59,74.6
2009-02-15 15:00:00,2,15,10.19,0.0,-0.0,0.0,1.24,86.0
2009-02-15 16:00:00,2,16,9.66,0.0,-0.0,0.0,0.48,85.95
2009-02-15 17:00:00,2,17,8.28,0.0,-0.0,0.0,1.03,95.8
2009-02-15 18:00:00,2,18,7.48,0.0,-0.0,0.0,1.1,92.4
2009-02-15 19:00:00,2,19,6.41,0.0,-0.0,0.0,1.24,89.0
2009-02-15 20:00:00,2,20,4.99,0.0,-0.0,0.0,1.38,92.25
2009-02-15 21:00:00,2,21,3.6,0.0,-0.0,0.0,1.38,92.15
2009-02-15 22:00:00,2,22,2.73,0.0,-0.0,0.0,1.31,95.7
2009-02-15 23:00:00,2,23,2.41,0.0,-0.0,0.0,1.31,92.15
2009-02-16 00:00:00,2,0,1.98,0.0,-0.0,0.0,1.45,88.65
2009-02-16 01:00:00,2,1,2.07,0.0,-0.0,0.0,1.52,88.65
2009-02-16 02:00:00,2,2,1.43,0.0,-0.0,0.0,1.59,88.6
2009-02-16 03:00:00,2,3,1.4,0.0,-0.0,0.0,1.66,88.6
2009-02-16 04:00:00,2,4,1.49,8.0,0.0,8.0,1.72,88.6
2009-02-16 05:00:00,2,5,4.05,155.0,162.06,114.0,1.52,85.5
2009-02-16 06:00:00,2,6,9.73,342.0,436.79,164.0,1.38,71.5
2009-02-16 07:00:00,2,7,13.89,519.0,716.14,143.0,1.45,58.0
2009-02-16 08:00:00,2,8,16.41,612.0,781.52,145.0,1.45,50.6
2009-02-16 09:00:00,2,9,18.12,646.0,820.81,137.0,1.86,41.05
2009-02-16 10:00:00,2,10,19.05,603.0,778.08,143.0,2.55,35.45
2009-02-16 11:00:00,2,11,19.4,509.0,735.24,132.0,2.28,32.9
2009-02-16 12:00:00,2,12,19.44,297.0,315.27,174.0,1.52,32.9
2009-02-16 13:00:00,2,13,18.6,191.0,504.94,74.0,0.69,54.95
2009-02-16 14:00:00,2,14,16.49,13.0,0.0,13.0,1.79,50.6
2009-02-16 15:00:00,2,15,12.74,0.0,-0.0,0.0,1.66,69.45
2009-02-16 16:00:00,2,16,12.41,0.0,-0.0,0.0,1.17,66.85
2009-02-16 17:00:00,2,17,12.56,0.0,-0.0,0.0,0.69,66.95
2009-02-16 18:00:00,2,18,11.73,0.0,-0.0,0.0,0.21,69.25
2009-02-16 19:00:00,2,19,9.12,0.0,-0.0,0.0,1.03,76.95
2009-02-16 20:00:00,2,20,6.84,0.0,-0.0,0.0,1.31,79.55
2009-02-16 21:00:00,2,21,5.43,0.0,-0.0,0.0,1.45,79.4
2009-02-16 22:00:00,2,22,3.86,0.0,-0.0,0.0,1.52,85.45
2009-02-16 23:00:00,2,23,2.48,0.0,-0.0,0.0,1.52,85.35
2009-02-17 00:00:00,2,0,1.89,0.0,-0.0,0.0,1.59,85.3
2009-02-17 01:00:00,2,1,1.35,0.0,-0.0,0.0,1.79,88.55
2009-02-17 02:00:00,2,2,1.14,0.0,-0.0,0.0,1.79,85.2
2009-02-17 03:00:00,2,3,1.23,0.0,-0.0,0.0,1.72,85.2
2009-02-17 04:00:00,2,4,1.22,40.0,196.94,25.0,1.66,85.2
2009-02-17 05:00:00,2,5,3.78,47.0,0.0,47.0,1.38,82.25
2009-02-17 06:00:00,2,6,9.69,142.0,4.85,140.0,1.03,71.5
2009-02-17 07:00:00,2,7,13.37,302.0,83.06,258.0,0.55,57.9
2009-02-17 08:00:00,2,8,15.05,413.0,177.65,306.0,0.76,54.25
2009-02-17 09:00:00,2,9,16.45,486.0,289.65,305.0,0.97,52.5
2009-02-17 10:00:00,2,10,17.25,338.0,75.52,293.0,1.31,49.05
2009-02-17 11:00:00,2,11,17.06,116.0,0.0,116.0,1.59,47.3
2009-02-17 12:00:00,2,12,16.51,240.0,131.81,188.0,0.9,50.75
2009-02-17 13:00:00,2,13,15.49,29.0,0.0,29.0,1.31,56.35
2009-02-17 14:00:00,2,14,13.99,2.0,0.0,2.0,1.38,64.85
2009-02-17 15:00:00,2,15,11.58,0.0,-0.0,0.0,1.1,80.15
2009-02-17 16:00:00,2,16,10.03,0.0,-0.0,0.0,1.17,82.95
2009-02-17 17:00:00,2,17,7.84,0.0,-0.0,0.0,1.72,92.4
2009-02-17 18:00:00,2,18,6.49,0.0,-0.0,0.0,1.72,92.35
2009-02-17 19:00:00,2,19,8.42,0.0,-0.0,0.0,0.07,92.4
2009-02-17 20:00:00,2,20,8.23,0.0,-0.0,0.0,0.55,92.4
2009-02-17 21:00:00,2,21,6.9,0.0,-0.0,0.0,1.1,95.8
2009-02-17 22:00:00,2,22,4.67,0.0,-0.0,0.0,1.86,99.4
2009-02-17 23:00:00,2,23,5.3,0.0,-0.0,0.0,1.72,99.4
2009-02-18 00:00:00,2,0,5.27,0.0,-0.0,0.0,1.24,99.4
2009-02-18 01:00:00,2,1,4.9,0.0,-0.0,0.0,1.24,95.75
2009-02-18 02:00:00,2,2,4.78,0.0,-0.0,0.0,1.38,99.4
2009-02-18 03:00:00,2,3,4.43,0.0,-0.0,0.0,1.31,99.4
2009-02-18 04:00:00,2,4,4.26,8.0,0.0,8.0,1.24,99.4
2009-02-18 05:00:00,2,5,4.81,68.0,0.0,68.0,1.38,99.4
2009-02-18 06:00:00,2,6,5.1,222.0,69.59,193.0,1.52,99.4
2009-02-18 07:00:00,2,7,6.88,402.0,267.54,259.0,0.62,85.75
2009-02-18 08:00:00,2,8,8.61,652.0,891.09,111.0,0.69,76.85
2009-02-18 09:00:00,2,9,9.71,673.0,878.24,120.0,1.03,74.2
2009-02-18 10:00:00,2,10,10.27,636.0,862.49,118.0,1.38,71.6
2009-02-18 11:00:00,2,11,9.91,509.0,695.58,146.0,1.86,74.2
2009-02-18 12:00:00,2,12,9.35,382.0,701.98,102.0,2.48,74.15
2009-02-18 13:00:00,2,13,8.43,210.0,595.87,67.0,2.69,76.85
2009-02-18 14:00:00,2,14,7.36,15.0,0.0,15.0,2.14,79.65
2009-02-18 15:00:00,2,15,6.33,0.0,-0.0,0.0,1.59,85.7
2009-02-18 16:00:00,2,16,5.56,0.0,-0.0,0.0,1.24,88.9
2009-02-18 17:00:00,2,17,4.8,0.0,-0.0,0.0,1.03,95.75
2009-02-18 18:00:00,2,18,4.08,0.0,-0.0,0.0,0.97,95.75
2009-02-18 19:00:00,2,19,4.11,0.0,-0.0,0.0,0.83,95.75
2009-02-18 20:00:00,2,20,4.18,0.0,-0.0,0.0,0.48,95.75
2009-02-18 21:00:00,2,21,3.58,0.0,-0.0,0.0,0.83,95.7
2009-02-18 22:00:00,2,22,3.54,0.0,-0.0,0.0,0.76,95.7
2009-02-18 23:00:00,2,23,3.33,0.0,-0.0,0.0,0.69,99.4
2009-02-19 00:00:00,2,0,3.24,0.0,-0.0,0.0,0.62,99.4
2009-02-19 01:00:00,2,1,3.18,0.0,-0.0,0.0,0.69,95.7
2009-02-19 02:00:00,2,2,2.82,0.0,-0.0,0.0,0.76,99.4
2009-02-19 03:00:00,2,3,2.2,0.0,-0.0,0.0,0.9,99.4
2009-02-19 04:00:00,2,4,2.4,5.0,0.0,5.0,0.76,95.7
2009-02-19 05:00:00,2,5,3.19,62.0,0.0,62.0,0.55,92.15
2009-02-19 06:00:00,2,6,4.77,133.0,2.37,132.0,0.69,85.55
2009-02-19 07:00:00,2,7,6.09,458.0,415.37,234.0,0.76,73.7
2009-02-19 08:00:00,2,8,7.31,623.0,761.5,157.0,0.83,65.95
2009-02-19 09:00:00,2,9,8.35,646.0,754.97,167.0,0.97,61.2
2009-02-19 10:00:00,2,10,8.95,639.0,849.17,125.0,1.24,56.9
2009-02-19 11:00:00,2,11,9.0,535.0,784.53,122.0,2.07,56.9
2009-02-19 12:00:00,2,12,8.49,370.0,605.11,126.0,3.1,61.3
2009-02-19 13:00:00,2,13,7.74,208.0,553.03,73.0,2.97,63.6
2009-02-19 14:00:00,2,14,6.8,18.0,0.0,18.0,2.21,68.4
2009-02-19 15:00:00,2,15,5.55,0.0,-0.0,0.0,1.45,73.65
2009-02-19 16:00:00,2,16,4.23,0.0,-0.0,0.0,1.17,82.3
2009-02-19 17:00:00,2,17,3.48,0.0,-0.0,0.0,0.97,85.45
2009-02-19 18:00:00,2,18,3.4,0.0,-0.0,0.0,0.83,82.25
2009-02-19 19:00:00,2,19,3.59,0.0,-0.0,0.0,0.69,82.25
2009-02-19 20:00:00,2,20,3.31,0.0,-0.0,0.0,0.62,85.4
2009-02-19 21:00:00,2,21,1.98,0.0,-0.0,0.0,0.55,92.1
2009-02-19 22:00:00,2,22,1.52,0.0,-0.0,0.0,0.48,95.65
2009-02-19 23:00:00,2,23,1.36,0.0,-0.0,0.0,0.62,95.65
2009-02-20 00:00:00,2,0,1.53,0.0,-0.0,0.0,0.69,95.65
2009-02-20 01:00:00,2,1,1.55,0.0,-0.0,0.0,0.41,92.05
2009-02-20 02:00:00,2,2,1.68,0.0,-0.0,0.0,0.41,92.05
2009-02-20 03:00:00,2,3,1.78,0.0,-0.0,0.0,0.21,92.05
2009-02-20 04:00:00,2,4,1.38,5.0,0.0,5.0,0.62,92.05
2009-02-20 05:00:00,2,5,2.13,23.0,0.0,23.0,0.55,95.65
2009-02-20 06:00:00,2,6,3.7,77.0,0.0,77.0,1.1,88.75
2009-02-20 07:00:00,2,7,5.01,243.0,22.05,231.0,1.1,79.35
2009-02-20 08:00:00,2,8,5.73,494.0,325.88,293.0,1.17,79.4
2009-02-20 09:00:00,2,9,6.46,585.0,527.16,248.0,1.1,73.8
2009-02-20 10:00:00,2,10,6.89,594.0,665.57,188.0,1.24,73.8
2009-02-20 11:00:00,2,11,7.49,500.0,619.61,171.0,1.52,66.05
2009-02-20 12:00:00,2,12,7.55,238.0,107.95,194.0,2.55,68.6
2009-02-20 13:00:00,2,13,6.88,156.0,189.34,109.0,2.34,73.8
2009-02-20 14:00:00,2,14,6.1,20.0,0.0,20.0,2.0,79.5
2009-02-20 15:00:00,2,15,4.86,0.0,-0.0,0.0,1.31,88.85
2009-02-20 16:00:00,2,16,4.64,0.0,-0.0,0.0,0.9,88.85
2009-02-20 17:00:00,2,17,4.3,0.0,-0.0,0.0,0.62,92.2
2009-02-20 18:00:00,2,18,4.07,0.0,-0.0,0.0,0.62,92.2
2009-02-20 19:00:00,2,19,3.76,0.0,-0.0,0.0,0.83,95.7
2009-02-20 20:00:00,2,20,3.41,0.0,-0.0,0.0,0.76,92.15
2009-02-20 21:00:00,2,21,3.43,0.0,-0.0,0.0,0.62,92.15
2009-02-20 22:00:00,2,22,3.23,0.0,-0.0,0.0,0.55,95.7
2009-02-20 23:00:00,2,23,3.1,0.0,-0.0,0.0,0.41,95.7
2009-02-21 00:00:00,2,0,2.77,0.0,-0.0,0.0,0.48,95.7
2009-02-21 01:00:00,2,1,2.37,0.0,-0.0,0.0,0.41,95.7
2009-02-21 02:00:00,2,2,2.09,0.0,-0.0,0.0,0.48,95.65
2009-02-21 03:00:00,2,3,1.84,0.0,-0.0,0.0,0.62,99.4
2009-02-21 04:00:00,2,4,1.31,5.0,0.0,5.0,0.76,99.35
2009-02-21 05:00:00,2,5,2.83,29.0,0.0,29.0,0.83,95.7
2009-02-21 06:00:00,2,6,4.42,93.0,0.0,93.0,1.38,85.55
2009-02-21 07:00:00,2,7,6.05,208.0,5.46,205.0,1.79,82.55
2009-02-21 08:00:00,2,8,7.81,273.0,17.69,262.0,2.07,71.25
2009-02-21 09:00:00,2,9,8.61,284.0,17.08,273.0,2.41,68.7
2009-02-21 10:00:00,2,10,8.3,339.0,66.7,298.0,2.76,73.95
2009-02-21 11:00:00,2,11,8.16,172.0,1.87,171.0,2.41,76.8
2009-02-21 12:00:00,2,12,8.1,42.0,0.0,42.0,2.0,76.8
2009-02-21 13:00:00,2,13,7.49,75.0,3.96,74.0,2.0,76.8
2009-02-21 14:00:00,2,14,6.87,11.0,0.0,11.0,1.17,82.6
2009-02-21 15:00:00,2,15,6.33,0.0,-0.0,0.0,0.97,85.7
2009-02-21 16:00:00,2,16,5.84,0.0,-0.0,0.0,0.97,88.9
2009-02-21 17:00:00,2,17,5.38,0.0,-0.0,0.0,0.9,92.25
2009-02-21 18:00:00,2,18,5.17,0.0,-0.0,0.0,0.9,95.75
2009-02-21 19:00:00,2,19,4.82,0.0,-0.0,0.0,1.1,99.4
2009-02-21 20:00:00,2,20,4.67,0.0,-0.0,0.0,1.17,95.75
2009-02-21 21:00:00,2,21,4.48,0.0,-0.0,0.0,1.17,95.75
2009-02-21 22:00:00,2,22,4.35,0.0,-0.0,0.0,0.97,95.75
2009-02-21 23:00:00,2,23,4.28,0.0,-0.0,0.0,0.83,95.75
2009-02-22 00:00:00,2,0,4.23,0.0,-0.0,0.0,0.69,95.75
2009-02-22 01:00:00,2,1,4.46,0.0,-0.0,0.0,0.41,95.75
2009-02-22 02:00:00,2,2,4.19,0.0,-0.0,0.0,0.28,99.4
2009-02-22 03:00:00,2,3,3.83,0.0,-0.0,0.0,0.48,99.4
2009-02-22 04:00:00,2,4,3.67,8.0,0.0,8.0,0.76,99.4
2009-02-22 05:00:00,2,5,3.89,35.0,0.0,35.0,1.24,95.75
2009-02-22 06:00:00,2,6,4.46,114.0,0.0,114.0,1.17,88.85
2009-02-22 07:00:00,2,7,5.29,143.0,0.0,143.0,1.66,95.75
2009-02-22 08:00:00,2,8,5.74,201.0,0.0,201.0,1.59,95.75
2009-02-22 09:00:00,2,9,6.08,206.0,0.0,206.0,1.86,85.7
2009-02-22 10:00:00,2,10,6.68,233.0,4.84,230.0,2.07,85.75
2009-02-22 11:00:00,2,11,6.6,191.0,3.7,189.0,2.28,85.75
2009-02-22 12:00:00,2,12,6.18,133.0,2.4,132.0,2.28,88.95
2009-02-22 13:00:00,2,13,5.8,74.0,0.0,74.0,2.14,92.3
2009-02-22 14:00:00,2,14,5.24,4.0,0.0,4.0,1.93,95.75
2009-02-22 15:00:00,2,15,4.56,0.0,-0.0,0.0,1.45,95.75
2009-02-22 16:00:00,2,16,4.2,0.0,-0.0,0.0,1.17,99.4
2009-02-22 17:00:00,2,17,3.76,0.0,-0.0,0.0,0.34,99.4
2009-02-22 18:00:00,2,18,3.56,0.0,-0.0,0.0,0.14,99.4
2009-02-22 19:00:00,2,19,3.23,0.0,-0.0,0.0,0.41,99.4
2009-02-22 20:00:00,2,20,2.58,0.0,-0.0,0.0,0.62,99.4
2009-02-22 21:00:00,2,21,2.71,0.0,-0.0,0.0,0.55,99.4
2009-02-22 22:00:00,2,22,2.54,0.0,-0.0,0.0,0.55,99.4
2009-02-22 23:00:00,2,23,2.26,0.0,-0.0,0.0,0.62,99.4
2009-02-23 00:00:00,2,0,1.83,0.0,-0.0,0.0,0.69,99.4
2009-02-23 01:00:00,2,1,2.11,0.0,-0.0,0.0,0.69,99.4
2009-02-23 02:00:00,2,2,2.35,0.0,-0.0,0.0,0.62,99.4
2009-02-23 03:00:00,2,3,2.06,0.0,-0.0,0.0,0.76,95.65
2009-02-23 04:00:00,2,4,1.79,51.0,126.62,38.0,0.83,99.4
2009-02-23 05:00:00,2,5,3.44,226.0,417.49,107.0,0.41,95.7
2009-02-23 06:00:00,2,6,5.17,418.0,669.54,123.0,0.62,85.6
2009-02-23 07:00:00,2,7,7.17,591.0,873.35,103.0,0.76,76.7
2009-02-23 08:00:00,2,8,8.57,683.0,915.31,105.0,0.9,71.35
2009-02-23 09:00:00,2,9,9.45,706.0,905.5,114.0,1.1,63.9
2009-02-23 10:00:00,2,10,10.18,668.0,890.81,112.0,1.79,64.0
2009-02-23 11:00:00,2,11,10.27,564.0,833.62,110.0,2.14,61.65
2009-02-23 12:00:00,2,12,10.09,400.0,689.52,110.0,2.69,61.65
2009-02-23 13:00:00,2,13,9.28,229.0,598.82,73.0,2.76,66.25
2009-02-23 14:00:00,2,14,8.51,23.0,0.0,23.0,2.28,68.7
2009-02-23 15:00:00,2,15,6.96,0.0,-0.0,0.0,1.52,73.9
2009-02-23 16:00:00,2,16,5.37,0.0,-0.0,0.0,1.1,88.85
2009-02-23 17:00:00,2,17,4.99,0.0,-0.0,0.0,0.83,85.6
2009-02-23 18:00:00,2,18,4.79,0.0,-0.0,0.0,0.9,88.85
2009-02-23 19:00:00,2,19,5.8,0.0,-0.0,0.0,0.76,82.5
2009-02-23 20:00:00,2,20,5.5,0.0,-0.0,0.0,0.55,82.5
2009-02-23 21:00:00,2,21,5.14,0.0,-0.0,0.0,0.34,85.6
2009-02-23 22:00:00,2,22,4.67,0.0,-0.0,0.0,0.21,85.55
2009-02-23 23:00:00,2,23,4.23,0.0,-0.0,0.0,0.14,88.8
2009-02-24 00:00:00,2,0,3.76,0.0,-0.0,0.0,0.07,88.75
2009-02-24 01:00:00,2,1,2.87,0.0,-0.0,0.0,0.21,88.7
2009-02-24 02:00:00,2,2,2.36,0.0,-0.0,0.0,0.28,92.1
2009-02-24 03:00:00,2,3,2.02,0.0,-0.0,0.0,0.41,88.65
2009-02-24 04:00:00,2,4,1.81,41.0,46.59,36.0,0.48,92.05
2009-02-24 05:00:00,2,5,2.58,207.0,279.47,126.0,0.62,92.15
2009-02-24 06:00:00,2,6,4.62,374.0,433.21,181.0,1.24,88.85
2009-02-24 07:00:00,2,7,6.6,488.0,447.03,236.0,1.38,79.55
2009-02-24 08:00:00,2,8,7.83,563.0,466.68,266.0,1.31,73.95
2009-02-24 09:00:00,2,9,8.87,634.0,625.54,222.0,1.38,71.35
2009-02-24 10:00:00,2,10,9.75,538.0,416.63,276.0,1.52,66.35
2009-02-24 11:00:00,2,11,10.18,480.0,469.83,222.0,1.86,64.0
2009-02-24 12:00:00,2,12,10.15,245.0,98.85,203.0,2.55,61.65
2009-02-24 13:00:00,2,13,8.83,87.0,7.56,85.0,2.9,71.35
2009-02-24 14:00:00,2,14,7.42,16.0,0.0,16.0,2.21,73.95
2009-02-24 15:00:00,2,15,5.94,0.0,-0.0,0.0,1.52,82.55
2009-02-24 16:00:00,2,16,5.48,0.0,-0.0,0.0,1.03,85.65
2009-02-24 17:00:00,2,17,5.18,0.0,-0.0,0.0,0.69,88.85
2009-02-24 18:00:00,2,18,4.78,0.0,-0.0,0.0,0.55,95.75
2009-02-24 19:00:00,2,19,4.5,0.0,-0.0,0.0,0.62,92.25
2009-02-24 20:00:00,2,20,4.24,0.0,-0.0,0.0,0.41,95.75
2009-02-24 21:00:00,2,21,3.93,0.0,-0.0,0.0,0.41,95.75
2009-02-24 22:00:00,2,22,3.63,0.0,-0.0,0.0,0.48,99.4
2009-02-24 23:00:00,2,23,3.01,0.0,-0.0,0.0,0.69,95.7
2009-02-25 00:00:00,2,0,3.13,0.0,-0.0,0.0,0.62,95.7
2009-02-25 01:00:00,2,1,3.33,0.0,-0.0,0.0,0.41,95.7
2009-02-25 02:00:00,2,2,3.18,0.0,-0.0,0.0,0.21,95.7
2009-02-25 03:00:00,2,3,2.91,0.0,-0.0,0.0,0.21,92.15
2009-02-25 04:00:00,2,4,2.88,6.0,0.0,6.0,0.34,92.15
2009-02-25 05:00:00,2,5,4.2,40.0,0.0,40.0,0.41,92.2
2009-02-25 06:00:00,2,6,6.61,161.0,4.44,159.0,0.97,79.55
2009-02-25 07:00:00,2,7,9.15,326.0,84.4,278.0,0.83,71.4
2009-02-25 08:00:00,2,8,10.53,600.0,578.46,229.0,1.24,66.55
2009-02-25 09:00:00,2,9,11.63,597.0,498.88,266.0,1.66,62.0
2009-02-25 10:00:00,2,10,12.3,628.0,710.26,178.0,2.0,62.1
2009-02-25 11:00:00,2,11,12.47,577.0,847.1,108.0,2.48,59.95
2009-02-25 12:00:00,2,12,11.88,413.0,712.99,107.0,2.62,64.35
2009-02-25 13:00:00,2,13,11.0,171.0,197.29,118.0,2.34,66.65
2009-02-25 14:00:00,2,14,9.96,28.0,0.0,28.0,1.66,74.3
2009-02-25 15:00:00,2,15,8.67,0.0,-0.0,0.0,1.24,79.75
2009-02-25 16:00:00,2,16,7.43,0.0,-0.0,0.0,0.97,85.85
2009-02-25 17:00:00,2,17,7.26,0.0,-0.0,0.0,0.76,85.8
2009-02-25 18:00:00,2,18,7.55,0.0,-0.0,0.0,0.34,79.7
2009-02-25 19:00:00,2,19,7.5,0.0,-0.0,0.0,0.48,79.7
2009-02-25 20:00:00,2,20,7.2,0.0,-0.0,0.0,0.55,82.65
2009-02-25 21:00:00,2,21,6.91,0.0,-0.0,0.0,0.34,82.65
2009-02-25 22:00:00,2,22,6.61,0.0,-0.0,0.0,0.28,85.75
2009-02-25 23:00:00,2,23,6.39,0.0,-0.0,0.0,0.34,88.95
2009-02-26 00:00:00,2,0,6.31,0.0,-0.0,0.0,0.55,88.95
2009-02-26 01:00:00,2,1,5.5,0.0,-0.0,0.0,0.9,88.9
2009-02-26 02:00:00,2,2,5.26,0.0,-0.0,0.0,0.9,92.25
2009-02-26 03:00:00,2,3,4.99,0.0,-0.0,0.0,0.97,92.25
2009-02-26 04:00:00,2,4,4.81,7.0,0.0,7.0,1.03,95.75
2009-02-26 05:00:00,2,5,5.84,36.0,0.0,36.0,1.1,95.75
2009-02-26 06:00:00,2,6,6.65,117.0,0.0,117.0,1.24,92.35
2009-02-26 07:00:00,2,7,8.35,149.0,0.0,149.0,1.72,89.05
2009-02-26 08:00:00,2,8,8.68,225.0,1.55,224.0,2.07,85.9
2009-02-26 09:00:00,2,9,8.82,298.0,19.45,285.0,2.28,85.9
2009-02-26 10:00:00,2,10,9.1,268.0,12.53,260.0,2.28,82.85
2009-02-26 11:00:00,2,11,9.54,231.0,14.33,223.0,2.41,77.0
2009-02-26 12:00:00,2,12,9.27,255.0,110.74,207.0,2.48,79.85
2009-02-26 13:00:00,2,13,8.7,142.0,84.35,119.0,2.14,82.75
2009-02-26 14:00:00,2,14,7.91,13.0,0.0,13.0,1.86,82.7
2009-02-26 15:00:00,2,15,7.23,0.0,-0.0,0.0,1.31,85.8
2009-02-26 16:00:00,2,16,6.75,0.0,-0.0,0.0,1.1,89.0
2009-02-26 17:00:00,2,17,6.52,0.0,-0.0,0.0,0.97,89.0
2009-02-26 18:00:00,2,18,6.31,0.0,-0.0,0.0,0.76,95.8
2009-02-26 19:00:00,2,19,6.34,0.0,-0.0,0.0,0.48,95.8
2009-02-26 20:00:00,2,20,6.03,0.0,-0.0,0.0,0.41,95.8
2009-02-26 21:00:00,2,21,5.59,0.0,-0.0,0.0,0.62,95.75
2009-02-26 22:00:00,2,22,5.42,0.0,-0.0,0.0,0.69,95.75
2009-02-26 23:00:00,2,23,5.14,0.0,-0.0,0.0,0.83,99.4
2009-02-27 00:00:00,2,0,4.75,0.0,-0.0,0.0,0.97,99.4
2009-02-27 01:00:00,2,1,4.39,0.0,-0.0,0.0,0.9,99.4
2009-02-27 02:00:00,2,2,3.91,0.0,-0.0,0.0,0.9,99.4
2009-02-27 03:00:00,2,3,3.62,0.0,-0.0,0.0,0.97,99.4
2009-02-27 04:00:00,2,4,3.54,7.0,0.0,7.0,0.97,99.4
2009-02-27 05:00:00,2,5,4.59,36.0,0.0,36.0,0.76,95.75
2009-02-27 06:00:00,2,6,5.56,211.0,30.41,197.0,0.76,92.3
2009-02-27 07:00:00,2,7,7.41,394.0,181.44,289.0,0.9,85.8
2009-02-27 08:00:00,2,8,8.92,440.0,167.37,331.0,1.03,79.75
2009-02-27 09:00:00,2,9,9.93,590.0,457.53,282.0,1.38,74.2
2009-02-27 10:00:00,2,10,10.78,664.0,821.21,136.0,2.07,71.7
2009-02-27 11:00:00,2,11,11.0,532.0,634.51,175.0,3.03,69.15
2009-02-27 12:00:00,2,12,10.08,269.0,134.79,210.0,3.03,74.3
2009-02-27 13:00:00,2,13,9.35,136.0,65.05,118.0,2.34,79.85
2009-02-27 14:00:00,2,14,8.59,31.0,0.0,31.0,1.79,82.75
2009-02-27 15:00:00,2,15,7.91,0.0,-0.0,0.0,1.59,85.85
2009-02-27 16:00:00,2,16,7.43,0.0,-0.0,0.0,1.31,85.85
2009-02-27 17:00:00,2,17,7.08,0.0,-0.0,0.0,1.03,89.0
2009-02-27 18:00:00,2,18,6.88,0.0,-0.0,0.0,0.76,92.35
2009-02-27 19:00:00,2,19,6.65,0.0,-0.0,0.0,0.97,92.35
2009-02-27 20:00:00,2,20,6.07,0.0,-0.0,0.0,0.9,92.3
2009-02-27 21:00:00,2,21,6.02,0.0,-0.0,0.0,1.03,92.3
2009-02-27 22:00:00,2,22,5.7,0.0,-0.0,0.0,0.97,95.75
2009-02-27 23:00:00,2,23,5.36,0.0,-0.0,0.0,0.83,99.4
2009-02-28 00:00:00,2,0,5.18,0.0,-0.0,0.0,0.55,99.4
2009-02-28 01:00:00,2,1,4.98,0.0,-0.0,0.0,0.69,95.75
2009-02-28 02:00:00,2,2,4.57,0.0,-0.0,0.0,0.76,99.4
2009-02-28 03:00:00,2,3,4.33,0.0,-0.0,0.0,0.69,99.4
2009-02-28 04:00:00,2,4,3.67,89.0,387.5,40.0,0.83,99.4
2009-02-28 05:00:00,2,5,5.64,275.0,607.43,87.0,0.97,95.75
2009-02-28 06:00:00,2,6,7.39,406.0,504.86,171.0,1.52,89.0
2009-02-28 07:00:00,2,7,10.15,590.0,781.17,134.0,1.1,79.95
2009-02-28 08:00:00,2,8,11.46,681.0,827.45,138.0,1.17,74.55
2009-02-28 09:00:00,2,9,12.77,684.0,752.18,174.0,1.24,69.45
2009-02-28 10:00:00,2,10,13.41,355.0,63.31,314.0,0.97,69.55
2009-02-28 11:00:00,2,11,14.08,489.0,456.71,230.0,0.21,62.55
2009-02-28 12:00:00,2,12,14.29,261.0,113.14,211.0,0.34,60.3
2009-02-28 13:00:00,2,13,13.41,28.0,0.0,28.0,1.79,67.05
2009-02-28 14:00:00,2,14,11.2,29.0,0.0,29.0,2.41,77.2
2009-02-28 15:00:00,2,15,8.98,0.0,-0.0,0.0,2.21,89.1
2009-02-28 16:00:00,2,16,6.41,0.0,-0.0,0.0,0.77,98.61
2009-02-28 17:00:00,2,17,6.18,0.0,-0.0,0.0,0.8,98.54
2009-02-28 18:00:00,2,18,5.96,0.0,-0.0,0.0,0.83,98.47
2009-02-28 19:00:00,2,19,5.73,0.0,-0.0,0.0,0.86,98.4
2009-02-28 20:00:00,2,20,5.51,0.0,-0.0,0.0,0.89,98.33
2009-02-28 21:00:00,2,21,5.29,0.0,-0.0,0.0,0.92,98.26
2009-02-28 22:00:00,2,22,5.06,0.0,-0.0,0.0,0.95,98.19
2009-02-28 23:00:00,2,23,4.84,0.0,-0.0,0.0,0.98,98.12
2013-03-01 00:00:00,3,0,4.61,0.0,-0.0,0.0,1.02,98.05
2013-03-01 01:00:00,3,1,4.39,0.0,-0.0,0.0,1.05,97.98
2013-03-01 02:00:00,3,2,4.16,0.0,-0.0,0.0,1.08,97.91
2013-03-01 03:00:00,3,3,3.94,0.0,-0.0,0.0,1.11,97.84
2013-03-01 04:00:00,3,4,3.71,30.0,0.0,30.0,1.14,97.77
2013-03-01 05:00:00,3,5,3.49,198.0,174.87,143.0,1.17,97.7
2013-03-01 06:00:00,3,6,3.26,333.0,233.78,223.0,1.2,97.63
2013-03-01 07:00:00,3,7,3.04,266.0,23.78,252.0,1.23,97.56
2013-03-01 08:00:00,3,8,6.34,310.0,27.22,292.0,2.21,88.95
2013-03-01 09:00:00,3,9,6.73,276.0,8.79,270.0,2.41,85.75
2013-03-01 10:00:00,3,10,6.79,399.0,108.85,328.0,2.55,85.75
2013-03-01 11:00:00,3,11,6.21,257.0,22.75,244.0,2.34,88.95
2013-03-01 12:00:00,3,12,6.36,50.0,0.0,50.0,1.86,88.95
2013-03-01 13:00:00,3,13,6.1,150.0,91.33,124.0,1.72,85.7
2013-03-01 14:00:00,3,14,5.51,24.0,0.0,24.0,1.17,95.75
2013-03-01 15:00:00,3,15,4.83,0.0,-0.0,0.0,0.76,99.4
2013-03-01 16:00:00,3,16,4.43,0.0,-0.0,0.0,0.41,99.4
2013-03-01 17:00:00,3,17,4.18,0.0,-0.0,0.0,0.14,99.4
2013-03-01 18:00:00,3,18,3.97,0.0,-0.0,0.0,0.07,100.0
2013-03-01 19:00:00,3,19,4.11,0.0,-0.0,0.0,0.62,95.75
2013-03-01 20:00:00,3,20,3.58,0.0,-0.0,0.0,0.69,95.7
2013-03-01 21:00:00,3,21,3.56,0.0,-0.0,0.0,0.62,92.15
2013-03-01 22:00:00,3,22,3.28,0.0,-0.0,0.0,0.76,95.7
2013-03-01 23:00:00,3,23,2.85,0.0,-0.0,0.0,0.9,95.7
2013-03-02 00:00:00,3,0,2.36,0.0,-0.0,0.0,0.9,95.65
2013-03-02 01:00:00,3,1,2.63,0.0,-0.0,0.0,0.83,95.7
2013-03-02 02:00:00,3,2,1.99,0.0,-0.0,0.0,0.9,99.4
2013-03-02 03:00:00,3,3,1.45,0.0,-0.0,0.0,0.97,99.35
2013-03-02 04:00:00,3,4,1.29,74.0,154.04,53.0,0.97,99.35
2013-03-02 05:00:00,3,5,3.82,270.0,494.41,112.0,0.48,95.7
2013-03-02 06:00:00,3,6,6.58,461.0,698.03,129.0,0.41,82.6
2013-03-02 07:00:00,3,7,8.47,586.0,703.88,168.0,0.9,76.85
2013-03-02 08:00:00,3,8,9.61,657.0,679.99,204.0,1.45,69.0
2013-03-02 09:00:00,3,9,10.65,748.0,903.01,127.0,1.52,66.65
2013-03-02 10:00:00,3,10,11.31,680.0,800.69,154.0,1.59,64.35
2013-03-02 11:00:00,3,11,11.75,580.0,756.97,144.0,1.52,62.0
2013-03-02 12:00:00,3,12,11.78,433.0,688.34,123.0,2.21,62.0
2013-03-02 13:00:00,3,13,11.44,243.0,512.77,95.0,2.21,59.7
2013-03-02 14:00:00,3,14,10.51,36.0,0.0,36.0,1.59,66.55
2013-03-02 15:00:00,3,15,9.12,0.0,-0.0,0.0,1.38,68.9
2013-03-02 16:00:00,3,16,7.93,0.0,-0.0,0.0,0.83,79.7
2013-03-02 17:00:00,3,17,7.9,0.0,-0.0,0.0,0.83,73.95
2013-03-02 18:00:00,3,18,6.12,0.0,-0.0,0.0,1.24,79.5
2013-03-02 19:00:00,3,19,4.61,0.0,-0.0,0.0,1.38,85.55
2013-03-02 20:00:00,3,20,3.25,0.0,-0.0,0.0,1.38,92.15
2013-03-02 21:00:00,3,21,1.8,0.0,-0.0,0.0,1.45,92.05
2013-03-02 22:00:00,3,22,0.6,0.0,-0.0,0.0,1.59,88.55
2013-03-02 23:00:00,3,23,0.08,0.0,-0.0,0.0,1.79,88.5
2013-03-03 00:00:00,3,0,-0.16,0.0,-0.0,0.0,1.86,88.45
2013-03-03 01:00:00,3,1,-0.3,0.0,-0.0,0.0,1.93,85.1
2013-03-03 02:00:00,3,2,-0.44,0.0,-0.0,0.0,1.86,81.8
2013-03-03 03:00:00,3,3,-0.53,0.0,-0.0,0.0,1.79,81.75
2013-03-03 04:00:00,3,4,-0.08,97.0,332.54,50.0,1.66,81.8
2013-03-03 05:00:00,3,5,3.67,300.0,643.74,91.0,1.31,82.25
2013-03-03 06:00:00,3,6,9.13,465.0,694.76,131.0,0.9,63.9
2013-03-03 07:00:00,3,7,12.21,607.0,763.04,150.0,0.69,53.5
2013-03-03 08:00:00,3,8,13.95,699.0,809.05,156.0,0.41,50.0
2013-03-03 09:00:00,3,9,15.47,725.0,818.75,158.0,0.34,46.75
2013-03-03 10:00:00,3,10,16.56,642.0,642.42,217.0,0.41,45.3
2013-03-03 11:00:00,3,11,17.15,583.0,751.22,147.0,0.48,43.8
2013-03-03 12:00:00,3,12,17.17,424.0,627.02,139.0,0.9,42.3
2013-03-03 13:00:00,3,13,16.31,218.0,331.55,121.0,1.79,50.6
2013-03-03 14:00:00,3,14,14.29,38.0,0.0,38.0,2.21,60.3
2013-03-03 15:00:00,3,15,11.48,0.0,-0.0,0.0,2.14,69.25
2013-03-03 16:00:00,3,16,9.19,0.0,-0.0,0.0,1.31,79.9
2013-03-03 17:00:00,3,17,7.95,0.0,-0.0,0.0,0.97,89.05
2013-03-03 18:00:00,3,18,7.19,0.0,-0.0,0.0,1.1,85.8
2013-03-03 19:00:00,3,19,7.5,0.0,-0.0,0.0,0.34,82.65
2013-03-03 20:00:00,3,20,6.93,0.0,-0.0,0.0,0.76,85.75
2013-03-03 21:00:00,3,21,4.63,0.0,-0.0,0.0,1.31,92.25
2013-03-03 22:00:00,3,22,3.91,0.0,-0.0,0.0,1.45,95.7
2013-03-03 23:00:00,3,23,4.03,0.0,-0.0,0.0,1.31,92.2
2013-03-04 00:00:00,3,0,3.92,0.0,-0.0,0.0,1.31,92.15
2013-03-04 01:00:00,3,1,2.7,0.0,-0.0,0.0,1.31,92.15
2013-03-04 02:00:00,3,2,1.85,0.0,-0.0,0.0,1.45,95.65
2013-03-04 03:00:00,3,3,1.71,0.0,-0.0,0.0,1.17,95.65
2013-03-04 04:00:00,3,4,2.7,17.0,0.0,17.0,0.62,92.15
2013-03-04 05:00:00,3,5,3.74,33.0,0.0,33.0,0.83,88.75
2013-03-04 06:00:00,3,6,4.96,58.0,0.0,58.0,1.17,85.55
2013-03-04 07:00:00,3,7,6.29,114.0,0.0,114.0,1.66,79.5
2013-03-04 08:00:00,3,8,7.27,151.0,0.0,151.0,1.45,76.7
2013-03-04 09:00:00,3,9,9.02,460.0,152.01,354.0,1.52,71.4
2013-03-04 10:00:00,3,10,9.68,91.0,0.0,91.0,2.0,69.0
2013-03-04 11:00:00,3,11,8.98,51.0,0.0,51.0,2.69,76.95
2013-03-04 12:00:00,3,12,7.8,178.0,10.9,173.0,2.41,82.7
2013-03-04 13:00:00,3,13,7.28,34.0,0.0,34.0,1.66,85.8
2013-03-04 14:00:00,3,14,6.75,11.0,0.0,11.0,0.9,89.0
2013-03-04 15:00:00,3,15,6.11,0.0,-0.0,0.0,0.41,92.3
2013-03-04 16:00:00,3,16,5.53,0.0,-0.0,0.0,0.34,99.4
2013-03-04 17:00:00,3,17,4.92,0.0,-0.0,0.0,1.17,99.4
2013-03-04 18:00:00,3,18,4.57,0.0,-0.0,0.0,1.31,99.4
2013-03-04 19:00:00,3,19,3.64,0.0,-0.0,0.0,1.03,99.4
2013-03-04 20:00:00,3,20,3.14,0.0,-0.0,0.0,0.97,99.4
2013-03-04 21:00:00,3,21,2.79,0.0,-0.0,0.0,0.97,99.4
2013-03-04 22:00:00,3,22,3.18,0.0,-0.0,0.0,0.76,99.4
2013-03-04 23:00:00,3,23,3.23,0.0,-0.0,0.0,0.34,99.4
2013-03-05 00:00:00,3,0,3.27,0.0,-0.0,0.0,0.21,99.4
2013-03-05 01:00:00,3,1,4.06,0.0,-0.0,0.0,0.55,95.75
2013-03-05 02:00:00,3,2,4.33,0.0,-0.0,0.0,0.62,99.4
2013-03-05 03:00:00,3,3,5.12,0.0,-0.0,0.0,0.48,95.75
2013-03-05 04:00:00,3,4,5.53,0.0,0.0,0.0,0.48,95.75
2013-03-05 05:00:00,3,5,6.01,33.0,0.0,33.0,0.28,99.4
2013-03-05 06:00:00,3,6,7.41,321.0,164.96,240.0,0.76,85.8
2013-03-05 07:00:00,3,7,7.72,591.0,673.14,181.0,2.21,71.25
2013-03-05 08:00:00,3,8,7.43,680.0,719.44,190.0,2.83,71.15
2013-03-05 09:00:00,3,9,7.37,648.0,545.49,265.0,3.17,71.15
2013-03-05 10:00:00,3,10,7.84,214.0,0.0,214.0,3.66,71.25
2013-03-05 11:00:00,3,11,7.25,99.0,0.0,99.0,3.45,68.5
2013-03-05 12:00:00,3,12,6.78,74.0,0.0,74.0,3.17,71.05
2013-03-05 13:00:00,3,13,6.07,85.0,0.0,85.0,2.41,73.7
2013-03-05 14:00:00,3,14,5.62,12.0,0.0,12.0,2.0,73.65
2013-03-05 15:00:00,3,15,4.91,0.0,-0.0,0.0,1.59,76.3
2013-03-05 16:00:00,3,16,4.07,0.0,-0.0,0.0,1.24,85.5
2013-03-05 17:00:00,3,17,3.4,0.0,-0.0,0.0,0.83,92.15
2013-03-05 18:00:00,3,18,2.93,0.0,-0.0,0.0,0.69,92.15
2013-03-05 19:00:00,3,19,1.95,0.0,-0.0,0.0,0.48,99.4
2013-03-05 20:00:00,3,20,1.74,0.0,-0.0,0.0,0.62,99.4
2013-03-05 21:00:00,3,21,1.59,0.0,-0.0,0.0,0.9,99.4
2013-03-05 22:00:00,3,22,1.49,0.0,-0.0,0.0,0.97,100.0
2013-03-05 23:00:00,3,23,1.39,0.0,-0.0,0.0,0.83,99.35
2013-03-06 00:00:00,3,0,1.29,0.0,-0.0,0.0,1.1,99.35
2013-03-06 01:00:00,3,1,1.68,0.0,-0.0,0.0,1.45,92.05
2013-03-06 02:00:00,3,2,1.23,0.0,-0.0,0.0,1.66,88.55
2013-03-06 03:00:00,3,3,1.3,0.0,-0.0,0.0,1.66,85.2
2013-03-06 04:00:00,3,4,1.33,10.0,0.0,10.0,1.45,85.2
2013-03-06 05:00:00,3,5,1.89,60.0,0.0,60.0,1.79,75.85
2013-03-06 06:00:00,3,6,2.56,125.0,0.0,125.0,2.28,67.6
2013-03-06 07:00:00,3,7,3.29,168.0,0.0,168.0,2.21,60.15
2013-03-06 08:00:00,3,8,3.79,317.0,21.86,302.0,2.34,57.95
2013-03-06 09:00:00,3,9,4.38,0.0,0.0,0.0,2.41,55.85
2013-03-06 10:00:00,3,10,4.72,0.0,0.0,0.0,2.34,53.8
2013-03-06 11:00:00,3,11,4.74,260.0,18.54,249.0,2.41,55.95
2013-03-06 12:00:00,3,12,4.57,271.0,98.52,225.0,2.41,55.95
2013-03-06 13:00:00,3,13,4.27,196.0,190.64,138.0,2.55,60.4
2013-03-06 14:00:00,3,14,3.83,24.0,0.0,24.0,2.48,62.7
2013-03-06 15:00:00,3,15,2.97,0.0,-0.0,0.0,1.79,67.6
2013-03-06 16:00:00,3,16,2.26,0.0,-0.0,0.0,1.38,73.0
2013-03-06 17:00:00,3,17,1.26,0.0,-0.0,0.0,1.24,81.95
2013-03-06 18:00:00,3,18,0.29,0.0,-0.0,0.0,1.38,81.9
2013-03-06 19:00:00,3,19,-0.3,0.0,-0.0,0.0,1.45,88.45
2013-03-06 20:00:00,3,20,-0.79,0.0,-0.0,0.0,1.59,88.45
2013-03-06 21:00:00,3,21,-1.05,0.0,-0.0,0.0,1.45,91.95
2013-03-06 22:00:00,3,22,-1.27,0.0,-0.0,0.0,1.45,91.95
2013-03-06 23:00:00,3,23,-1.57,0.0,-0.0,0.0,1.17,91.9
2013-03-07 00:00:00,3,0,-1.55,0.0,-0.0,0.0,0.97,91.9
2013-03-07 01:00:00,3,1,-1.22,0.0,-0.0,0.0,0.69,91.95
2013-03-07 02:00:00,3,2,-0.98,0.0,-0.0,0.0,0.55,88.45
2013-03-07 03:00:00,3,3,-0.94,0.0,-0.0,0.0,0.55,88.45
2013-03-07 04:00:00,3,4,-0.91,10.0,0.0,10.0,0.48,85.05
2013-03-07 05:00:00,3,5,0.1,32.0,0.0,32.0,0.41,78.75
2013-03-07 06:00:00,3,6,1.59,117.0,0.0,117.0,0.21,72.95
2013-03-07 07:00:00,3,7,3.1,300.0,32.3,280.0,1.17,65.1
2013-03-07 08:00:00,3,8,4.02,544.0,286.54,346.0,1.38,62.7
2013-03-07 09:00:00,3,9,4.59,740.0,775.65,188.0,1.31,58.2
2013-03-07 10:00:00,3,10,5.57,701.0,763.38,182.0,1.17,51.95
2013-03-07 11:00:00,3,11,5.88,591.0,684.21,182.0,1.31,51.95
2013-03-07 12:00:00,3,12,5.83,403.0,445.9,193.0,1.66,54.05
2013-03-07 13:00:00,3,13,5.42,176.0,110.36,142.0,2.07,56.05
2013-03-07 14:00:00,3,14,4.68,65.0,158.01,46.0,2.07,60.5
2013-03-07 15:00:00,3,15,3.75,0.0,-0.0,0.0,1.45,67.8
2013-03-07 16:00:00,3,16,2.39,0.0,-0.0,0.0,0.97,82.05
2013-03-07 17:00:00,3,17,2.75,0.0,-0.0,0.0,0.21,73.1
2013-03-07 18:00:00,3,18,2.43,0.0,-0.0,0.0,0.76,75.95
2013-03-07 19:00:00,3,19,2.0,0.0,-0.0,0.0,0.69,70.1
2013-03-07 20:00:00,3,20,1.73,0.0,-0.0,0.0,0.55,70.1
2013-03-07 21:00:00,3,21,1.51,0.0,-0.0,0.0,0.48,67.4
2013-03-07 22:00:00,3,22,1.3,0.0,-0.0,0.0,0.41,70.05
2013-03-07 23:00:00,3,23,1.06,0.0,-0.0,0.0,0.55,67.3
2013-03-08 00:00:00,3,0,0.79,0.0,-0.0,0.0,0.69,67.3
2013-03-08 01:00:00,3,1,0.12,0.0,-0.0,0.0,0.83,64.55
2013-03-08 02:00:00,3,2,-0.05,0.0,-0.0,0.0,0.83,64.45
2013-03-08 03:00:00,3,3,-0.25,0.0,-0.0,0.0,0.83,59.45
2013-03-08 04:00:00,3,4,-0.21,127.0,419.27,57.0,0.76,61.9
2013-03-08 05:00:00,3,5,1.58,333.0,664.71,100.0,0.34,72.95
2013-03-08 06:00:00,3,6,4.81,524.0,791.65,123.0,0.28,51.7
2013-03-08 07:00:00,3,7,7.08,673.0,858.5,137.0,0.48,43.0
2013-03-08 08:00:00,3,8,8.79,757.0,870.78,151.0,0.21,40.1
2013-03-08 09:00:00,3,9,10.24,779.0,866.83,158.0,0.28,38.95
2013-03-08 10:00:00,3,10,11.22,738.0,853.32,154.0,0.83,37.75
2013-03-08 11:00:00,3,11,11.57,630.0,802.27,147.0,1.59,40.8
2013-03-08 12:00:00,3,12,11.31,469.0,703.16,135.0,1.93,45.8
2013-03-08 13:00:00,3,13,10.43,275.0,548.24,104.0,2.07,53.1
2013-03-08 14:00:00,3,14,8.92,66.0,153.38,47.0,1.72,63.8
2013-03-08 15:00:00,3,15,6.95,0.0,-0.0,0.0,1.38,71.05
2013-03-08 16:00:00,3,16,6.21,0.0,-0.0,0.0,0.48,70.95
2013-03-08 17:00:00,3,17,5.42,0.0,-0.0,0.0,0.62,73.55
2013-03-08 18:00:00,3,18,2.0,0.0,-0.0,0.0,1.24,85.25
2013-03-08 19:00:00,3,19,-0.62,0.0,-0.0,0.0,1.52,81.75
2013-03-08 20:00:00,3,20,-1.6,0.0,-0.0,0.0,1.52,81.65
2013-03-08 21:00:00,3,21,-1.91,0.0,-0.0,0.0,1.59,78.45
2013-03-08 22:00:00,3,22,-1.95,0.0,-0.0,0.0,1.52,72.4
2013-03-08 23:00:00,3,23,-2.21,0.0,-0.0,0.0,1.59,72.3
2013-03-09 00:00:00,3,0,-2.23,0.0,-0.0,0.0,1.59,72.3
2013-03-09 01:00:00,3,1,-1.79,0.0,-0.0,0.0,1.52,69.55
2013-03-09 02:00:00,3,2,-1.39,0.0,-0.0,0.0,1.52,66.9
2013-03-09 03:00:00,3,3,-1.28,0.0,-0.0,0.0,1.59,69.65
2013-03-09 04:00:00,3,4,-0.09,11.0,0.0,11.0,1.45,72.65
2013-03-09 05:00:00,3,5,2.68,123.0,5.62,121.0,1.1,76.0
2013-03-09 06:00:00,3,6,6.68,507.0,730.86,133.0,0.69,61.0
2013-03-09 07:00:00,3,7,11.33,647.0,784.84,153.0,0.83,42.4
2013-03-09 08:00:00,3,8,13.31,719.0,759.08,187.0,0.55,39.65
2013-03-09 09:00:00,3,9,14.58,756.0,812.62,170.0,0.62,38.45
2013-03-09 10:00:00,3,10,15.41,724.0,823.09,157.0,0.69,38.7
2013-03-09 11:00:00,3,11,15.78,625.0,793.35,144.0,0.9,38.85
2013-03-09 12:00:00,3,12,15.48,470.0,718.15,126.0,1.24,41.75
2013-03-09 13:00:00,3,13,14.48,267.0,500.48,109.0,1.52,52.0
2013-03-09 14:00:00,3,14,12.51,68.0,156.88,48.0,1.79,62.1
2013-03-09 15:00:00,3,15,10.31,0.0,-0.0,0.0,1.45,66.55
2013-03-09 16:00:00,3,16,8.77,0.0,-0.0,0.0,0.69,71.4
2013-03-09 17:00:00,3,17,7.7,0.0,-0.0,0.0,0.69,73.95
2013-03-09 18:00:00,3,18,4.24,0.0,-0.0,0.0,1.52,85.5
2013-03-09 19:00:00,3,19,3.4,0.0,-0.0,0.0,1.59,85.4
2013-03-09 20:00:00,3,20,1.72,0.0,-0.0,0.0,1.79,92.05
2013-03-09 21:00:00,3,21,0.37,0.0,-0.0,0.0,1.72,92.0
2013-03-09 22:00:00,3,22,-0.35,0.0,-0.0,0.0,1.66,88.45
2013-03-09 23:00:00,3,23,-0.88,0.0,-0.0,0.0,1.66,88.45
2013-03-10 00:00:00,3,0,-1.06,0.0,-0.0,0.0,1.59,85.0
2013-03-10 01:00:00,3,1,-0.9,0.0,-0.0,0.0,1.66,81.75
2013-03-10 02:00:00,3,2,-1.07,0.0,-0.0,0.0,1.72,81.7
2013-03-10 03:00:00,3,3,-1.27,0.0,-0.0,0.0,1.79,81.7
2013-03-10 04:00:00,3,4,-0.28,94.0,124.0,72.0,1.66,78.65
2013-03-10 05:00:00,3,5,5.08,222.0,146.81,169.0,1.1,76.4
2013-03-10 06:00:00,3,6,10.17,422.0,383.04,224.0,0.69,57.3
2013-03-10 07:00:00,3,7,13.02,585.0,557.92,231.0,0.48,49.7
2013-03-10 08:00:00,3,8,14.67,727.0,790.65,169.0,0.48,44.9
2013-03-10 09:00:00,3,9,15.82,751.0,799.1,171.0,0.76,43.5
2013-03-10 10:00:00,3,10,16.46,715.0,797.6,162.0,1.31,45.3
2013-03-10 11:00:00,3,11,16.55,610.0,745.28,155.0,1.93,47.0
2013-03-10 12:00:00,3,12,15.88,460.0,672.9,135.0,2.48,50.5
2013-03-10 13:00:00,3,13,14.93,277.0,557.18,99.0,2.9,56.15
2013-03-10 14:00:00,3,14,13.54,68.0,144.95,49.0,1.86,62.3
2013-03-10 15:00:00,3,15,11.5,0.0,-0.0,0.0,1.38,69.25
2013-03-10 16:00:00,3,16,10.04,0.0,-0.0,0.0,0.97,77.1
2013-03-10 17:00:00,3,17,10.55,0.0,-0.0,0.0,0.62,69.1
2013-03-10 18:00:00,3,18,9.34,0.0,-0.0,0.0,1.1,71.5
2013-03-10 19:00:00,3,19,6.76,0.0,-0.0,0.0,1.52,79.55
2013-03-10 20:00:00,3,20,4.76,0.0,-0.0,0.0,1.66,88.85
2013-03-10 21:00:00,3,21,3.2,0.0,-0.0,0.0,1.59,92.15
2013-03-10 22:00:00,3,22,2.11,0.0,-0.0,0.0,1.52,92.1
2013-03-10 23:00:00,3,23,1.46,0.0,-0.0,0.0,1.45,95.65
2013-03-11 00:00:00,3,0,0.99,0.0,-0.0,0.0,1.52,88.55
2013-03-11 01:00:00,3,1,0.81,0.0,-0.0,0.0,1.52,88.55
2013-03-11 02:00:00,3,2,0.69,0.0,-0.0,0.0,1.59,85.2
2013-03-11 03:00:00,3,3,0.54,0.0,-0.0,0.0,1.59,81.95
2013-03-11 04:00:00,3,4,1.74,120.0,262.73,72.0,1.45,82.0
2013-03-11 05:00:00,3,5,6.36,318.0,532.38,123.0,1.03,79.5
2013-03-11 06:00:00,3,6,11.9,508.0,706.75,139.0,0.62,59.7
2013-03-11 07:00:00,3,7,14.63,655.0,792.73,148.0,0.76,48.25
2013-03-11 08:00:00,3,8,16.2,743.0,826.02,156.0,0.83,42.05
2013-03-11 09:00:00,3,9,17.48,763.0,822.74,162.0,0.97,39.25
2013-03-11 10:00:00,3,10,18.34,719.0,798.27,162.0,0.9,36.7
2013-03-11 11:00:00,3,11,18.85,604.0,702.79,172.0,0.62,35.45
2013-03-11 12:00:00,3,12,18.99,455.0,634.58,146.0,0.28,35.45
2013-03-11 13:00:00,3,13,18.56,280.0,556.93,100.0,0.69,38.1
2013-03-11 14:00:00,3,14,16.93,71.0,141.11,52.0,1.45,50.75
2013-03-11 15:00:00,3,15,14.02,0.0,-0.0,0.0,1.38,69.65
2013-03-11 16:00:00,3,16,13.83,0.0,-0.0,0.0,0.76,62.45
2013-03-11 17:00:00,3,17,12.95,0.0,-0.0,0.0,0.14,64.55
2013-03-11 18:00:00,3,18,12.01,0.0,-0.0,0.0,0.48,69.25
2013-03-11 19:00:00,3,19,6.51,0.0,-0.0,0.0,1.59,76.55
2013-03-11 20:00:00,3,20,4.74,0.0,-0.0,0.0,1.72,79.3
2013-03-11 21:00:00,3,21,3.84,0.0,-0.0,0.0,1.93,82.25
2013-03-11 22:00:00,3,22,3.31,0.0,-0.0,0.0,2.0,82.2
2013-03-11 23:00:00,3,23,2.99,0.0,-0.0,0.0,2.07,82.15
2013-03-12 00:00:00,3,0,2.69,0.0,-0.0,0.0,2.14,79.0
2013-03-12 01:00:00,3,1,2.55,0.0,-0.0,0.0,2.21,79.0
2013-03-12 02:00:00,3,2,2.45,0.0,-0.0,0.0,2.28,78.95
2013-03-12 03:00:00,3,3,2.34,0.0,-0.0,0.0,2.28,78.95
2013-03-12 04:00:00,3,4,3.21,128.0,297.88,72.0,2.21,79.1
2013-03-12 05:00:00,3,5,7.83,329.0,575.95,115.0,1.86,76.8
2013-03-12 06:00:00,3,6,13.47,500.0,654.27,155.0,1.72,60.05
2013-03-12 07:00:00,3,7,17.24,648.0,755.49,161.0,1.93,47.3
2013-03-12 08:00:00,3,8,19.37,587.0,355.0,333.0,2.76,39.8
2013-03-12 09:00:00,3,9,20.64,701.0,608.06,254.0,3.66,35.9
2013-03-12 10:00:00,3,10,21.55,717.0,781.87,168.0,3.72,33.6
2013-03-12 11:00:00,3,11,22.16,620.0,754.64,153.0,3.72,33.7
2013-03-12 12:00:00,3,12,22.25,457.0,631.56,147.0,3.59,33.7
2013-03-12 13:00:00,3,13,21.74,281.0,544.49,103.0,2.76,36.3
2013-03-12 14:00:00,3,14,20.13,87.0,274.96,49.0,2.07,46.2
2013-03-12 15:00:00,3,15,17.01,0.0,-0.0,0.0,1.72,54.6
2013-03-12 16:00:00,3,16,14.0,0.0,-0.0,0.0,1.59,62.45
2013-03-12 17:00:00,3,17,11.46,0.0,-0.0,0.0,1.52,69.25
2013-03-12 18:00:00,3,18,9.35,0.0,-0.0,0.0,1.72,77.0
2013-03-12 19:00:00,3,19,9.44,0.0,-0.0,0.0,1.72,74.2
2013-03-12 20:00:00,3,20,8.21,0.0,-0.0,0.0,1.93,76.85
2013-03-12 21:00:00,3,21,7.53,0.0,-0.0,0.0,2.0,82.65
2013-03-12 22:00:00,3,22,7.02,0.0,-0.0,0.0,2.14,82.6
2013-03-12 23:00:00,3,23,7.07,0.0,-0.0,0.0,2.14,79.65
2013-03-13 00:00:00,3,0,7.13,0.0,-0.0,0.0,2.14,79.65
2013-03-13 01:00:00,3,1,6.73,0.0,-0.0,0.0,2.0,79.55
2013-03-13 02:00:00,3,2,6.29,0.0,-0.0,0.0,1.86,79.5
2013-03-13 03:00:00,3,3,6.36,0.0,-0.0,0.0,1.72,79.5
2013-03-13 04:00:00,3,4,6.64,13.0,0.0,13.0,1.79,79.55
2013-03-13 05:00:00,3,5,10.9,254.0,214.94,173.0,1.45,77.2
2013-03-13 06:00:00,3,6,16.84,317.0,110.8,258.0,1.45,54.6
2013-03-13 07:00:00,3,7,20.0,584.0,520.28,246.0,2.21,47.9
2013-03-13 08:00:00,3,8,22.21,698.0,656.63,225.0,3.38,40.5
2013-03-13 09:00:00,3,9,23.58,737.0,717.82,206.0,4.28,35.25
2013-03-13 10:00:00,3,10,24.74,689.0,675.14,212.0,4.83,31.95
2013-03-13 11:00:00,3,11,25.08,634.0,791.39,141.0,4.97,31.95
2013-03-13 12:00:00,3,12,24.72,157.0,2.02,156.0,3.79,35.5
2013-03-13 13:00:00,3,13,23.84,198.0,145.19,150.0,4.0,36.7
2013-03-13 14:00:00,3,14,22.25,67.0,91.72,54.0,3.31,39.05
2013-03-13 15:00:00,3,15,19.22,0.0,-0.0,0.0,1.79,49.55
2013-03-13 16:00:00,3,16,17.6,0.0,-0.0,0.0,1.17,56.75
2013-03-13 17:00:00,3,17,14.23,0.0,-0.0,0.0,1.79,69.75
2013-03-13 18:00:00,3,18,11.87,0.0,-0.0,0.0,2.07,83.1
2013-03-13 19:00:00,3,19,10.68,0.0,-0.0,0.0,1.79,86.1
2013-03-13 20:00:00,3,20,12.14,0.0,-0.0,0.0,0.97,83.15
2013-03-13 21:00:00,3,21,12.12,0.0,-0.0,0.0,0.07,83.15
2013-03-13 22:00:00,3,22,11.54,0.0,-0.0,0.0,0.14,83.1
2013-03-13 23:00:00,3,23,10.9,0.0,-0.0,0.0,0.21,83.05
2013-03-14 00:00:00,3,0,10.64,0.0,-0.0,0.0,0.07,80.1
2013-03-14 01:00:00,3,1,10.2,0.0,-0.0,0.0,0.34,77.15
2013-03-14 02:00:00,3,2,10.06,0.0,-0.0,0.0,0.34,77.1
2013-03-14 03:00:00,3,3,9.98,0.0,-0.0,0.0,0.62,74.3
2013-03-14 04:00:00,3,4,9.72,52.0,0.0,52.0,0.76,74.3
2013-03-14 05:00:00,3,5,10.56,250.0,193.65,176.0,0.41,83.0
2013-03-14 06:00:00,3,6,13.84,435.0,379.41,231.0,0.28,53.85
2013-03-14 07:00:00,3,7,14.51,451.0,189.41,327.0,0.69,44.75
2013-03-14 08:00:00,3,8,15.46,687.0,608.14,246.0,1.24,45.05
2013-03-14 09:00:00,3,9,16.16,727.0,674.44,225.0,1.72,43.65
2013-03-14 10:00:00,3,10,16.61,709.0,731.51,189.0,1.86,47.0
2013-03-14 11:00:00,3,11,16.83,613.0,708.09,169.0,2.55,47.15
2013-03-14 12:00:00,3,12,16.52,467.0,651.84,142.0,2.97,50.6
2013-03-14 13:00:00,3,13,15.91,281.0,508.6,111.0,2.97,52.4
2013-03-14 14:00:00,3,14,15.04,83.0,192.79,55.0,2.07,56.15
2013-03-14 15:00:00,3,15,13.59,0.0,-0.0,0.0,1.03,67.05
2013-03-14 16:00:00,3,16,12.67,0.0,-0.0,0.0,0.76,66.95
2013-03-14 17:00:00,3,17,11.4,0.0,-0.0,0.0,1.1,69.25
2013-03-14 18:00:00,3,18,11.61,0.0,-0.0,0.0,0.97,69.25
2013-03-14 19:00:00,3,19,12.52,0.0,-0.0,0.0,0.9,66.85
2013-03-14 20:00:00,3,20,11.52,0.0,-0.0,0.0,1.1,69.25
2013-03-14 21:00:00,3,21,10.51,0.0,-0.0,0.0,1.1,74.4
2013-03-14 22:00:00,3,22,9.82,0.0,-0.0,0.0,1.03,77.1
2013-03-14 23:00:00,3,23,9.32,0.0,-0.0,0.0,0.9,79.9
2013-03-15 00:00:00,3,0,8.1,0.0,-0.0,0.0,1.17,85.9
2013-03-15 01:00:00,3,1,7.29,0.0,-0.0,0.0,0.97,85.8
2013-03-15 02:00:00,3,2,7.5,0.0,-0.0,0.0,0.28,85.8
2013-03-15 03:00:00,3,3,7.53,0.0,0.0,0.0,0.62,85.8
2013-03-15 04:00:00,3,4,7.49,13.0,0.0,13.0,0.83,85.8
2013-03-15 05:00:00,3,5,9.04,68.0,0.0,68.0,0.76,85.95
2013-03-15 06:00:00,3,6,11.07,248.0,29.47,232.0,0.76,77.2
2013-03-15 07:00:00,3,7,12.22,367.0,74.28,318.0,0.97,74.6
2013-03-15 08:00:00,3,8,13.82,610.0,391.81,324.0,1.38,72.2
2013-03-15 09:00:00,3,9,14.96,663.0,480.72,303.0,1.86,69.85
2013-03-15 10:00:00,3,10,15.76,712.0,739.71,183.0,2.28,65.15
2013-03-15 11:00:00,3,11,15.88,609.0,687.71,175.0,2.69,65.15
2013-03-15 12:00:00,3,12,15.49,456.0,597.13,156.0,2.62,69.9
2013-03-15 13:00:00,3,13,14.9,193.0,124.3,151.0,2.21,72.4
2013-03-15 14:00:00,3,14,13.8,61.0,53.79,53.0,1.72,74.85
2013-03-15 15:00:00,3,15,12.26,0.0,-0.0,0.0,1.1,83.15
2013-03-15 16:00:00,3,16,11.24,0.0,-0.0,0.0,0.14,86.15
2013-03-15 17:00:00,3,17,10.3,0.0,-0.0,0.0,0.76,89.25
2013-03-15 18:00:00,3,18,9.18,0.0,-0.0,0.0,1.03,92.45
2013-03-15 19:00:00,3,19,10.53,0.0,-0.0,0.0,0.28,89.25
2013-03-15 20:00:00,3,20,10.17,0.0,-0.0,0.0,0.14,89.25
2013-03-15 21:00:00,3,21,10.04,0.0,-0.0,0.0,0.14,89.2
2013-03-15 22:00:00,3,22,9.92,0.0,-0.0,0.0,0.21,89.2
2013-03-15 23:00:00,3,23,9.69,0.0,-0.0,0.0,0.14,86.0
2013-03-16 00:00:00,3,0,9.45,0.0,-0.0,0.0,0.07,85.95
2013-03-16 01:00:00,3,1,9.15,0.0,-0.0,0.0,0.14,85.95
2013-03-16 02:00:00,3,2,8.87,0.0,-0.0,0.0,0.34,89.1
2013-03-16 03:00:00,3,3,8.58,0.0,0.0,0.0,0.62,85.95
2013-03-16 04:00:00,3,4,9.03,17.0,0.0,17.0,0.76,85.95
2013-03-16 05:00:00,3,5,10.94,89.0,0.0,89.0,0.28,89.3
2013-03-16 06:00:00,3,6,13.44,200.0,5.47,197.0,0.41,80.35
2013-03-16 07:00:00,3,7,15.43,385.0,88.77,326.0,1.59,72.45
2013-03-16 08:00:00,3,8,15.81,350.0,29.94,328.0,2.07,72.55
2013-03-16 09:00:00,3,9,16.31,230.0,0.0,230.0,2.14,72.65
2013-03-16 10:00:00,3,10,16.35,313.0,16.68,301.0,2.07,72.65
2013-03-16 11:00:00,3,11,16.39,290.0,25.19,274.0,1.79,72.65
2013-03-16 12:00:00,3,12,16.45,77.0,0.0,77.0,1.38,75.25
2013-03-16 13:00:00,3,13,16.49,66.0,0.0,66.0,1.17,75.25
2013-03-16 14:00:00,3,14,15.8,17.0,0.0,17.0,0.83,77.85
2013-03-16 15:00:00,3,15,14.14,0.0,-0.0,0.0,1.03,86.4
2013-03-16 16:00:00,3,16,12.48,0.0,-0.0,0.0,0.83,95.95
2013-03-16 17:00:00,3,17,12.22,0.0,-0.0,0.0,0.62,92.6
2013-03-16 18:00:00,3,18,11.88,0.0,-0.0,0.0,0.55,95.9
2013-03-16 19:00:00,3,19,11.33,0.0,-0.0,0.0,0.97,89.3
2013-03-16 20:00:00,3,20,10.27,0.0,-0.0,0.0,1.1,92.5
2013-03-16 21:00:00,3,21,9.45,0.0,-0.0,0.0,1.1,92.45
2013-03-16 22:00:00,3,22,8.26,0.0,-0.0,0.0,1.24,92.4
2013-03-16 23:00:00,3,23,7.9,0.0,-0.0,0.0,1.1,92.4
2013-03-17 00:00:00,3,0,7.17,0.0,-0.0,0.0,1.17,92.35
2013-03-17 01:00:00,3,1,7.1,0.0,-0.0,0.0,1.17,89.0
2013-03-17 02:00:00,3,2,6.87,0.0,-0.0,0.0,1.17,89.0
2013-03-17 03:00:00,3,3,7.14,0.0,0.0,0.0,1.17,85.8
2013-03-17 04:00:00,3,4,9.06,14.0,0.0,14.0,0.69,82.85
2013-03-17 05:00:00,3,5,11.77,84.0,0.0,84.0,0.48,83.1
2013-03-17 06:00:00,3,6,15.67,103.0,0.0,103.0,0.48,70.0
2013-03-17 07:00:00,3,7,16.35,114.0,0.0,114.0,1.38,70.1
2013-03-17 08:00:00,3,8,16.84,128.0,0.0,128.0,1.93,67.75
2013-03-17 09:00:00,3,9,18.17,168.0,0.0,168.0,2.28,63.3
2013-03-17 10:00:00,3,10,18.71,207.0,0.0,207.0,2.76,59.15
2013-03-17 11:00:00,3,11,17.87,126.0,0.0,126.0,3.03,61.05
2013-03-17 12:00:00,3,12,16.78,89.0,0.0,89.0,2.48,65.35
2013-03-17 13:00:00,3,13,15.51,47.0,0.0,47.0,1.59,75.1
2013-03-17 14:00:00,3,14,14.72,9.0,0.0,9.0,0.62,80.55
2013-03-17 15:00:00,3,15,13.53,0.0,-0.0,0.0,0.76,89.4
2013-03-17 16:00:00,3,16,12.76,0.0,-0.0,0.0,0.14,92.6
2013-03-17 17:00:00,3,17,10.94,0.0,-0.0,0.0,0.97,95.9
2013-03-17 18:00:00,3,18,9.08,0.0,-0.0,0.0,1.59,95.85
2013-03-17 19:00:00,3,19,8.36,0.0,-0.0,0.0,1.45,95.85
2013-03-17 20:00:00,3,20,7.34,0.0,-0.0,0.0,1.52,95.8
2013-03-17 21:00:00,3,21,6.21,0.0,-0.0,0.0,1.79,99.4
2013-03-17 22:00:00,3,22,6.07,0.0,-0.0,0.0,1.66,95.8
2013-03-17 23:00:00,3,23,5.5,0.0,-0.0,0.0,1.86,99.4
2013-03-18 00:00:00,3,0,5.02,0.0,-0.0,0.0,2.0,99.4
2013-03-18 01:00:00,3,1,4.61,0.0,-0.0,0.0,2.14,92.25
2013-03-18 02:00:00,3,2,5.06,0.0,-0.0,0.0,1.38,88.85
2013-03-18 03:00:00,3,3,6.99,0.0,0.0,0.0,0.62,82.6
2013-03-18 04:00:00,3,4,6.5,110.0,86.34,91.0,1.03,88.95
2013-03-18 05:00:00,3,5,8.52,335.0,446.35,155.0,2.0,85.9
2013-03-18 06:00:00,3,6,9.26,544.0,703.92,151.0,2.28,82.9
2013-03-18 07:00:00,3,7,10.03,635.0,592.97,235.0,2.21,86.0
2013-03-18 08:00:00,3,8,10.55,772.0,804.94,173.0,2.34,80.05
2013-03-18 09:00:00,3,9,10.85,714.0,562.76,285.0,2.76,77.2
2013-03-18 10:00:00,3,10,11.04,281.0,5.5,277.0,2.76,74.45
2013-03-18 11:00:00,3,11,11.15,440.0,180.41,324.0,2.76,71.85
2013-03-18 12:00:00,3,12,11.09,427.0,414.68,214.0,2.97,71.75
2013-03-18 13:00:00,3,13,10.27,229.0,200.81,159.0,3.24,69.1
2013-03-18 14:00:00,3,14,9.21,83.0,125.74,63.0,3.03,66.35
2013-03-18 15:00:00,3,15,8.29,0.0,-0.0,0.0,2.41,66.15
2013-03-18 16:00:00,3,16,7.48,0.0,-0.0,0.0,2.28,65.95
2013-03-18 17:00:00,3,17,6.81,0.0,-0.0,0.0,1.86,68.4
2013-03-18 18:00:00,3,18,6.44,0.0,-0.0,0.0,1.52,70.95
2013-03-18 19:00:00,3,19,5.38,0.0,-0.0,0.0,0.83,79.35
2013-03-18 20:00:00,3,20,5.23,0.0,-0.0,0.0,0.48,79.35
2013-03-18 21:00:00,3,21,4.91,0.0,-0.0,0.0,0.76,85.55
2013-03-18 22:00:00,3,22,4.58,0.0,-0.0,0.0,0.9,85.55
2013-03-18 23:00:00,3,23,4.32,0.0,-0.0,0.0,0.83,88.8
2013-03-19 00:00:00,3,0,4.03,0.0,-0.0,0.0,0.9,88.75
2013-03-19 01:00:00,3,1,3.74,0.0,-0.0,0.0,0.97,88.75
2013-03-19 02:00:00,3,2,3.79,0.0,-0.0,0.0,0.9,88.75
2013-03-19 03:00:00,3,3,3.48,0.0,0.0,0.0,0.97,88.7
2013-03-19 04:00:00,3,4,4.14,65.0,4.44,64.0,0.69,85.5
2013-03-19 05:00:00,3,5,5.44,258.0,154.21,195.0,0.48,73.55
2013-03-19 06:00:00,3,6,6.63,562.0,743.68,143.0,0.48,65.85
2013-03-19 07:00:00,3,7,7.25,714.0,834.47,147.0,0.62,61.1
2013-03-19 08:00:00,3,8,8.3,801.0,865.36,153.0,0.55,56.8
2013-03-19 09:00:00,3,9,9.29,820.0,860.81,160.0,0.48,54.9
2013-03-19 10:00:00,3,10,10.21,780.0,857.98,152.0,0.9,51.1
2013-03-19 11:00:00,3,11,10.83,669.0,806.94,147.0,1.59,49.3
2013-03-19 12:00:00,3,12,10.95,517.0,755.8,126.0,2.55,51.25
2013-03-19 13:00:00,3,13,10.76,321.0,621.97,102.0,2.83,53.25
2013-03-19 14:00:00,3,14,9.87,97.0,203.12,64.0,2.41,57.15
2013-03-19 15:00:00,3,15,8.33,0.0,-0.0,0.0,1.66,66.15
2013-03-19 16:00:00,3,16,6.78,0.0,-0.0,0.0,1.17,79.55
2013-03-19 17:00:00,3,17,6.12,0.0,-0.0,0.0,0.83,79.5
2013-03-19 18:00:00,3,18,6.07,0.0,-0.0,0.0,0.83,79.5
2013-03-19 19:00:00,3,19,6.23,0.0,-0.0,0.0,0.34,73.7
2013-03-19 20:00:00,3,20,5.52,0.0,-0.0,0.0,0.55,76.4
2013-03-19 21:00:00,3,21,4.92,0.0,-0.0,0.0,0.48,79.3
2013-03-19 22:00:00,3,22,4.48,0.0,-0.0,0.0,0.48,79.2
2013-03-19 23:00:00,3,23,4.15,0.0,-0.0,0.0,0.55,76.25
2013-03-20 00:00:00,3,0,3.84,0.0,-0.0,0.0,0.62,76.15
2013-03-20 01:00:00,3,1,3.12,0.0,-0.0,0.0,0.83,73.2
2013-03-20 02:00:00,3,2,2.57,0.0,-0.0,0.0,0.97,73.1
2013-03-20 03:00:00,3,3,1.81,1.0,0.0,1.0,1.03,75.85
2013-03-20 04:00:00,3,4,2.75,167.0,329.31,91.0,0.9,76.0
2013-03-20 05:00:00,3,5,6.67,333.0,391.49,171.0,0.34,73.8
2013-03-20 06:00:00,3,6,9.39,510.0,517.14,216.0,0.62,59.25
2013-03-20 07:00:00,3,7,11.64,669.0,661.94,216.0,0.76,55.4
2013-03-20 08:00:00,3,8,13.08,767.0,743.25,207.0,1.24,53.6
2013-03-20 09:00:00,3,9,14.22,668.0,416.3,347.0,1.66,50.1
2013-03-20 10:00:00,3,10,15.0,586.0,308.4,359.0,2.14,50.25
2013-03-20 11:00:00,3,11,15.25,506.0,293.51,315.0,2.34,50.35
2013-03-20 12:00:00,3,12,15.1,501.0,677.57,148.0,2.41,54.1
2013-03-20 13:00:00,3,13,14.49,324.0,624.32,102.0,2.21,56.0
2013-03-20 14:00:00,3,14,13.43,125.0,428.09,54.0,1.52,60.05
2013-03-20 15:00:00,3,15,12.0,0.0,-0.0,0.0,1.17,69.25
2013-03-20 16:00:00,3,16,11.41,0.0,-0.0,0.0,0.41,66.75
2013-03-20 17:00:00,3,17,10.16,0.0,-0.0,0.0,0.9,71.7
2013-03-20 18:00:00,3,18,8.51,0.0,-0.0,0.0,1.31,82.75
2013-03-20 19:00:00,3,19,8.08,0.0,-0.0,0.0,1.31,79.75
2013-03-20 20:00:00,3,20,7.05,0.0,-0.0,0.0,1.45,89.0
2013-03-20 21:00:00,3,21,6.28,0.0,-0.0,0.0,1.52,88.95
2013-03-20 22:00:00,3,22,5.32,0.0,-0.0,0.0,1.59,92.25
2013-03-20 23:00:00,3,23,4.61,0.0,-0.0,0.0,1.52,92.25
2013-03-21 00:00:00,3,0,4.24,0.0,-0.0,0.0,1.38,92.2
2013-03-21 01:00:00,3,1,4.37,0.0,-0.0,0.0,1.24,92.2
2013-03-21 02:00:00,3,2,4.22,0.0,-0.0,0.0,1.17,92.2
2013-03-21 03:00:00,3,3,3.91,1.0,0.0,1.0,1.17,92.15
2013-03-21 04:00:00,3,4,5.38,144.0,182.09,101.0,1.03,88.85
2013-03-21 05:00:00,3,5,10.67,379.0,598.97,128.0,0.55,77.2
2013-03-21 06:00:00,3,6,15.02,570.0,749.68,140.0,0.28,54.1
2013-03-21 07:00:00,3,7,16.78,715.0,819.78,150.0,0.28,39.15
2013-03-21 08:00:00,3,8,17.71,800.0,850.87,155.0,0.97,37.95
2013-03-21 09:00:00,3,9,18.22,822.0,858.9,156.0,1.59,38.1
2013-03-21 10:00:00,3,10,18.61,778.0,843.12,154.0,2.0,39.55
2013-03-21 11:00:00,3,11,18.68,672.0,803.59,146.0,2.41,38.2
2013-03-21 12:00:00,3,12,18.1,519.0,749.16,126.0,2.83,42.45
2013-03-21 13:00:00,3,13,17.39,325.0,623.88,101.0,3.03,45.55
2013-03-21 14:00:00,3,14,16.28,104.0,224.57,66.0,2.41,50.6
2013-03-21 15:00:00,3,15,14.59,0.0,-0.0,0.0,1.66,58.1
2013-03-21 16:00:00,3,16,12.51,0.0,-0.0,0.0,1.31,71.95
2013-03-21 17:00:00,3,17,12.38,0.0,-0.0,0.0,0.9,66.85
2013-03-21 18:00:00,3,18,9.95,0.0,-0.0,0.0,1.52,77.1
2013-03-21 19:00:00,3,19,9.62,0.0,-0.0,0.0,1.31,74.3
2013-03-21 20:00:00,3,20,9.16,0.0,-0.0,0.0,1.17,77.0
2013-03-21 21:00:00,3,21,8.66,0.0,-0.0,0.0,1.1,76.95
2013-03-21 22:00:00,3,22,8.78,0.0,-0.0,0.0,0.83,76.95
2013-03-21 23:00:00,3,23,8.33,0.0,-0.0,0.0,0.48,79.75
2013-03-22 00:00:00,3,0,8.08,0.0,-0.0,0.0,0.21,76.85
2013-03-22 01:00:00,3,1,7.26,0.0,-0.0,0.0,0.14,79.65
2013-03-22 02:00:00,3,2,7.09,0.0,-0.0,0.0,0.28,79.65
2013-03-22 03:00:00,3,3,6.83,1.0,0.0,1.0,0.34,79.55
2013-03-22 04:00:00,3,4,7.15,17.0,0.0,17.0,0.21,79.65
2013-03-22 05:00:00,3,5,9.29,56.0,0.0,56.0,0.55,79.9
2013-03-22 06:00:00,3,6,11.21,200.0,3.46,198.0,0.9,71.85
2013-03-22 07:00:00,3,7,12.96,330.0,28.82,310.0,1.38,72.05
2013-03-22 08:00:00,3,8,14.29,378.0,35.41,351.0,1.66,67.25
2013-03-22 09:00:00,3,9,15.51,370.0,26.93,349.0,1.79,65.05
2013-03-22 10:00:00,3,10,16.21,367.0,34.94,341.0,2.28,60.75
2013-03-22 11:00:00,3,11,16.4,292.0,19.75,279.0,2.83,60.75
2013-03-22 12:00:00,3,12,16.09,201.0,7.57,197.0,2.83,62.85
2013-03-22 13:00:00,3,13,15.35,146.0,19.31,139.0,2.62,65.05
2013-03-22 14:00:00,3,14,14.21,85.0,98.52,68.0,2.07,69.75
2013-03-22 15:00:00,3,15,12.62,0.0,-0.0,0.0,1.38,77.45
2013-03-22 16:00:00,3,16,10.89,0.0,-0.0,0.0,0.83,86.1
2013-03-22 17:00:00,3,17,10.81,0.0,-0.0,0.0,0.34,83.05
2013-03-22 18:00:00,3,18,10.39,0.0,-0.0,0.0,0.41,86.05
2013-03-22 19:00:00,3,19,9.57,0.0,-0.0,0.0,0.83,85.95
2013-03-22 20:00:00,3,20,9.13,0.0,-0.0,0.0,0.83,85.95
2013-03-22 21:00:00,3,21,8.73,0.0,-0.0,0.0,0.76,85.95
2013-03-22 22:00:00,3,22,8.45,0.0,-0.0,0.0,0.55,89.1
2013-03-22 23:00:00,3,23,8.46,0.0,-0.0,0.0,0.21,85.9
2013-03-23 00:00:00,3,0,8.49,0.0,-0.0,0.0,0.62,85.9
2013-03-23 01:00:00,3,1,8.38,0.0,-0.0,0.0,0.83,85.9
2013-03-23 02:00:00,3,2,8.32,0.0,-0.0,0.0,0.69,89.1
2013-03-23 03:00:00,3,3,7.96,2.0,0.0,2.0,0.34,89.05
2013-03-23 04:00:00,3,4,8.25,54.0,0.0,54.0,0.21,85.9
2013-03-23 05:00:00,3,5,10.37,170.0,13.97,164.0,0.48,83.0
2013-03-23 06:00:00,3,6,12.54,114.0,0.0,114.0,0.55,77.35
2013-03-23 07:00:00,3,7,15.44,265.0,5.72,261.0,0.9,67.45
2013-03-23 08:00:00,3,8,17.45,673.0,453.65,325.0,1.1,60.95
2013-03-23 09:00:00,3,9,18.83,790.0,736.03,213.0,1.17,59.15
2013-03-23 10:00:00,3,10,19.82,768.0,795.35,173.0,0.76,57.3
2013-03-23 11:00:00,3,11,20.47,668.0,770.31,158.0,0.83,55.45
2013-03-23 12:00:00,3,12,20.31,518.0,722.22,134.0,1.17,55.45
2013-03-23 13:00:00,3,13,19.43,320.0,565.78,113.0,1.66,61.4
2013-03-23 14:00:00,3,14,17.8,95.0,142.14,70.0,1.66,70.35
2013-03-23 15:00:00,3,15,15.32,0.0,-0.0,0.0,1.66,83.5
2013-03-23 16:00:00,3,16,13.29,0.0,-0.0,0.0,0.9,95.95
2013-03-23 17:00:00,3,17,12.34,0.0,-0.0,0.0,0.76,95.95
2013-03-23 18:00:00,3,18,10.21,0.0,-0.0,0.0,1.38,92.5
2013-03-23 19:00:00,3,19,9.45,0.0,-0.0,0.0,1.59,95.85
2013-03-23 20:00:00,3,20,8.52,0.0,-0.0,0.0,1.66,95.85
2013-03-23 21:00:00,3,21,7.88,0.0,-0.0,0.0,1.79,92.4
2013-03-23 22:00:00,3,22,7.63,0.0,-0.0,0.0,1.79,89.05
2013-03-23 23:00:00,3,23,7.04,0.0,-0.0,0.0,1.59,95.8
2013-03-24 00:00:00,3,0,6.69,0.0,-0.0,0.0,1.38,92.35
2013-03-24 01:00:00,3,1,6.4,0.0,-0.0,0.0,1.24,92.3
2013-03-24 02:00:00,3,2,6.48,0.0,-0.0,0.0,0.97,88.95
2013-03-24 03:00:00,3,3,7.25,2.0,0.0,2.0,0.41,79.65
2013-03-24 04:00:00,3,4,7.81,198.0,444.12,86.0,0.9,85.85
2013-03-24 05:00:00,3,5,9.75,257.0,119.63,205.0,1.79,89.2
2013-03-24 06:00:00,3,6,10.54,593.0,776.37,136.0,1.72,92.5
2013-03-24 07:00:00,3,7,10.97,429.0,108.02,353.0,3.03,86.1
2013-03-24 08:00:00,3,8,9.63,177.0,0.0,177.0,2.83,89.2
2013-03-24 09:00:00,3,9,9.47,288.0,3.81,285.0,2.0,95.85
2013-03-24 10:00:00,3,10,9.29,429.0,77.12,371.0,2.41,95.85
2013-03-24 11:00:00,3,11,8.79,224.0,1.5,223.0,2.69,89.1
2013-03-24 12:00:00,3,12,8.65,122.0,0.0,122.0,2.48,82.85
2013-03-24 13:00:00,3,13,7.91,334.0,620.21,105.0,2.14,85.85
2013-03-24 14:00:00,3,14,7.76,113.0,239.98,70.0,1.59,82.7
2013-03-24 15:00:00,3,15,7.51,0.0,-0.0,0.0,0.9,82.65
2013-03-24 16:00:00,3,16,7.03,0.0,-0.0,0.0,0.48,85.75
2013-03-24 17:00:00,3,17,6.64,0.0,-0.0,0.0,0.14,82.6
2013-03-24 18:00:00,3,18,6.5,0.0,-0.0,0.0,0.21,85.7
2013-03-24 19:00:00,3,19,5.65,0.0,-0.0,0.0,0.28,85.65
2013-03-24 20:00:00,3,20,5.62,0.0,-0.0,0.0,0.34,85.65
2013-03-24 21:00:00,3,21,5.58,0.0,-0.0,0.0,0.41,82.5
2013-03-24 22:00:00,3,22,5.5,0.0,-0.0,0.0,0.48,85.6
2013-03-24 23:00:00,3,23,5.46,0.0,-0.0,0.0,0.41,82.4
2013-03-25 00:00:00,3,0,5.24,0.0,-0.0,0.0,0.41,79.35
2013-03-25 01:00:00,3,1,4.98,0.0,-0.0,0.0,0.55,79.3
2013-03-25 02:00:00,3,2,4.78,0.0,-0.0,0.0,0.55,79.3
2013-03-25 03:00:00,3,3,4.64,5.0,0.0,5.0,0.69,76.3
2013-03-25 04:00:00,3,4,4.77,221.0,559.21,77.0,0.48,76.3
2013-03-25 05:00:00,3,5,6.19,420.0,688.87,117.0,0.76,65.75
2013-03-25 06:00:00,3,6,7.58,611.0,806.95,132.0,1.03,61.2
2013-03-25 07:00:00,3,7,9.28,750.0,852.8,146.0,1.17,52.85
2013-03-25 08:00:00,3,8,10.55,835.0,882.7,150.0,1.38,51.1
2013-03-25 09:00:00,3,9,11.63,851.0,877.21,156.0,1.79,49.45
2013-03-25 10:00:00,3,10,12.53,805.0,862.53,153.0,1.93,51.5
2013-03-25 11:00:00,3,11,13.05,701.0,833.57,143.0,2.07,49.7
2013-03-25 12:00:00,3,12,13.13,548.0,794.57,120.0,2.21,49.85
2013-03-25 13:00:00,3,13,12.81,345.0,652.23,102.0,2.14,51.65
2013-03-25 14:00:00,3,14,11.89,114.0,230.18,72.0,1.93,55.4
2013-03-25 15:00:00,3,15,10.41,0.0,-0.0,0.0,1.52,59.5
2013-03-25 16:00:00,3,16,8.43,0.0,-0.0,0.0,1.31,71.35
2013-03-25 17:00:00,3,17,8.16,0.0,-0.0,0.0,0.55,66.15
2013-03-25 18:00:00,3,18,7.48,0.0,-0.0,0.0,0.41,71.15
2013-03-25 19:00:00,3,19,7.26,0.0,-0.0,0.0,0.34,71.15
2013-03-25 20:00:00,3,20,6.65,0.0,-0.0,0.0,0.41,73.8
2013-03-25 21:00:00,3,21,6.14,0.0,-0.0,0.0,0.76,76.55
2013-03-25 22:00:00,3,22,5.34,0.0,-0.0,0.0,0.97,79.35
2013-03-25 23:00:00,3,23,4.23,0.0,-0.0,0.0,1.1,82.3
2013-03-26 00:00:00,3,0,2.71,0.0,-0.0,0.0,1.31,85.35
2013-03-26 01:00:00,3,1,1.48,0.0,-0.0,0.0,1.45,88.55
2013-03-26 02:00:00,3,2,0.79,0.0,-0.0,0.0,1.52,85.2
2013-03-26 03:00:00,3,3,0.58,3.0,0.0,3.0,1.52,81.95
2013-03-26 04:00:00,3,4,3.59,41.0,0.0,41.0,1.03,79.15
2013-03-26 05:00:00,3,5,9.38,399.0,570.8,145.0,0.41,66.35
2013-03-26 06:00:00,3,6,12.53,526.0,487.87,234.0,0.41,53.5
2013-03-26 07:00:00,3,7,15.28,448.0,122.03,361.0,0.28,46.75
2013-03-26 08:00:00,3,8,16.87,462.0,88.42,393.0,0.55,45.45
2013-03-26 09:00:00,3,9,18.13,490.0,105.48,406.0,0.83,45.7
2013-03-26 10:00:00,3,10,18.93,444.0,84.24,380.0,1.31,42.7
2013-03-26 11:00:00,3,11,19.12,284.0,13.37,275.0,2.0,45.95
2013-03-26 12:00:00,3,12,18.59,311.0,94.08,260.0,2.62,47.55
2013-03-26 13:00:00,3,13,17.63,200.0,82.47,169.0,2.69,52.75
2013-03-26 14:00:00,3,14,16.17,62.0,16.15,59.0,1.86,58.6
2013-03-26 15:00:00,3,15,14.02,0.0,-0.0,0.0,1.52,69.65
2013-03-26 16:00:00,3,16,11.87,0.0,-0.0,0.0,1.03,83.1
2013-03-26 17:00:00,3,17,11.73,0.0,-0.0,0.0,0.62,77.3
2013-03-26 18:00:00,3,18,9.36,0.0,-0.0,0.0,1.24,85.95
2013-03-26 19:00:00,3,19,9.02,0.0,-0.0,0.0,1.24,85.95
2013-03-26 20:00:00,3,20,7.97,0.0,-0.0,0.0,1.31,89.05
2013-03-26 21:00:00,3,21,7.45,0.0,-0.0,0.0,1.17,92.35
2013-03-26 22:00:00,3,22,6.98,0.0,-0.0,0.0,1.1,89.0
2013-03-26 23:00:00,3,23,6.16,0.0,-0.0,0.0,1.24,88.95
2013-03-27 00:00:00,3,0,5.53,0.0,-0.0,0.0,1.24,92.25
2013-03-27 01:00:00,3,1,5.37,0.0,-0.0,0.0,1.24,88.85
2013-03-27 02:00:00,3,2,4.72,0.0,-0.0,0.0,1.24,88.85
2013-03-27 03:00:00,3,3,3.95,3.0,0.0,3.0,1.24,88.75
2013-03-27 04:00:00,3,4,6.13,60.0,0.0,60.0,1.03,82.55
2013-03-27 05:00:00,3,5,11.71,345.0,326.59,198.0,0.62,74.55
2013-03-27 06:00:00,3,6,15.99,577.0,654.62,182.0,0.48,52.4
2013-03-27 07:00:00,3,7,18.19,714.0,716.33,200.0,0.55,45.85
2013-03-27 08:00:00,3,8,19.85,534.0,165.66,404.0,0.55,43.0
2013-03-27 09:00:00,3,9,21.17,358.0,17.49,344.0,0.76,40.2
2013-03-27 10:00:00,3,10,21.95,632.0,364.09,354.0,1.31,39.05
2013-03-27 11:00:00,3,11,22.14,523.0,292.65,325.0,1.59,39.05
2013-03-27 12:00:00,3,12,21.64,282.0,56.83,251.0,1.59,43.4
2013-03-27 13:00:00,3,13,20.57,137.0,7.91,134.0,1.45,49.8
2013-03-27 14:00:00,3,14,18.93,48.0,0.0,48.0,1.45,61.3
2013-03-27 15:00:00,3,15,17.07,0.0,-0.0,0.0,1.31,70.2
2013-03-27 16:00:00,3,16,16.05,0.0,-0.0,0.0,0.48,72.55
2013-03-27 17:00:00,3,17,15.0,0.0,-0.0,0.0,0.83,75.0
2013-03-27 18:00:00,3,18,11.22,0.0,-0.0,0.0,1.59,80.15
2013-03-27 19:00:00,3,19,9.32,0.0,-0.0,0.0,1.79,85.95
2013-03-27 20:00:00,3,20,8.25,0.0,-0.0,0.0,1.86,85.9
2013-03-27 21:00:00,3,21,7.6,0.0,-0.0,0.0,1.72,85.85
2013-03-27 22:00:00,3,22,7.42,0.0,-0.0,0.0,1.59,85.8
2013-03-27 23:00:00,3,23,7.44,0.0,-0.0,0.0,1.45,82.65
2013-03-28 00:00:00,3,0,6.4,0.0,-0.0,0.0,1.59,85.7
2013-03-28 01:00:00,3,1,5.79,0.0,-0.0,0.0,1.86,85.65
2013-03-28 02:00:00,3,2,5.17,0.0,-0.0,0.0,2.0,85.6
2013-03-28 03:00:00,3,3,5.06,38.0,186.27,24.0,2.0,82.4
2013-03-28 04:00:00,3,4,7.58,185.0,259.73,114.0,1.59,79.7
2013-03-28 05:00:00,3,5,13.72,390.0,500.9,162.0,1.1,64.75
2013-03-28 06:00:00,3,6,17.11,584.0,680.64,170.0,0.55,52.65
2013-03-28 07:00:00,3,7,19.28,729.0,774.11,170.0,0.41,42.85
2013-03-28 08:00:00,3,8,20.26,815.0,814.91,172.0,1.17,40.1
2013-03-28 09:00:00,3,9,20.29,833.0,820.44,173.0,1.72,41.55
2013-03-28 10:00:00,3,10,20.55,766.0,733.75,203.0,1.93,43.1
2013-03-28 11:00:00,3,11,20.42,678.0,755.76,164.0,2.48,44.7
2013-03-28 12:00:00,3,12,19.64,523.0,688.74,145.0,2.69,49.55
2013-03-28 13:00:00,3,13,18.95,261.0,235.35,171.0,2.97,51.25
2013-03-28 14:00:00,3,14,17.85,88.0,67.64,75.0,1.93,58.9
2013-03-28 15:00:00,3,15,16.36,0.0,-0.0,0.0,1.38,65.25
2013-03-28 16:00:00,3,16,14.69,0.0,-0.0,0.0,0.97,75.0
2013-03-28 17:00:00,3,17,14.02,0.0,-0.0,0.0,1.03,74.85
2013-03-28 18:00:00,3,18,12.32,0.0,-0.0,0.0,1.31,83.15
2013-03-28 19:00:00,3,19,12.01,0.0,-0.0,0.0,1.17,83.1
2013-03-28 20:00:00,3,20,10.99,0.0,-0.0,0.0,1.1,83.05
2013-03-28 21:00:00,3,21,9.81,0.0,-0.0,0.0,1.24,89.2
2013-03-28 22:00:00,3,22,9.19,0.0,-0.0,0.0,1.31,89.15
2013-03-28 23:00:00,3,23,9.49,0.0,-0.0,0.0,1.17,89.15
2013-03-29 00:00:00,3,0,9.62,0.0,-0.0,0.0,1.03,89.2
2013-03-29 01:00:00,3,1,9.52,0.0,-0.0,0.0,0.9,89.15
2013-03-29 02:00:00,3,2,10.02,0.0,-0.0,0.0,0.62,89.2
2013-03-29 03:00:00,3,3,10.09,4.0,0.0,4.0,0.34,86.0
2013-03-29 04:00:00,3,4,10.88,83.0,3.59,82.0,0.28,83.05
2013-03-29 05:00:00,3,5,12.68,56.0,0.0,56.0,1.24,83.25
2013-03-29 06:00:00,3,6,14.05,229.0,6.52,225.0,1.66,77.6
2013-03-29 07:00:00,3,7,15.37,507.0,199.54,362.0,2.07,69.9
2013-03-29 08:00:00,3,8,15.89,687.0,447.5,332.0,2.48,67.55
2013-03-29 09:00:00,3,9,16.05,799.0,711.27,224.0,2.76,65.15
2013-03-29 10:00:00,3,10,16.34,302.0,7.78,296.0,3.24,62.95
2013-03-29 11:00:00,3,11,16.45,198.0,0.0,198.0,3.86,62.95
2013-03-29 12:00:00,3,12,16.11,379.0,210.09,263.0,3.79,65.15
2013-03-29 13:00:00,3,13,15.33,290.0,342.29,158.0,3.31,67.45
2013-03-29 14:00:00,3,14,13.99,104.0,127.95,79.0,2.55,77.6
2013-03-29 15:00:00,3,15,12.71,0.0,-0.0,0.0,2.14,86.25
2013-03-29 16:00:00,3,16,11.95,0.0,-0.0,0.0,2.07,92.55
2013-03-29 17:00:00,3,17,11.28,0.0,-0.0,0.0,1.72,92.55
2013-03-29 18:00:00,3,18,10.87,0.0,-0.0,0.0,1.66,92.55
2013-03-29 19:00:00,3,19,10.57,0.0,-0.0,0.0,1.52,92.5
2013-03-29 20:00:00,3,20,10.31,0.0,-0.0,0.0,1.38,92.5
2013-03-29 21:00:00,3,21,10.06,0.0,-0.0,0.0,1.24,95.9
2013-03-29 22:00:00,3,22,9.78,0.0,-0.0,0.0,1.17,95.9
2013-03-29 23:00:00,3,23,9.47,0.0,-0.0,0.0,1.24,95.85
2013-03-30 00:00:00,3,0,9.19,0.0,-0.0,0.0,1.38,95.85
2013-03-30 01:00:00,3,1,8.5,0.0,-0.0,0.0,1.52,99.4
2013-03-30 02:00:00,3,2,8.1,0.0,-0.0,0.0,1.59,95.85
2013-03-30 03:00:00,3,3,7.68,4.0,0.0,4.0,1.59,95.8
2013-03-30 04:00:00,3,4,7.46,21.0,0.0,21.0,1.45,99.4
2013-03-30 05:00:00,3,5,7.34,43.0,0.0,43.0,1.45,95.8
2013-03-30 06:00:00,3,6,7.31,198.0,1.62,197.0,1.45,95.8
2013-03-30 07:00:00,3,7,7.35,528.0,221.57,366.0,1.72,92.35
2013-03-30 08:00:00,3,8,7.58,734.0,539.2,304.0,2.07,85.85
2013-03-30 09:00:00,3,9,8.21,552.0,166.19,417.0,2.14,82.75
2013-03-30 10:00:00,3,10,8.86,506.0,142.0,396.0,2.34,79.85
2013-03-30 11:00:00,3,11,8.55,390.0,80.06,335.0,2.41,79.75
2013-03-30 12:00:00,3,12,8.43,102.0,0.0,102.0,2.34,79.75
2013-03-30 13:00:00,3,13,8.31,57.0,0.0,57.0,2.28,76.85
2013-03-30 14:00:00,3,14,7.9,27.0,0.0,27.0,2.07,76.8
2013-03-30 15:00:00,3,15,7.51,0.0,-0.0,0.0,1.93,79.65
2013-03-30 16:00:00,3,16,7.11,0.0,-0.0,0.0,1.72,76.7
2013-03-30 17:00:00,3,17,6.75,0.0,-0.0,0.0,1.38,79.55
2013-03-30 18:00:00,3,18,6.44,0.0,-0.0,0.0,1.17,82.55
2013-03-30 19:00:00,3,19,6.0,0.0,-0.0,0.0,1.24,85.65
2013-03-30 20:00:00,3,20,5.76,0.0,-0.0,0.0,1.1,85.65
2013-03-30 21:00:00,3,21,5.53,0.0,-0.0,0.0,1.17,92.25
2013-03-30 22:00:00,3,22,5.37,0.0,-0.0,0.0,1.24,92.25
2013-03-30 23:00:00,3,23,5.22,0.0,-0.0,0.0,1.1,92.25
2013-03-31 00:00:00,3,0,5.12,0.0,-0.0,0.0,1.03,92.25
2013-03-31 01:00:00,3,1,4.8,0.0,-0.0,0.0,1.17,92.25
2013-03-31 02:00:00,3,2,4.54,0.0,-0.0,0.0,1.31,92.25
2013-03-31 03:00:00,3,3,4.33,4.0,0.0,4.0,1.38,95.75
2013-03-31 04:00:00,3,4,4.79,21.0,0.0,21.0,1.17,95.75
2013-03-31 05:00:00,3,5,5.83,55.0,0.0,55.0,1.1,88.9
2013-03-31 06:00:00,3,6,6.98,250.0,11.24,243.0,1.1,85.75
2013-03-31 07:00:00,3,7,8.48,518.0,198.48,372.0,0.97,82.75
2013-03-31 08:00:00,3,8,10.13,474.0,88.57,403.0,1.17,74.4
2013-03-31 09:00:00,3,9,11.26,484.0,89.44,411.0,1.52,69.25
2013-03-31 10:00:00,3,10,12.28,553.0,203.02,395.0,1.59,66.85
2013-03-31 11:00:00,3,11,13.04,428.0,118.77,346.0,1.86,64.55
2013-03-31 12:00:00,3,12,13.23,196.0,3.58,194.0,2.14,62.3
2013-03-31 13:00:00,3,13,13.03,111.0,0.0,111.0,2.41,64.55
2013-03-31 14:00:00,3,14,11.94,13.0,0.0,13.0,2.55,69.25
2013-03-31 15:00:00,3,15,10.62,0.0,0.0,0.0,1.66,71.75
2013-03-31 16:00:00,3,16,8.05,0.0,-0.0,0.0,0.73,89.57
2013-03-31 17:00:00,3,17,8.02,0.0,-0.0,0.0,0.72,88.74
2013-03-31 18:00:00,3,18,7.98,0.0,-0.0,0.0,0.72,87.9
2013-03-31 19:00:00,3,19,7.95,0.0,-0.0,0.0,0.71,87.07
2013-03-31 20:00:00,3,20,7.92,0.0,-0.0,0.0,0.7,86.24
2013-03-31 21:00:00,3,21,7.89,0.0,-0.0,0.0,0.7,85.4
2013-03-31 22:00:00,3,22,7.85,0.0,-0.0,0.0,0.69,84.57
2013-03-31 23:00:00,3,23,7.82,0.0,-0.0,0.0,0.68,83.74
2021-04-01 00:00:00,4,0,7.79,0.0,-0.0,0.0,0.68,82.91
2021-04-01 01:00:00,4,1,7.76,0.0,-0.0,0.0,0.67,82.07
2021-04-01 02:00:00,4,2,7.72,0.0,-0.0,0.0,0.67,81.24
2021-04-01 03:00:00,4,3,7.69,5.0,0.0,5.0,0.66,80.41
2021-04-01 04:00:00,4,4,7.66,110.0,17.0,105.0,0.65,79.57
2021-04-01 05:00:00,4,5,7.63,371.0,347.26,206.0,0.65,78.74
2021-04-01 06:00:00,4,6,7.59,565.0,529.32,233.0,0.64,77.91
2021-04-01 07:00:00,4,7,7.56,713.0,636.51,242.0,0.63,77.07
2021-04-01 08:00:00,4,8,12.21,804.0,702.48,238.0,1.86,59.85
2021-04-01 09:00:00,4,9,13.22,844.0,779.28,205.0,2.14,57.9
2021-04-01 10:00:00,4,10,13.79,806.0,786.64,191.0,2.07,56.0
2021-04-01 11:00:00,4,11,14.07,709.0,776.92,170.0,1.93,58.1
2021-04-01 12:00:00,4,12,14.48,561.0,749.26,140.0,1.93,60.3
2021-04-01 13:00:00,4,13,14.17,362.0,620.04,117.0,2.07,60.3
2021-04-01 14:00:00,4,14,13.56,148.0,366.05,73.0,1.86,62.45
2021-04-01 15:00:00,4,15,12.25,0.0,0.0,0.0,1.45,69.45
2021-04-01 16:00:00,4,16,10.71,0.0,-0.0,0.0,1.1,80.05
2021-04-01 17:00:00,4,17,10.26,0.0,-0.0,0.0,0.69,77.15
2021-04-01 18:00:00,4,18,10.02,0.0,-0.0,0.0,0.34,77.1
2021-04-01 19:00:00,4,19,9.75,0.0,-0.0,0.0,0.41,74.3
2021-04-01 20:00:00,4,20,9.17,0.0,-0.0,0.0,0.34,76.95
2021-04-01 21:00:00,4,21,8.36,0.0,-0.0,0.0,0.48,79.75
2021-04-01 22:00:00,4,22,7.55,0.0,-0.0,0.0,0.55,82.65
2021-04-01 23:00:00,4,23,6.93,0.0,-0.0,0.0,0.48,85.75
2021-04-02 00:00:00,4,0,6.46,0.0,-0.0,0.0,0.41,85.7
2021-04-02 01:00:00,4,1,6.27,0.0,-0.0,0.0,0.41,85.7
2021-04-02 02:00:00,4,2,5.83,0.0,-0.0,0.0,0.41,88.9
2021-04-02 03:00:00,4,3,5.49,5.0,0.0,5.0,0.62,88.85
2021-04-02 04:00:00,4,4,7.54,207.0,263.99,128.0,0.48,82.65
2021-04-02 05:00:00,4,5,11.45,436.0,579.11,158.0,0.55,69.25
2021-04-02 06:00:00,4,6,14.37,617.0,688.46,182.0,0.76,62.55
2021-04-02 07:00:00,4,7,17.05,773.0,799.41,178.0,0.76,56.6
2021-04-02 08:00:00,4,8,19.21,850.0,817.53,188.0,1.24,47.65
2021-04-02 09:00:00,4,9,20.76,872.0,834.0,185.0,1.79,37.25
2021-04-02 10:00:00,4,10,21.64,819.0,806.05,186.0,2.34,30.0
2021-04-02 11:00:00,4,11,21.87,596.0,421.76,302.0,1.86,26.95
2021-04-02 12:00:00,4,12,21.86,470.0,407.04,240.0,0.83,24.95
2021-04-02 13:00:00,4,13,21.2,317.0,391.72,161.0,1.38,29.9
2021-04-02 14:00:00,4,14,19.23,159.0,418.24,72.0,2.41,47.65
2021-04-02 15:00:00,4,15,16.26,0.0,0.0,0.0,2.48,65.15
2021-04-02 16:00:00,4,16,13.81,0.0,-0.0,0.0,2.14,74.95
2021-04-02 17:00:00,4,17,11.87,0.0,-0.0,0.0,1.72,86.2
2021-04-02 18:00:00,4,18,10.05,0.0,-0.0,0.0,1.38,92.5
2021-04-02 19:00:00,4,19,11.26,0.0,-0.0,0.0,0.97,83.1
2021-04-02 20:00:00,4,20,11.52,0.0,-0.0,0.0,0.34,80.15
2021-04-02 21:00:00,4,21,11.11,0.0,-0.0,0.0,0.28,80.1
2021-04-02 22:00:00,4,22,10.66,0.0,-0.0,0.0,0.76,83.0
2021-04-02 23:00:00,4,23,10.47,0.0,-0.0,0.0,0.62,80.05
2021-04-03 00:00:00,4,0,10.19,0.0,-0.0,0.0,0.41,82.95
2021-04-03 01:00:00,4,1,10.18,0.0,-0.0,0.0,0.14,82.95
2021-04-03 02:00:00,4,2,9.32,0.0,-0.0,0.0,0.62,82.9
2021-04-03 03:00:00,4,3,8.47,5.0,0.0,5.0,1.1,89.1
2021-04-03 04:00:00,4,4,8.56,22.0,0.0,22.0,1.17,92.4
2021-04-03 05:00:00,4,5,10.42,134.0,0.0,134.0,1.59,83.0
2021-04-03 06:00:00,4,6,10.92,570.0,520.1,239.0,1.79,80.1
2021-04-03 07:00:00,4,7,12.3,717.0,626.52,248.0,0.9,66.95
2021-04-03 08:00:00,4,8,13.31,830.0,759.46,212.0,1.24,62.45
2021-04-03 09:00:00,4,9,14.4,761.0,529.34,323.0,1.45,60.3
2021-04-03 10:00:00,4,10,14.69,458.0,83.67,392.0,1.79,60.3
2021-04-03 11:00:00,4,11,15.12,207.0,0.0,207.0,1.59,56.15
2021-04-03 12:00:00,4,12,15.06,81.0,0.0,81.0,1.52,56.15
2021-04-03 13:00:00,4,13,14.88,134.0,4.98,132.0,1.86,54.1
2021-04-03 14:00:00,4,14,14.29,86.0,37.89,78.0,1.45,53.95
2021-04-03 15:00:00,4,15,13.36,0.0,0.0,0.0,1.17,58.0
2021-04-03 16:00:00,4,16,11.48,0.0,-0.0,0.0,1.24,71.85
2021-04-03 17:00:00,4,17,10.4,0.0,-0.0,0.0,1.17,71.7
2021-04-03 18:00:00,4,18,9.6,0.0,-0.0,0.0,1.17,77.0
2021-04-03 19:00:00,4,19,8.62,0.0,-0.0,0.0,1.17,82.75
2021-04-03 20:00:00,4,20,7.69,0.0,-0.0,0.0,1.17,85.8
2021-04-03 21:00:00,4,21,6.36,0.0,-0.0,0.0,1.24,88.95
2021-04-03 22:00:00,4,22,5.1,0.0,-0.0,0.0,1.31,95.75
2021-04-03 23:00:00,4,23,4.28,0.0,-0.0,0.0,1.31,95.75
2021-04-04 00:00:00,4,0,3.81,0.0,-0.0,0.0,1.24,95.7
2021-04-04 01:00:00,4,1,3.7,0.0,-0.0,0.0,1.17,92.15
2021-04-04 02:00:00,4,2,3.67,0.0,-0.0,0.0,1.17,88.75
2021-04-04 03:00:00,4,3,3.86,7.0,0.0,7.0,1.1,88.75
2021-04-04 04:00:00,4,4,7.68,232.0,349.1,124.0,0.76,79.65
2021-04-04 05:00:00,4,5,11.74,457.0,635.09,146.0,0.28,66.75
2021-04-04 06:00:00,4,6,13.89,633.0,714.57,175.0,0.55,60.3
2021-04-04 07:00:00,4,7,16.07,777.0,789.04,183.0,1.1,58.45
2021-04-04 08:00:00,4,8,17.28,862.0,827.96,185.0,1.1,54.6
2021-04-04 09:00:00,4,9,18.17,879.0,833.84,186.0,1.31,52.9
2021-04-04 10:00:00,4,10,18.69,838.0,839.46,173.0,1.59,51.15
2021-04-04 11:00:00,4,11,18.83,734.0,818.69,158.0,1.93,51.25
2021-04-04 12:00:00,4,12,18.52,575.0,759.67,141.0,2.14,53.0
2021-04-04 13:00:00,4,13,18.12,374.0,633.05,118.0,2.48,54.85
2021-04-04 14:00:00,4,14,17.2,163.0,415.46,74.0,1.93,60.85
2021-04-04 15:00:00,4,15,15.55,0.0,0.0,0.0,1.72,67.45
2021-04-04 16:00:00,4,16,13.39,0.0,-0.0,0.0,1.38,77.6
2021-04-04 17:00:00,4,17,13.08,0.0,-0.0,0.0,0.9,74.75
2021-04-04 18:00:00,4,18,11.66,0.0,-0.0,0.0,1.17,80.15
2021-04-04 19:00:00,4,19,11.78,0.0,-0.0,0.0,1.17,74.6
2021-04-04 20:00:00,4,20,9.8,0.0,-0.0,0.0,1.31,79.95
2021-04-04 21:00:00,4,21,8.34,0.0,-0.0,0.0,1.38,82.75
2021-04-04 22:00:00,4,22,6.88,0.0,-0.0,0.0,1.38,85.75
2021-04-04 23:00:00,4,23,5.6,0.0,-0.0,0.0,1.38,92.25
2021-04-05 00:00:00,4,0,4.75,0.0,-0.0,0.0,1.38,92.25
2021-04-05 01:00:00,4,1,4.37,0.0,-0.0,0.0,1.45,92.2
2021-04-05 02:00:00,4,2,4.15,0.0,-0.0,0.0,1.52,92.15
2021-04-05 03:00:00,4,3,4.42,6.0,0.0,6.0,1.59,88.8
2021-04-05 04:00:00,4,4,7.87,242.0,378.55,123.0,1.31,79.7
2021-04-05 05:00:00,4,5,14.02,472.0,671.46,140.0,1.17,60.3
2021-04-05 06:00:00,4,6,17.37,640.0,722.01,174.0,1.03,49.05
2021-04-05 07:00:00,4,7,20.36,722.0,603.71,265.0,1.86,37.25
2021-04-05 08:00:00,4,8,21.82,565.0,170.41,425.0,2.55,32.35
2021-04-05 09:00:00,4,9,22.8,772.0,527.14,332.0,2.69,29.2
2021-04-05 10:00:00,4,10,23.43,728.0,516.63,317.0,2.48,26.35
2021-04-05 11:00:00,4,11,23.97,628.0,481.08,288.0,2.55,24.55
2021-04-05 12:00:00,4,12,24.17,539.0,621.56,182.0,2.55,24.55
2021-04-05 13:00:00,4,13,23.94,225.0,93.27,187.0,1.66,26.45
2021-04-05 14:00:00,4,14,23.21,56.0,0.0,56.0,0.14,31.55
2021-04-05 15:00:00,4,15,19.93,0.0,0.0,0.0,1.45,49.7
2021-04-05 16:00:00,4,16,16.21,0.0,-0.0,0.0,1.72,62.85
2021-04-05 17:00:00,4,17,17.29,0.0,-0.0,0.0,0.9,54.6
2021-04-05 18:00:00,4,18,16.23,0.0,-0.0,0.0,0.9,60.65
2021-04-05 19:00:00,4,19,15.17,0.0,-0.0,0.0,0.83,52.15
2021-04-05 20:00:00,4,20,13.37,0.0,-0.0,0.0,1.03,53.85
2021-04-05 21:00:00,4,21,10.52,0.0,-0.0,0.0,1.45,64.1
2021-04-05 22:00:00,4,22,8.44,0.0,-0.0,0.0,1.72,74.05
2021-04-05 23:00:00,4,23,7.45,0.0,-0.0,0.0,1.93,79.65
2021-04-06 00:00:00,4,0,7.28,0.0,-0.0,0.0,2.07,79.65
2021-04-06 01:00:00,4,1,6.89,0.0,-0.0,0.0,2.14,79.55
2021-04-06 02:00:00,4,2,6.61,0.0,-0.0,0.0,2.07,79.5
2021-04-06 03:00:00,4,3,6.69,6.0,0.0,6.0,1.93,76.65
2021-04-06 04:00:00,4,4,9.78,34.0,0.0,34.0,1.52,74.3
2021-04-06 05:00:00,4,5,15.9,156.0,2.0,155.0,1.1,58.45
2021-04-06 06:00:00,4,6,18.83,346.0,61.55,306.0,0.34,47.65
2021-04-06 07:00:00,4,7,21.03,476.0,119.56,385.0,1.52,44.85
2021-04-06 08:00:00,4,8,21.61,617.0,244.74,415.0,2.21,44.95
2021-04-06 09:00:00,4,9,21.77,607.0,214.74,427.0,3.1,46.6
2021-04-06 10:00:00,4,10,21.44,826.0,798.66,188.0,3.45,48.3
2021-04-06 11:00:00,4,11,20.63,720.0,769.15,174.0,3.86,53.5
2021-04-06 12:00:00,4,12,20.18,421.0,256.32,273.0,3.79,55.3
2021-04-06 13:00:00,4,13,19.73,171.0,24.36,161.0,3.17,55.2
2021-04-06 14:00:00,4,14,18.74,58.0,0.0,58.0,2.34,59.05
2021-04-06 15:00:00,4,15,17.07,0.0,0.0,0.0,1.72,65.35
2021-04-06 16:00:00,4,16,14.94,0.0,-0.0,0.0,1.31,77.75
2021-04-06 17:00:00,4,17,13.1,0.0,-0.0,0.0,1.24,80.35
2021-04-06 18:00:00,4,18,12.98,0.0,-0.0,0.0,0.9,77.5
2021-04-06 19:00:00,4,19,12.35,0.0,-0.0,0.0,0.76,80.3
2021-04-06 20:00:00,4,20,12.06,0.0,-0.0,0.0,0.28,83.15
2021-04-06 21:00:00,4,21,11.6,0.0,-0.0,0.0,0.0,86.15
2021-04-06 22:00:00,4,22,11.21,0.0,-0.0,0.0,0.07,89.3
2021-04-06 23:00:00,4,23,10.75,0.0,-0.0,0.0,0.28,86.1
2021-04-07 00:00:00,4,0,10.31,0.0,-0.0,0.0,0.34,86.05
2021-04-07 01:00:00,4,1,9.48,0.0,-0.0,0.0,0.34,89.15
2021-04-07 02:00:00,4,2,9.11,0.0,-0.0,0.0,0.34,89.1
2021-04-07 03:00:00,4,3,9.0,7.0,0.0,7.0,0.48,89.1
2021-04-07 04:00:00,4,4,11.07,101.0,3.08,100.0,0.34,86.1
2021-04-07 05:00:00,4,5,14.33,348.0,216.35,239.0,0.34,74.95
2021-04-07 06:00:00,4,6,16.59,582.0,504.43,252.0,0.34,65.25
2021-04-07 07:00:00,4,7,19.23,722.0,595.96,266.0,0.21,59.15
2021-04-07 08:00:00,4,8,20.99,752.0,507.77,331.0,0.28,51.75
2021-04-07 09:00:00,4,9,22.52,827.0,667.68,265.0,0.69,48.55
2021-04-07 10:00:00,4,10,23.48,592.0,235.63,403.0,1.24,45.5
2021-04-07 11:00:00,4,11,23.78,713.0,739.16,186.0,1.86,48.8
2021-04-07 12:00:00,4,12,23.32,578.0,747.77,144.0,2.21,52.25
2021-04-07 13:00:00,4,13,22.28,379.0,624.08,121.0,2.34,57.75
2021-04-07 14:00:00,4,14,20.9,162.0,367.06,80.0,1.86,63.9
2021-04-07 15:00:00,4,15,18.93,0.0,0.0,0.0,1.38,75.65
2021-04-07 16:00:00,4,16,16.58,0.0,-0.0,0.0,0.97,89.65
2021-04-07 17:00:00,4,17,15.96,0.0,-0.0,0.0,0.69,86.5
2021-04-07 18:00:00,4,18,15.19,0.0,-0.0,0.0,0.76,92.7
2021-04-07 19:00:00,4,19,14.71,0.0,-0.0,0.0,0.83,86.4
2021-04-07 20:00:00,4,20,14.06,0.0,-0.0,0.0,0.83,83.4
2021-04-07 21:00:00,4,21,13.28,0.0,-0.0,0.0,0.9,83.35
2021-04-07 22:00:00,4,22,11.85,0.0,-0.0,0.0,1.1,86.2
2021-04-07 23:00:00,4,23,9.14,0.0,-0.0,0.0,1.31,92.45
2021-04-08 00:00:00,4,0,7.65,0.0,-0.0,0.0,1.38,92.35
2021-04-08 01:00:00,4,1,7.09,0.0,-0.0,0.0,1.38,89.0
2021-04-08 02:00:00,4,2,6.54,0.0,-0.0,0.0,1.45,88.95
2021-04-08 03:00:00,4,3,6.77,7.0,0.0,7.0,1.45,82.6
2021-04-08 04:00:00,4,4,11.09,147.0,39.5,134.0,1.17,77.2
2021-04-08 05:00:00,4,5,17.82,380.0,293.08,231.0,0.9,61.05
2021-04-08 06:00:00,4,6,21.71,577.0,478.36,262.0,0.76,48.3
2021-04-08 07:00:00,4,7,24.52,688.0,491.45,310.0,0.83,38.3
2021-04-08 08:00:00,4,8,26.12,769.0,540.33,319.0,0.62,35.9
2021-04-08 09:00:00,4,9,27.23,800.0,586.88,304.0,0.48,33.7
2021-04-08 10:00:00,4,10,27.9,807.0,725.19,223.0,0.62,32.65
2021-04-08 11:00:00,4,11,28.0,720.0,751.38,182.0,1.1,32.75
2021-04-08 12:00:00,4,12,27.45,579.0,740.55,147.0,1.66,36.3
2021-04-08 13:00:00,4,13,26.38,379.0,612.45,124.0,2.07,46.0
2021-04-08 14:00:00,4,14,24.6,139.0,203.16,93.0,1.86,54.45
2021-04-08 15:00:00,4,15,22.44,0.0,0.0,0.0,1.31,64.2
2021-04-08 16:00:00,4,16,21.76,0.0,-0.0,0.0,0.48,64.0
2021-04-08 17:00:00,4,17,18.39,0.0,-0.0,0.0,1.1,78.25
2021-04-08 18:00:00,4,18,15.62,0.0,-0.0,0.0,1.45,89.55
2021-04-08 19:00:00,4,19,15.49,0.0,-0.0,0.0,1.59,83.5
2021-04-08 20:00:00,4,20,13.8,0.0,-0.0,0.0,1.45,83.4
2021-04-08 21:00:00,4,21,12.48,0.0,-0.0,0.0,1.38,89.4
2021-04-08 22:00:00,4,22,11.5,0.0,-0.0,0.0,1.38,89.3
2021-04-08 23:00:00,4,23,10.73,0.0,-0.0,0.0,1.38,92.5
2021-04-09 00:00:00,4,0,10.12,0.0,-0.0,0.0,1.45,89.2
2021-04-09 01:00:00,4,1,9.61,0.0,-0.0,0.0,1.45,85.95
2021-04-09 02:00:00,4,2,9.24,0.0,-0.0,0.0,1.45,82.9
2021-04-09 03:00:00,4,3,9.32,7.0,0.0,7.0,1.45,79.9
2021-04-09 04:00:00,4,4,13.22,128.0,17.97,122.0,1.03,74.75
2021-04-09 05:00:00,4,5,19.4,405.0,362.61,219.0,0.62,59.25
2021-04-09 06:00:00,4,6,22.75,583.0,493.4,256.0,0.28,45.25
2021-04-09 07:00:00,4,7,25.21,730.0,604.07,263.0,0.21,41.15
2021-04-09 08:00:00,4,8,26.47,807.0,636.01,275.0,0.55,37.35
2021-04-09 09:00:00,4,9,27.29,838.0,688.25,254.0,0.97,37.5
2021-04-09 10:00:00,4,10,27.64,796.0,691.43,237.0,1.45,38.95
2021-04-09 11:00:00,4,11,27.57,719.0,745.46,183.0,2.0,40.35
2021-04-09 12:00:00,4,12,27.04,542.0,607.22,186.0,2.34,43.15
2021-04-09 13:00:00,4,13,25.98,246.0,126.4,193.0,1.66,49.3
2021-04-09 14:00:00,4,14,24.47,51.0,0.0,51.0,0.55,60.35
2021-04-09 15:00:00,4,15,23.61,1.0,0.0,1.0,0.62,60.15
2021-04-09 16:00:00,4,16,21.26,0.0,-0.0,0.0,1.03,66.15
2021-04-09 17:00:00,4,17,20.75,0.0,-0.0,0.0,0.9,68.4
2021-04-09 18:00:00,4,18,17.86,0.0,-0.0,0.0,1.38,78.15
2021-04-09 19:00:00,4,19,15.74,0.0,-0.0,0.0,1.45,89.55
2021-04-09 20:00:00,4,20,16.23,0.0,-0.0,0.0,1.1,86.5
2021-04-09 21:00:00,4,21,15.5,0.0,-0.0,0.0,1.03,89.55
2021-04-09 22:00:00,4,22,14.67,0.0,-0.0,0.0,1.03,92.7
2021-04-09 23:00:00,4,23,13.97,0.0,-0.0,0.0,0.97,92.7
2021-04-10 00:00:00,4,0,12.93,0.0,-0.0,0.0,1.1,92.65
2021-04-10 01:00:00,4,1,11.72,0.0,-0.0,0.0,1.17,95.9
2021-04-10 02:00:00,4,2,11.72,0.0,-0.0,0.0,1.17,95.9
2021-04-10 03:00:00,4,3,11.9,86.0,238.18,52.0,0.97,92.6
2021-04-10 04:00:00,4,4,13.12,25.0,0.0,25.0,0.41,89.4
2021-04-10 05:00:00,4,5,14.76,386.0,303.43,229.0,0.55,83.4
2021-04-10 06:00:00,4,6,16.43,537.0,368.85,291.0,1.24,72.65
2021-04-10 07:00:00,4,7,16.81,662.0,431.16,327.0,1.86,70.2
2021-04-10 08:00:00,4,8,17.62,643.0,280.94,407.0,2.21,70.3
2021-04-10 09:00:00,4,9,18.4,727.0,421.44,368.0,2.62,65.65
2021-04-10 10:00:00,4,10,19.06,734.0,527.37,306.0,2.97,63.5
2021-04-10 11:00:00,4,11,19.36,326.0,24.93,308.0,2.83,59.25
2021-04-10 12:00:00,4,12,18.9,79.0,0.0,79.0,2.62,61.3
2021-04-10 13:00:00,4,13,18.34,221.0,78.16,188.0,2.55,61.2
2021-04-10 14:00:00,4,14,17.51,18.0,0.0,18.0,1.93,65.45
2021-04-10 15:00:00,4,15,16.53,1.0,0.0,1.0,1.1,70.1
2021-04-10 16:00:00,4,16,15.39,0.0,-0.0,0.0,0.69,80.6
2021-04-10 17:00:00,4,17,14.75,0.0,-0.0,0.0,0.76,83.4
2021-04-10 18:00:00,4,18,14.78,0.0,-0.0,0.0,0.55,80.55
2021-04-10 19:00:00,4,19,13.75,0.0,-0.0,0.0,0.41,80.4
2021-04-10 20:00:00,4,20,13.52,0.0,-0.0,0.0,0.62,80.4
2021-04-10 21:00:00,4,21,13.19,0.0,-0.0,0.0,0.69,83.25
2021-04-10 22:00:00,4,22,11.69,0.0,-0.0,0.0,1.03,89.3
2021-04-10 23:00:00,4,23,12.05,0.0,-0.0,0.0,0.83,86.2
2021-04-11 00:00:00,4,0,11.87,0.0,-0.0,0.0,0.76,83.15
2021-04-11 01:00:00,4,1,11.31,0.0,-0.0,0.0,0.83,83.1
2021-04-11 02:00:00,4,2,9.8,0.0,-0.0,0.0,0.97,89.2
2021-04-11 03:00:00,4,3,9.07,8.0,0.0,8.0,0.9,95.85
2021-04-11 04:00:00,4,4,11.7,25.0,0.0,25.0,0.48,92.55
2021-04-11 05:00:00,4,5,14.16,43.0,0.0,43.0,0.21,80.45
2021-04-11 06:00:00,4,6,15.74,94.0,0.0,94.0,0.55,72.45
2021-04-11 07:00:00,4,7,14.76,90.0,0.0,90.0,1.45,74.95
2021-04-11 08:00:00,4,8,15.35,226.0,0.0,226.0,1.59,69.9
2021-04-11 09:00:00,4,9,16.32,477.0,70.17,417.0,1.93,62.95
2021-04-11 10:00:00,4,10,16.94,652.0,337.57,377.0,1.93,63.05
2021-04-11 11:00:00,4,11,17.07,285.0,9.66,278.0,1.79,63.05
2021-04-11 12:00:00,4,12,17.21,61.0,0.0,61.0,1.59,63.05
2021-04-11 13:00:00,4,13,16.56,42.0,0.0,42.0,1.17,65.25
2021-04-11 14:00:00,4,14,15.59,33.0,0.0,33.0,0.69,72.45
2021-04-11 15:00:00,4,15,14.49,1.0,0.0,1.0,0.62,83.4
2021-04-11 16:00:00,4,16,13.46,0.0,-0.0,0.0,0.76,89.45
2021-04-11 17:00:00,4,17,12.34,0.0,-0.0,0.0,0.97,89.4
2021-04-11 18:00:00,4,18,12.62,0.0,-0.0,0.0,0.55,86.25
2021-04-11 19:00:00,4,19,12.58,0.0,-0.0,0.0,0.34,83.25
2021-04-11 20:00:00,4,20,12.23,0.0,-0.0,0.0,0.41,86.2
2021-04-11 21:00:00,4,21,11.89,0.0,-0.0,0.0,0.48,83.15
2021-04-11 22:00:00,4,22,11.44,0.0,-0.0,0.0,0.76,86.15
2021-04-11 23:00:00,4,23,10.25,0.0,-0.0,0.0,1.03,86.05
2021-04-12 00:00:00,4,0,8.39,0.0,-0.0,0.0,1.1,92.4
2021-04-12 01:00:00,4,1,7.26,0.0,-0.0,0.0,1.17,92.35
2021-04-12 02:00:00,4,2,6.05,0.0,-0.0,0.0,1.17,95.75
2021-04-12 03:00:00,4,3,6.22,41.0,6.55,40.0,0.97,95.8
2021-04-12 04:00:00,4,4,10.05,288.0,485.66,119.0,0.48,92.5
2021-04-12 05:00:00,4,5,13.93,497.0,661.33,149.0,0.34,74.95
2021-04-12 06:00:00,4,6,16.04,663.0,716.91,179.0,1.1,72.55
2021-04-12 07:00:00,4,7,18.08,804.0,786.45,187.0,1.72,70.35
2021-04-12 08:00:00,4,8,19.4,890.0,834.68,183.0,2.14,63.6
2021-04-12 09:00:00,4,9,20.03,905.0,840.01,184.0,2.83,61.5
2021-04-12 10:00:00,4,10,20.43,862.0,845.1,171.0,3.79,59.5
2021-04-12 11:00:00,4,11,20.6,749.0,802.43,165.0,4.07,59.5
2021-04-12 12:00:00,4,12,20.03,462.0,327.81,267.0,4.14,61.5
2021-04-12 13:00:00,4,13,19.83,364.0,504.77,148.0,3.52,63.7
2021-04-12 14:00:00,4,14,18.78,118.0,83.91,98.0,2.48,70.45
2021-04-12 15:00:00,4,15,17.59,1.0,0.0,1.0,1.45,75.4
2021-04-12 16:00:00,4,16,16.03,0.0,-0.0,0.0,1.24,80.65
2021-04-12 17:00:00,4,17,14.3,0.0,-0.0,0.0,1.17,89.5
2021-04-12 18:00:00,4,18,13.81,0.0,-0.0,0.0,1.1,86.4
2021-04-12 19:00:00,4,19,12.72,0.0,-0.0,0.0,1.59,83.25
2021-04-12 20:00:00,4,20,12.1,0.0,-0.0,0.0,1.52,86.2
2021-04-12 21:00:00,4,21,11.59,0.0,-0.0,0.0,1.45,86.15
2021-04-12 22:00:00,4,22,11.27,0.0,-0.0,0.0,1.38,86.15
2021-04-12 23:00:00,4,23,11.13,0.0,-0.0,0.0,1.17,86.1
2021-04-13 00:00:00,4,0,11.12,0.0,-0.0,0.0,1.03,86.1
2021-04-13 01:00:00,4,1,11.31,0.0,-0.0,0.0,0.97,83.1
2021-04-13 02:00:00,4,2,11.33,0.0,-0.0,0.0,0.9,83.1
2021-04-13 03:00:00,4,3,11.32,9.0,0.0,9.0,0.83,83.1
2021-04-13 04:00:00,4,4,11.89,26.0,0.0,26.0,0.76,80.2
2021-04-13 05:00:00,4,5,12.69,67.0,0.0,67.0,0.76,77.45
2021-04-13 06:00:00,4,6,13.5,201.0,0.0,201.0,0.9,72.2
2021-04-13 07:00:00,4,7,14.06,375.0,30.45,351.0,1.72,74.95
2021-04-13 08:00:00,4,8,14.73,392.0,23.52,372.0,1.72,74.95
2021-04-13 09:00:00,4,9,15.34,393.0,22.06,374.0,1.38,69.9
2021-04-13 10:00:00,4,10,16.13,284.0,2.44,282.0,1.24,67.55
2021-04-13 11:00:00,4,11,16.91,267.0,4.11,264.0,1.24,63.05
2021-04-13 12:00:00,4,12,16.78,58.0,0.0,58.0,2.07,65.25
2021-04-13 13:00:00,4,13,16.67,134.0,2.32,133.0,1.93,65.25
2021-04-13 14:00:00,4,14,16.31,85.0,16.58,81.0,0.76,65.25
2021-04-13 15:00:00,4,15,15.7,1.0,0.0,1.0,0.55,69.9
2021-04-13 16:00:00,4,16,14.54,0.0,-0.0,0.0,0.69,80.45
2021-04-13 17:00:00,4,17,13.96,0.0,-0.0,0.0,0.97,74.95
2021-04-13 18:00:00,4,18,13.96,0.0,-0.0,0.0,0.9,72.3
2021-04-13 19:00:00,4,19,13.16,0.0,-0.0,0.0,1.03,72.1
2021-04-13 20:00:00,4,20,11.8,0.0,-0.0,0.0,1.24,74.6
2021-04-13 21:00:00,4,21,10.55,0.0,-0.0,0.0,1.31,83.0
2021-04-13 22:00:00,4,22,9.87,0.0,-0.0,0.0,1.17,82.95
2021-04-13 23:00:00,4,23,8.65,0.0,-0.0,0.0,1.17,89.1
2021-04-14 00:00:00,4,0,7.66,0.0,-0.0,0.0,1.24,92.35
2021-04-14 01:00:00,4,1,7.21,0.0,-0.0,0.0,1.24,89.0
2021-04-14 02:00:00,4,2,6.81,0.0,-0.0,0.0,1.31,89.0
2021-04-14 03:00:00,4,3,7.23,12.0,0.0,12.0,1.24,89.0
2021-04-14 04:00:00,4,4,10.77,259.0,299.64,152.0,1.03,83.05
2021-04-14 05:00:00,4,5,15.23,491.0,596.53,172.0,1.17,69.85
2021-04-14 06:00:00,4,6,17.12,670.0,693.95,196.0,1.38,56.6
2021-04-14 07:00:00,4,7,18.22,809.0,769.08,200.0,1.52,51.0
2021-04-14 08:00:00,4,8,19.86,885.0,792.95,208.0,2.07,39.95
2021-04-14 09:00:00,4,9,21.02,878.0,737.94,240.0,2.55,32.2
2021-04-14 10:00:00,4,10,22.06,711.0,421.36,364.0,2.76,27.95
2021-04-14 11:00:00,4,11,22.47,563.0,282.24,356.0,2.34,26.05
2021-04-14 12:00:00,4,12,22.29,235.0,9.99,229.0,1.66,27.95
2021-04-14 13:00:00,4,13,21.37,289.0,202.97,201.0,2.14,31.15
2021-04-14 14:00:00,4,14,19.4,186.0,413.57,85.0,3.03,46.1
2021-04-14 15:00:00,4,15,16.9,1.0,0.0,1.0,2.48,58.7
2021-04-14 16:00:00,4,16,14.98,0.0,-0.0,0.0,1.45,67.35
2021-04-14 17:00:00,4,17,13.54,0.0,-0.0,0.0,0.83,77.6
2021-04-14 18:00:00,4,18,13.67,0.0,-0.0,0.0,0.21,72.2
2021-04-14 19:00:00,4,19,13.37,0.0,-0.0,0.0,0.41,69.65
2021-04-14 20:00:00,4,20,12.81,0.0,-0.0,0.0,0.62,72.1
2021-04-14 21:00:00,4,21,12.23,0.0,-0.0,0.0,0.83,77.35
2021-04-14 22:00:00,4,22,11.54,0.0,-0.0,0.0,0.83,77.3
2021-04-14 23:00:00,4,23,11.13,0.0,-0.0,0.0,0.83,80.1
2021-04-15 00:00:00,4,0,10.58,0.0,-0.0,0.0,0.9,80.05
2021-04-15 01:00:00,4,1,9.96,0.0,-0.0,0.0,0.97,82.95
2021-04-15 02:00:00,4,2,8.72,0.0,-0.0,0.0,1.1,82.85
2021-04-15 03:00:00,4,3,8.76,68.0,47.94,60.0,1.03,82.85
2021-04-15 04:00:00,4,4,11.95,318.0,569.76,112.0,0.48,80.2
2021-04-15 05:00:00,4,5,15.14,526.0,714.38,141.0,0.34,64.95
2021-04-15 06:00:00,4,6,16.68,693.0,759.93,171.0,0.55,56.5
2021-04-15 07:00:00,4,7,18.46,826.0,809.64,182.0,0.9,47.55
2021-04-15 08:00:00,4,8,19.57,913.0,857.59,178.0,1.17,46.1
2021-04-15 09:00:00,4,9,20.45,926.0,862.14,178.0,1.59,43.1
2021-04-15 10:00:00,4,10,20.96,878.0,855.53,171.0,2.28,41.7
2021-04-15 11:00:00,4,11,21.13,760.0,804.15,168.0,2.76,41.7
2021-04-15 12:00:00,4,12,20.77,600.0,742.78,152.0,3.1,43.1
2021-04-15 13:00:00,4,13,20.16,400.0,621.09,129.0,3.24,44.6
2021-04-15 14:00:00,4,14,19.33,181.0,364.19,91.0,2.62,44.45
2021-04-15 15:00:00,4,15,18.07,2.0,0.0,2.0,1.59,49.15
2021-04-15 16:00:00,4,16,16.84,0.0,-0.0,0.0,0.76,58.7
2021-04-15 17:00:00,4,17,16.74,0.0,-0.0,0.0,0.9,52.5
2021-04-15 18:00:00,4,18,13.33,0.0,-0.0,0.0,1.79,67.15
2021-04-15 19:00:00,4,19,12.62,0.0,-0.0,0.0,1.86,72.05
2021-04-15 20:00:00,4,20,11.71,0.0,-0.0,0.0,1.72,77.3
2021-04-15 21:00:00,4,21,11.4,0.0,-0.0,0.0,1.52,77.3
2021-04-15 22:00:00,4,22,11.47,0.0,-0.0,0.0,1.17,77.3
2021-04-15 23:00:00,4,23,11.41,0.0,-0.0,0.0,1.1,77.3
2021-04-16 00:00:00,4,0,11.28,0.0,-0.0,0.0,1.03,77.3
2021-04-16 01:00:00,4,1,11.09,0.0,-0.0,0.0,1.03,80.1
2021-04-16 02:00:00,4,2,10.57,0.0,-0.0,0.0,1.03,80.05
2021-04-16 03:00:00,4,3,10.97,24.0,0.0,24.0,0.83,80.1
2021-04-16 04:00:00,4,4,12.88,271.0,325.17,152.0,0.28,83.25
2021-04-16 05:00:00,4,5,16.82,510.0,653.73,155.0,0.62,60.85
2021-04-16 06:00:00,4,6,18.32,684.0,732.58,178.0,1.1,54.95
2021-04-16 07:00:00,4,7,19.65,820.0,792.33,187.0,2.0,51.4
2021-04-16 08:00:00,4,8,20.29,906.0,839.28,184.0,2.14,51.5
2021-04-16 09:00:00,4,9,20.9,918.0,843.1,184.0,2.55,48.2
2021-04-16 10:00:00,4,10,21.35,871.0,836.95,177.0,2.97,46.6
2021-04-16 11:00:00,4,11,21.43,758.0,795.79,170.0,3.1,46.6
2021-04-16 12:00:00,4,12,20.95,601.0,744.43,150.0,3.03,46.5
2021-04-16 13:00:00,4,13,20.47,407.0,644.52,124.0,2.83,48.05
2021-04-16 14:00:00,4,14,19.82,181.0,351.97,93.0,2.28,51.5
2021-04-16 15:00:00,4,15,18.64,6.0,0.0,6.0,1.38,56.95
2021-04-16 16:00:00,4,16,16.6,0.0,-0.0,0.0,1.17,75.25
2021-04-16 17:00:00,4,17,16.32,0.0,-0.0,0.0,0.97,65.25
2021-04-16 18:00:00,4,18,14.36,0.0,-0.0,0.0,1.45,74.95
2021-04-16 19:00:00,4,19,13.61,0.0,-0.0,0.0,1.45,74.85
2021-04-16 20:00:00,4,20,12.15,0.0,-0.0,0.0,1.52,80.2
2021-04-16 21:00:00,4,21,11.18,0.0,-0.0,0.0,1.31,86.1
2021-04-16 22:00:00,4,22,10.34,0.0,-0.0,0.0,1.24,86.05
2021-04-16 23:00:00,4,23,9.91,0.0,-0.0,0.0,1.17,86.0
2021-04-17 00:00:00,4,0,9.7,0.0,-0.0,0.0,1.1,89.15
2021-04-17 01:00:00,4,1,9.1,0.0,-0.0,0.0,1.03,89.1
2021-04-17 02:00:00,4,2,8.72,0.0,-0.0,0.0,0.97,85.95
2021-04-17 03:00:00,4,3,9.28,24.0,0.0,24.0,0.83,82.9
2021-04-17 04:00:00,4,4,12.32,272.0,321.37,153.0,0.41,83.25
2021-04-17 05:00:00,4,5,17.04,499.0,603.21,169.0,0.48,65.35
2021-04-17 06:00:00,4,6,18.82,668.0,676.81,198.0,1.03,59.15
2021-04-17 07:00:00,4,7,20.93,809.0,764.02,196.0,1.03,51.75
2021-04-17 08:00:00,4,8,22.02,888.0,797.99,199.0,1.45,50.2
2021-04-17 09:00:00,4,9,22.84,896.0,791.05,205.0,1.66,48.55
2021-04-17 10:00:00,4,10,23.46,816.0,691.14,241.0,1.93,47.15
2021-04-17 11:00:00,4,11,23.66,751.0,776.73,175.0,2.55,48.8
2021-04-17 12:00:00,4,12,23.29,587.0,698.44,162.0,3.31,50.45
2021-04-17 13:00:00,4,13,22.29,406.0,636.01,125.0,3.31,53.85
2021-04-17 14:00:00,4,14,21.32,161.0,225.39,104.0,2.41,55.55
2021-04-17 15:00:00,4,15,20.0,6.0,0.0,6.0,1.17,59.35
2021-04-17 16:00:00,4,16,18.85,0.0,-0.0,0.0,0.69,63.5
2021-04-17 17:00:00,4,17,18.61,0.0,-0.0,0.0,0.69,63.4
2021-04-17 18:00:00,4,18,16.18,0.0,-0.0,0.0,1.31,75.15
2021-04-17 19:00:00,4,19,15.36,0.0,-0.0,0.0,1.45,75.1
2021-04-17 20:00:00,4,20,13.44,0.0,-0.0,0.0,1.59,83.35
2021-04-17 21:00:00,4,21,12.37,0.0,-0.0,0.0,1.52,86.25
2021-04-17 22:00:00,4,22,11.36,0.0,-0.0,0.0,1.45,89.3
2021-04-17 23:00:00,4,23,10.61,0.0,-0.0,0.0,1.31,92.5
2021-04-18 00:00:00,4,0,10.1,0.0,-0.0,0.0,1.24,92.5
2021-04-18 01:00:00,4,1,9.63,0.0,-0.0,0.0,1.17,92.45
2021-04-18 02:00:00,4,2,9.62,0.0,-0.0,0.0,1.03,92.45
2021-04-18 03:00:00,4,3,10.39,11.0,0.0,11.0,0.9,86.05
2021-04-18 04:00:00,4,4,13.95,218.0,133.49,168.0,0.48,86.4
2021-04-18 05:00:00,4,5,18.84,427.0,342.98,238.0,0.69,63.5
2021-04-18 06:00:00,4,6,20.51,618.0,514.26,259.0,1.03,57.45
2021-04-18 07:00:00,4,7,22.17,655.0,359.94,365.0,1.1,53.85
2021-04-18 08:00:00,4,8,23.22,667.0,285.05,420.0,1.24,52.25
2021-04-18 09:00:00,4,9,24.01,809.0,556.83,321.0,1.38,48.95
2021-04-18 10:00:00,4,10,24.67,824.0,714.05,228.0,1.72,49.05
2021-04-18 11:00:00,4,11,24.64,697.0,614.08,240.0,2.14,49.05
2021-04-18 12:00:00,4,12,24.49,524.0,481.08,230.0,2.34,49.05
2021-04-18 13:00:00,4,13,23.82,220.0,60.74,193.0,2.07,54.2
2021-04-18 14:00:00,4,14,22.9,39.0,0.0,39.0,1.45,56.0
2021-04-18 15:00:00,4,15,21.5,2.0,0.0,2.0,0.97,64.0
2021-04-18 16:00:00,4,16,20.0,0.0,-0.0,0.0,0.76,70.7
2021-04-18 17:00:00,4,17,19.43,0.0,-0.0,0.0,0.76,70.65
2021-04-18 18:00:00,4,18,18.53,0.0,-0.0,0.0,0.97,75.55
2021-04-18 19:00:00,4,19,16.28,0.0,-0.0,0.0,1.45,86.5
2021-04-18 20:00:00,4,20,16.25,0.0,-0.0,0.0,1.24,86.5
2021-04-18 21:00:00,4,21,16.98,0.0,-0.0,0.0,0.76,80.8
2021-04-18 22:00:00,4,22,15.68,0.0,-0.0,0.0,1.17,86.5
2021-04-18 23:00:00,4,23,13.48,0.0,-0.0,0.0,1.59,89.45
2021-04-19 00:00:00,4,0,12.7,0.0,-0.0,0.0,1.52,95.95
2021-04-19 01:00:00,4,1,12.17,0.0,-0.0,0.0,1.52,95.95
2021-04-19 02:00:00,4,2,11.64,0.0,-0.0,0.0,1.45,95.9
2021-04-19 03:00:00,4,3,12.08,11.0,0.0,11.0,1.24,92.6
2021-04-19 04:00:00,4,4,15.78,202.0,95.05,166.0,0.9,89.6
2021-04-19 05:00:00,4,5,20.29,184.0,3.6,182.0,0.76,68.3
2021-04-19 06:00:00,4,6,21.82,463.0,169.59,344.0,0.07,55.65
2021-04-19 07:00:00,4,7,23.21,582.0,227.44,398.0,0.48,47.0
2021-04-19 08:00:00,4,8,24.26,864.0,733.72,226.0,0.9,45.6
2021-04-19 09:00:00,4,9,25.09,744.0,412.87,381.0,0.9,44.15
2021-04-19 10:00:00,4,10,25.64,627.0,263.93,406.0,1.38,44.3
2021-04-19 11:00:00,4,11,25.83,564.0,283.88,352.0,2.14,45.9
2021-04-19 12:00:00,4,12,25.53,383.0,145.02,294.0,2.14,47.5
2021-04-19 13:00:00,4,13,25.03,343.0,362.24,181.0,1.86,49.05
2021-04-19 14:00:00,4,14,24.21,137.0,116.01,107.0,1.66,52.5
2021-04-19 15:00:00,4,15,22.57,5.0,0.0,5.0,1.45,59.95
2021-04-19 16:00:00,4,16,20.72,0.0,-0.0,0.0,0.97,73.3
2021-04-19 17:00:00,4,17,21.07,0.0,-0.0,0.0,0.41,63.9
2021-04-19 18:00:00,4,18,19.85,0.0,-0.0,0.0,0.97,68.3
2021-04-19 19:00:00,4,19,20.14,0.0,-0.0,0.0,0.83,68.3
2021-04-19 20:00:00,4,20,19.34,0.0,-0.0,0.0,0.83,70.65
2021-04-19 21:00:00,4,21,18.59,0.0,-0.0,0.0,0.69,72.95
2021-04-19 22:00:00,4,22,17.92,0.0,-0.0,0.0,0.69,75.45
2021-04-19 23:00:00,4,23,17.33,0.0,-0.0,0.0,0.76,75.4
2021-04-20 00:00:00,4,0,17.03,0.0,-0.0,0.0,0.62,78.0
2021-04-20 01:00:00,4,1,16.57,0.0,-0.0,0.0,0.69,77.95
2021-04-20 02:00:00,4,2,16.63,0.0,-0.0,0.0,0.41,77.95
2021-04-20 03:00:00,4,3,16.73,11.0,0.0,11.0,0.62,77.95
2021-04-20 04:00:00,4,4,17.96,64.0,0.0,64.0,0.76,78.15
2021-04-20 05:00:00,4,5,21.19,158.0,0.0,158.0,0.55,63.9
2021-04-20 06:00:00,4,6,23.1,311.0,22.69,295.0,0.28,56.0
2021-04-20 07:00:00,4,7,26.23,223.0,0.0,223.0,0.48,47.65
2021-04-20 08:00:00,4,8,27.78,148.0,0.0,148.0,0.21,43.3
2021-04-20 09:00:00,4,9,29.16,276.0,0.0,276.0,0.34,38.0
2021-04-20 10:00:00,4,10,30.2,169.0,0.0,169.0,0.9,34.5
2021-04-20 11:00:00,4,11,30.16,132.0,0.0,132.0,1.45,31.0
2021-04-20 12:00:00,4,12,30.08,93.0,0.0,93.0,1.59,31.0
2021-04-20 13:00:00,4,13,29.6,59.0,0.0,59.0,1.17,36.85
2021-04-20 14:00:00,4,14,28.79,17.0,0.0,17.0,0.48,43.55
2021-04-20 15:00:00,4,15,27.58,2.0,0.0,2.0,0.62,43.3
2021-04-20 16:00:00,4,16,24.75,0.0,-0.0,0.0,1.31,50.8
2021-04-20 17:00:00,4,17,21.44,0.0,-0.0,0.0,1.52,59.7
2021-04-20 18:00:00,4,18,19.48,0.0,-0.0,0.0,1.45,65.85
2021-04-20 19:00:00,4,19,22.9,0.0,-0.0,0.0,0.14,52.25
2021-04-20 20:00:00,4,20,22.07,0.0,-0.0,0.0,0.9,55.8
2021-04-20 21:00:00,4,21,17.44,0.0,-0.0,0.0,1.59,72.8
2021-04-20 22:00:00,4,22,15.99,0.0,-0.0,0.0,1.59,80.65
2021-04-20 23:00:00,4,23,15.75,0.0,-0.0,0.0,1.66,80.6
2021-04-21 00:00:00,4,0,15.27,0.0,-0.0,0.0,1.66,77.75
2021-04-21 01:00:00,4,1,15.15,0.0,-0.0,0.0,1.66,75.0
2021-04-21 02:00:00,4,2,14.78,0.0,-0.0,0.0,1.72,75.0
2021-04-21 03:00:00,4,3,15.08,12.0,0.0,12.0,1.59,77.75
2021-04-21 04:00:00,4,4,18.26,77.0,0.0,77.0,1.24,75.45
2021-04-21 05:00:00,4,5,22.68,469.0,447.97,217.0,1.03,55.9
2021-04-21 06:00:00,4,6,25.68,643.0,563.04,244.0,0.83,47.5
2021-04-21 07:00:00,4,7,28.39,758.0,589.91,277.0,0.48,37.75
2021-04-21 08:00:00,4,8,29.93,808.0,563.16,315.0,0.41,33.3
2021-04-21 09:00:00,4,9,30.95,729.0,371.89,400.0,0.34,31.3
2021-04-21 10:00:00,4,10,31.82,465.0,68.84,407.0,0.34,29.3
2021-04-21 11:00:00,4,11,31.92,456.0,114.38,370.0,1.52,30.35
2021-04-21 12:00:00,4,12,31.23,249.0,14.54,240.0,2.76,32.4
2021-04-21 13:00:00,4,13,29.77,358.0,404.4,175.0,2.76,40.9
2021-04-21 14:00:00,4,14,28.34,144.0,124.88,111.0,0.83,51.55
2021-04-21 15:00:00,4,15,26.53,6.0,0.0,6.0,0.69,58.7
2021-04-21 16:00:00,4,16,23.63,0.0,-0.0,0.0,1.93,64.4
2021-04-21 17:00:00,4,17,21.89,0.0,-0.0,0.0,0.9,73.55
2021-04-21 18:00:00,4,18,21.96,0.0,-0.0,0.0,0.34,68.7
2021-04-21 19:00:00,4,19,18.24,0.0,-0.0,0.0,1.59,83.75
2021-04-21 20:00:00,4,20,17.91,0.0,-0.0,0.0,1.31,83.75
2021-04-21 21:00:00,4,21,16.24,0.0,-0.0,0.0,1.52,92.75
2021-04-21 22:00:00,4,22,15.62,0.0,-0.0,0.0,1.24,96.0
2021-04-21 23:00:00,4,23,16.13,0.0,-0.0,0.0,0.9,92.75
2021-04-22 00:00:00,4,0,15.57,0.0,-0.0,0.0,0.9,96.0
2021-04-22 01:00:00,4,1,14.53,0.0,-0.0,0.0,0.83,96.0
2021-04-22 02:00:00,4,2,14.59,0.0,0.0,0.0,0.48,92.7
2021-04-22 03:00:00,4,3,13.92,12.0,0.0,12.0,0.83,92.7
2021-04-22 04:00:00,4,4,15.58,47.0,0.0,47.0,1.03,89.55
2021-04-22 05:00:00,4,5,16.78,281.0,52.98,251.0,1.38,83.6
2021-04-22 06:00:00,4,6,18.37,235.0,1.4,234.0,1.45,70.45
2021-04-22 07:00:00,4,7,19.73,803.0,714.75,218.0,1.72,65.85
2021-04-22 08:00:00,4,8,20.87,855.0,680.9,257.0,1.86,61.7
2021-04-22 09:00:00,4,9,21.83,885.0,739.3,229.0,2.48,59.7
2021-04-22 10:00:00,4,10,22.39,303.0,3.55,300.0,2.48,57.9
2021-04-22 11:00:00,4,11,22.36,188.0,0.0,188.0,1.93,57.9
2021-04-22 12:00:00,4,12,21.98,519.0,442.59,244.0,2.83,57.75
2021-04-22 13:00:00,4,13,21.45,244.0,87.89,204.0,2.55,59.7
2021-04-22 14:00:00,4,14,20.45,56.0,0.0,56.0,1.93,61.6
2021-04-22 15:00:00,4,15,19.22,3.0,0.0,3.0,1.86,68.1
2021-04-22 16:00:00,4,16,18.08,0.0,-0.0,0.0,1.38,70.35
2021-04-22 17:00:00,4,17,16.92,0.0,-0.0,0.0,1.24,75.3
2021-04-22 18:00:00,4,18,16.01,0.0,-0.0,0.0,0.97,80.65
2021-04-22 19:00:00,4,19,14.57,0.0,-0.0,0.0,1.31,80.45
2021-04-22 20:00:00,4,20,14.17,0.0,-0.0,0.0,0.83,80.45
2021-04-22 21:00:00,4,21,13.85,0.0,-0.0,0.0,0.69,80.45
2021-04-22 22:00:00,4,22,13.45,0.0,-0.0,0.0,1.03,83.35
2021-04-22 23:00:00,4,23,13.01,0.0,-0.0,0.0,1.31,86.3
2021-04-23 00:00:00,4,0,12.69,0.0,-0.0,0.0,1.45,89.4
2021-04-23 01:00:00,4,1,12.94,0.0,-0.0,0.0,1.59,86.3
2021-04-23 02:00:00,4,2,12.74,0.0,0.0,0.0,1.45,89.4
2021-04-23 03:00:00,4,3,12.64,12.0,0.0,12.0,1.38,86.25
2021-04-23 04:00:00,4,4,12.82,30.0,0.0,30.0,1.31,83.25
2021-04-23 05:00:00,4,5,13.21,93.0,0.0,93.0,0.97,83.25
2021-04-23 06:00:00,4,6,14.11,239.0,1.4,238.0,0.76,80.45
2021-04-23 07:00:00,4,7,15.84,332.0,9.74,324.0,1.24,70.0
2021-04-23 08:00:00,4,8,17.01,530.0,99.88,442.0,1.31,65.35
2021-04-23 09:00:00,4,9,17.94,752.0,402.29,394.0,1.66,61.05
2021-04-23 10:00:00,4,10,18.86,795.0,594.67,291.0,2.21,59.15
2021-04-23 11:00:00,4,11,19.51,574.0,282.78,360.0,2.83,57.2
2021-04-23 12:00:00,4,12,19.66,354.0,91.37,297.0,3.1,57.2
2021-04-23 13:00:00,4,13,19.44,95.0,0.0,95.0,3.1,57.2
2021-04-23 14:00:00,4,14,18.81,66.0,0.0,66.0,2.41,59.15
2021-04-23 15:00:00,4,15,18.23,10.0,0.0,10.0,1.59,63.3
2021-04-23 16:00:00,4,16,17.35,0.0,-0.0,0.0,0.9,67.85
2021-04-23 17:00:00,4,17,16.22,0.0,-0.0,0.0,0.62,77.85
2021-04-23 18:00:00,4,18,15.92,0.0,-0.0,0.0,0.48,77.85
2021-04-23 19:00:00,4,19,13.94,0.0,-0.0,0.0,1.03,83.4
2021-04-23 20:00:00,4,20,13.5,0.0,-0.0,0.0,0.97,86.35
2021-04-23 21:00:00,4,21,13.63,0.0,-0.0,0.0,0.83,83.35
2021-04-23 22:00:00,4,22,13.32,0.0,-0.0,0.0,0.69,83.35
2021-04-23 23:00:00,4,23,12.61,0.0,-0.0,0.0,0.48,89.4
2021-04-24 00:00:00,4,0,11.59,0.0,-0.0,0.0,0.62,95.9
2021-04-24 01:00:00,4,1,10.15,0.0,-0.0,0.0,0.9,99.4
2021-04-24 02:00:00,4,2,9.5,0.0,0.0,0.0,0.97,99.4
2021-04-24 03:00:00,4,3,9.78,13.0,0.0,13.0,0.9,95.9
2021-04-24 04:00:00,4,4,11.89,30.0,0.0,30.0,0.9,89.35
2021-04-24 05:00:00,4,5,13.23,78.0,0.0,78.0,1.1,86.3
2021-04-24 06:00:00,4,6,15.15,268.0,5.57,264.0,1.31,77.75
2021-04-24 07:00:00,4,7,16.79,582.0,203.77,414.0,1.52,70.2
2021-04-24 08:00:00,4,8,18.17,894.0,753.61,228.0,1.52,65.55
2021-04-24 09:00:00,4,9,19.06,914.0,786.6,212.0,1.66,61.3
2021-04-24 10:00:00,4,10,20.25,862.0,770.63,207.0,1.79,57.3
2021-04-24 11:00:00,4,11,20.97,726.0,649.4,233.0,2.41,53.6
2021-04-24 12:00:00,4,12,20.8,551.0,512.57,230.0,2.9,55.45
2021-04-24 13:00:00,4,13,20.29,407.0,571.36,144.0,3.03,55.3
2021-04-24 14:00:00,4,14,19.5,202.0,374.18,100.0,2.48,55.2
2021-04-24 15:00:00,4,15,18.51,6.0,0.0,6.0,1.31,59.05
2021-04-24 16:00:00,4,16,17.22,0.0,-0.0,0.0,0.83,67.75
2021-04-24 17:00:00,4,17,16.66,0.0,-0.0,0.0,0.69,67.65
2021-04-24 18:00:00,4,18,14.63,0.0,-0.0,0.0,1.24,77.65
2021-04-24 19:00:00,4,19,14.04,0.0,-0.0,0.0,1.31,77.65
2021-04-24 20:00:00,4,20,13.2,0.0,-0.0,0.0,1.38,83.25
2021-04-24 21:00:00,4,21,12.25,0.0,-0.0,0.0,1.52,83.25
2021-04-24 22:00:00,4,22,11.33,0.0,-0.0,0.0,1.52,86.15
2021-04-24 23:00:00,4,23,10.91,0.0,-0.0,0.0,1.31,89.3
2021-04-25 00:00:00,4,0,10.51,0.0,-0.0,0.0,1.24,89.25
2021-04-25 01:00:00,4,1,9.81,0.0,-0.0,0.0,1.1,92.5
2021-04-25 02:00:00,4,2,9.46,0.0,0.0,0.0,1.1,92.45
2021-04-25 03:00:00,4,3,10.6,88.0,47.5,78.0,0.9,89.25
2021-04-25 04:00:00,4,4,14.9,341.0,519.3,132.0,0.34,83.45
2021-04-25 05:00:00,4,5,18.5,546.0,670.91,159.0,0.34,61.2
2021-04-25 06:00:00,4,6,20.07,706.0,713.56,191.0,0.83,53.35
2021-04-25 07:00:00,4,7,21.99,836.0,771.16,198.0,1.72,48.45
2021-04-25 08:00:00,4,8,23.01,913.0,804.38,200.0,2.14,47.0
2021-04-25 09:00:00,4,9,23.79,919.0,796.71,206.0,2.48,48.8
2021-04-25 10:00:00,4,10,24.28,866.0,780.21,201.0,2.62,48.95
2021-04-25 11:00:00,4,11,24.29,752.0,730.12,196.0,3.03,48.95
2021-04-25 12:00:00,4,12,24.1,599.0,679.2,172.0,2.83,50.7
2021-04-25 13:00:00,4,13,23.48,414.0,594.14,139.0,2.9,52.35
2021-04-25 14:00:00,4,14,22.57,200.0,352.28,103.0,2.62,54.0
2021-04-25 15:00:00,4,15,21.18,25.0,0.0,25.0,1.93,61.7
2021-04-25 16:00:00,4,16,19.48,0.0,-0.0,0.0,1.38,68.2
2021-04-25 17:00:00,4,17,17.67,0.0,-0.0,0.0,1.38,78.1
2021-04-25 18:00:00,4,18,16.98,0.0,-0.0,0.0,0.9,78.0
2021-04-25 19:00:00,4,19,17.28,0.0,-0.0,0.0,0.55,75.3
2021-04-25 20:00:00,4,20,16.33,0.0,-0.0,0.0,0.9,77.95
2021-04-25 21:00:00,4,21,15.51,0.0,-0.0,0.0,0.97,83.5
2021-04-25 22:00:00,4,22,14.96,0.0,-0.0,0.0,0.97,83.45
2021-04-25 23:00:00,4,23,14.91,0.0,-0.0,0.0,0.69,83.45
2021-04-26 00:00:00,4,0,14.69,0.0,-0.0,0.0,0.62,86.4
2021-04-26 01:00:00,4,1,13.81,0.0,-0.0,0.0,0.62,83.4
2021-04-26 02:00:00,4,2,13.23,0.0,0.0,0.0,0.21,89.4
2021-04-26 03:00:00,4,3,13.23,13.0,0.0,13.0,0.48,89.4
2021-04-26 04:00:00,4,4,15.67,44.0,0.0,44.0,0.48,86.5
2021-04-26 05:00:00,4,5,18.4,389.0,198.2,274.0,0.28,68.05
2021-04-26 06:00:00,4,6,20.19,549.0,293.86,336.0,0.55,63.7
2021-04-26 07:00:00,4,7,21.0,725.0,475.82,330.0,1.24,59.6
2021-04-26 08:00:00,4,8,22.32,542.0,110.24,444.0,1.59,57.75
2021-04-26 09:00:00,4,9,23.49,878.0,697.6,252.0,2.14,52.35
2021-04-26 10:00:00,4,10,24.14,788.0,574.49,297.0,2.34,52.5
2021-04-26 11:00:00,4,11,24.11,677.0,515.81,283.0,2.34,52.5
2021-04-26 12:00:00,4,12,23.39,442.0,229.77,297.0,1.66,56.15
2021-04-26 13:00:00,4,13,22.78,103.0,0.0,103.0,1.72,59.95
2021-04-26 14:00:00,4,14,21.79,32.0,0.0,32.0,1.93,64.0
2021-04-26 15:00:00,4,15,20.79,15.0,0.0,15.0,1.1,68.4
2021-04-26 16:00:00,4,16,19.26,0.0,-0.0,0.0,1.38,75.65
2021-04-26 17:00:00,4,17,17.85,0.0,-0.0,0.0,0.9,80.9
2021-04-26 18:00:00,4,18,17.69,0.0,-0.0,0.0,0.76,83.7
2021-04-26 19:00:00,4,19,16.98,0.0,-0.0,0.0,0.62,83.65
2021-04-26 20:00:00,4,20,16.71,0.0,-0.0,0.0,0.62,86.55
2021-04-26 21:00:00,4,21,15.5,0.0,-0.0,0.0,1.03,89.55
2021-04-26 22:00:00,4,22,14.88,0.0,-0.0,0.0,1.1,92.7
2021-04-26 23:00:00,4,23,14.28,0.0,-0.0,0.0,1.24,96.0
2021-04-27 00:00:00,4,0,14.53,0.0,-0.0,0.0,0.83,92.7
2021-04-27 01:00:00,4,1,15.31,0.0,-0.0,0.0,0.21,86.5
2021-04-27 02:00:00,4,2,15.64,0.0,0.0,0.0,0.41,86.5
2021-04-27 03:00:00,4,3,15.85,14.0,0.0,14.0,0.21,83.55
2021-04-27 04:00:00,4,4,17.41,31.0,0.0,31.0,0.48,83.7
2021-04-27 05:00:00,4,5,19.56,406.0,231.36,271.0,1.72,73.15
2021-04-27 06:00:00,4,6,20.4,122.0,0.0,122.0,2.41,68.4
2021-04-27 07:00:00,4,7,20.18,269.0,1.2,268.0,2.9,70.7
2021-04-27 08:00:00,4,8,20.63,248.0,0.0,248.0,3.1,68.4
2021-04-27 09:00:00,4,9,20.66,580.0,141.15,453.0,3.24,68.4
2021-04-27 10:00:00,4,10,20.36,218.0,0.0,218.0,3.24,68.4
2021-04-27 11:00:00,4,11,20.32,300.0,9.14,293.0,3.45,68.3
2021-04-27 12:00:00,4,12,20.23,480.0,314.17,281.0,3.59,65.95
2021-04-27 13:00:00,4,13,19.38,217.0,44.88,196.0,3.17,63.6
2021-04-27 14:00:00,4,14,18.22,114.0,35.61,104.0,2.48,67.95
2021-04-27 15:00:00,4,15,17.13,9.0,0.0,9.0,2.07,70.2
2021-04-27 16:00:00,4,16,16.04,0.0,-0.0,0.0,1.66,72.55
2021-04-27 17:00:00,4,17,15.1,0.0,-0.0,0.0,1.79,75.0
2021-04-27 18:00:00,4,18,14.37,0.0,-0.0,0.0,1.52,77.65
2021-04-27 19:00:00,4,19,13.94,0.0,-0.0,0.0,1.31,77.65
2021-04-27 20:00:00,4,20,13.63,0.0,-0.0,0.0,1.24,80.4
2021-04-27 21:00:00,4,21,13.53,0.0,-0.0,0.0,0.9,77.6
2021-04-27 22:00:00,4,22,13.22,0.0,-0.0,0.0,1.31,80.35
2021-04-27 23:00:00,4,23,12.61,0.0,-0.0,0.0,1.52,83.25
2021-04-28 00:00:00,4,0,12.07,0.0,-0.0,0.0,1.45,83.15
2021-04-28 01:00:00,4,1,11.8,0.0,-0.0,0.0,1.1,83.15
2021-04-28 02:00:00,4,2,11.55,0.0,0.0,0.0,0.76,86.15
2021-04-28 03:00:00,4,3,12.0,14.0,0.0,14.0,0.69,83.15
2021-04-28 04:00:00,4,4,12.77,31.0,0.0,31.0,0.28,80.35
2021-04-28 05:00:00,4,5,14.44,58.0,0.0,58.0,0.07,77.65
2021-04-28 06:00:00,4,6,17.19,389.0,64.32,342.0,0.14,67.75
2021-04-28 07:00:00,4,7,19.09,738.0,495.47,324.0,1.66,63.5
2021-04-28 08:00:00,4,8,20.4,719.0,345.64,410.0,2.21,59.5
2021-04-28 09:00:00,4,9,21.37,732.0,354.75,412.0,2.28,55.65
2021-04-28 10:00:00,4,10,21.93,813.0,630.82,271.0,1.86,53.85
2021-04-28 11:00:00,4,11,22.19,647.0,430.78,316.0,1.93,53.85
2021-04-28 12:00:00,4,12,22.21,380.0,119.54,304.0,2.07,53.85
2021-04-28 13:00:00,4,13,21.68,128.0,0.0,128.0,1.38,55.65
2021-04-28 14:00:00,4,14,21.17,63.0,0.0,63.0,0.97,57.55
2021-04-28 15:00:00,4,15,20.35,5.0,0.0,5.0,0.69,59.5
2021-04-28 16:00:00,4,16,19.01,0.0,-0.0,0.0,0.83,73.05
2021-04-28 17:00:00,4,17,18.15,0.0,-0.0,0.0,0.83,72.9
2021-04-28 18:00:00,4,18,16.48,0.0,-0.0,0.0,1.38,80.75
2021-04-28 19:00:00,4,19,16.52,0.0,-0.0,0.0,0.41,80.75
2021-04-28 20:00:00,4,20,15.83,0.0,-0.0,0.0,0.69,83.55
2021-04-28 21:00:00,4,21,15.43,0.0,-0.0,0.0,0.62,83.5
2021-04-28 22:00:00,4,22,14.43,0.0,-0.0,0.0,0.76,86.4
2021-04-28 23:00:00,4,23,14.1,0.0,-0.0,0.0,0.9,86.4
2021-04-29 00:00:00,4,0,13.8,0.0,-0.0,0.0,0.83,86.4
2021-04-29 01:00:00,4,1,13.56,0.0,-0.0,0.0,1.03,92.65
2021-04-29 02:00:00,4,2,12.41,1.0,0.0,1.0,1.17,95.95
2021-04-29 03:00:00,4,3,13.65,14.0,0.0,14.0,0.62,95.95
2021-04-29 04:00:00,4,4,15.38,32.0,0.0,32.0,0.48,92.75
2021-04-29 05:00:00,4,5,17.3,179.0,1.7,178.0,0.34,80.85
2021-04-29 06:00:00,4,6,19.02,572.0,329.86,330.0,0.69,73.05
2021-04-29 07:00:00,4,7,19.64,824.0,727.77,214.0,0.28,73.15
2021-04-29 08:00:00,4,8,21.11,913.0,797.64,198.0,0.62,66.15
2021-04-29 09:00:00,4,9,22.77,917.0,789.55,203.0,0.76,59.95
2021-04-29 10:00:00,4,10,23.8,860.0,762.71,203.0,1.38,56.15
2021-04-29 11:00:00,4,11,24.24,714.0,608.63,245.0,1.86,54.35
2021-04-29 12:00:00,4,12,23.91,577.0,590.86,200.0,2.55,52.5
2021-04-29 13:00:00,4,13,23.21,268.0,112.09,215.0,2.83,56.0
2021-04-29 14:00:00,4,14,22.33,184.0,234.12,117.0,2.69,59.8
2021-04-29 15:00:00,4,15,20.99,29.0,0.0,29.0,2.21,63.9
2021-04-29 16:00:00,4,16,19.66,0.0,-0.0,0.0,1.03,68.2
2021-04-29 17:00:00,4,17,18.46,0.0,-0.0,0.0,0.55,75.55
2021-04-29 18:00:00,4,18,17.91,0.0,-0.0,0.0,0.55,78.15
2021-04-29 19:00:00,4,19,16.7,0.0,-0.0,0.0,0.9,83.6
2021-04-29 20:00:00,4,20,16.59,0.0,-0.0,0.0,0.69,80.75
2021-04-29 21:00:00,4,21,14.84,0.0,-0.0,0.0,1.17,86.45
2021-04-29 22:00:00,4,22,14.17,0.0,-0.0,0.0,1.17,89.5
2021-04-29 23:00:00,4,23,13.33,0.0,-0.0,0.0,1.31,89.45
2021-04-30 00:00:00,4,0,14.03,0.0,-0.0,0.0,0.83,89.5
2021-04-30 01:00:00,4,1,14.39,0.0,-0.0,0.0,0.55,89.5
2021-04-30 02:00:00,4,2,14.09,1.0,0.0,1.0,0.62,89.5
2021-04-30 03:00:00,4,3,14.32,15.0,0.0,15.0,0.34,89.5
2021-04-30 04:00:00,4,4,15.34,360.0,545.07,131.0,0.14,83.5
2021-04-30 05:00:00,4,5,17.12,542.0,620.6,174.0,0.48,75.3
2021-04-30 06:00:00,4,6,18.59,706.0,689.81,198.0,0.76,68.05
2021-04-30 07:00:00,4,7,19.61,824.0,717.24,221.0,0.48,65.85
2021-04-30 08:00:00,4,8,21.65,903.0,766.63,214.0,0.48,57.65
2021-04-30 09:00:00,4,9,22.91,780.0,443.45,378.0,1.17,52.25
2021-04-30 10:00:00,4,10,23.63,846.0,711.01,232.0,1.93,52.35
2021-04-30 11:00:00,4,11,23.17,735.0,663.86,222.0,2.41,54.1
2021-04-30 12:00:00,4,12,22.99,597.0,654.36,178.0,3.17,54.1
2021-04-30 13:00:00,4,13,22.05,419.0,582.84,142.0,2.9,55.8
2021-04-30 14:00:00,4,14,21.56,176.0,190.42,121.0,2.69,57.65
2021-04-30 15:00:00,4,15,20.49,32.0,0.0,32.0,1.86,63.8
2021-04-30 16:00:00,4,16,16.69,0.0,-0.0,0.0,1.22,84.57
2021-04-30 17:00:00,4,17,16.35,0.0,-0.0,0.0,1.17,84.64
2021-04-30 18:00:00,4,18,16.01,0.0,-0.0,0.0,1.12,84.72
2021-04-30 19:00:00,4,19,15.67,0.0,-0.0,0.0,1.07,84.79
2021-04-30 20:00:00,4,20,15.33,0.0,-0.0,0.0,1.02,84.87
2021-04-30 21:00:00,4,21,15.0,0.0,-0.0,0.0,0.98,84.95
2021-04-30 22:00:00,4,22,14.66,0.0,-0.0,0.0,0.93,85.02
2021-04-30 23:00:00,4,23,14.32,0.0,-0.0,0.0,0.88,85.1
2007-05-01 00:00:00,5,0,13.98,0.0,-0.0,0.0,0.83,85.17
2007-05-01 01:00:00,5,1,13.64,0.0,-0.0,0.0,0.78,85.25
2007-05-01 02:00:00,5,2,13.31,1.0,0.0,1.0,0.73,85.32
2007-05-01 03:00:00,5,3,12.97,16.0,0.0,16.0,0.68,85.4
2007-05-01 04:00:00,5,4,12.63,381.0,597.51,128.0,0.63,85.47
2007-05-01 05:00:00,5,5,12.29,581.0,716.48,154.0,0.58,85.55
2007-05-01 06:00:00,5,6,11.95,755.0,794.16,168.0,0.54,85.63
2007-05-01 07:00:00,5,7,11.62,871.0,807.64,190.0,0.49,85.7
2007-05-01 08:00:00,5,8,19.68,943.0,830.17,195.0,0.83,59.25
2007-05-01 09:00:00,5,9,20.51,952.0,833.07,195.0,1.52,57.45
2007-05-01 10:00:00,5,10,20.69,889.0,793.61,202.0,2.62,59.5
2007-05-01 11:00:00,5,11,20.05,778.0,756.23,192.0,3.38,63.7
2007-05-01 12:00:00,5,12,19.6,616.0,683.2,177.0,3.31,65.85
2007-05-01 13:00:00,5,13,18.98,427.0,586.17,147.0,2.9,68.1
2007-05-01 14:00:00,5,14,18.28,223.0,411.69,103.0,2.34,70.35
2007-05-01 15:00:00,5,15,17.2,33.0,0.0,33.0,1.45,72.7
2007-05-01 16:00:00,5,16,15.61,0.0,-0.0,0.0,1.03,80.65
2007-05-01 17:00:00,5,17,15.35,0.0,-0.0,0.0,0.55,77.8
2007-05-01 18:00:00,5,18,14.81,0.0,-0.0,0.0,0.76,77.75
2007-05-01 19:00:00,5,19,13.88,0.0,-0.0,0.0,0.97,83.35
2007-05-01 20:00:00,5,20,11.68,0.0,-0.0,0.0,1.31,89.3
2007-05-01 21:00:00,5,21,10.7,0.0,-0.0,0.0,1.45,92.5
2007-05-01 22:00:00,5,22,10.14,0.0,-0.0,0.0,1.45,92.5
2007-05-01 23:00:00,5,23,9.52,0.0,-0.0,0.0,1.45,95.85
2007-05-02 00:00:00,5,0,9.31,0.0,-0.0,0.0,1.52,95.85
2007-05-02 01:00:00,5,1,9.02,0.0,-0.0,0.0,1.38,92.45
2007-05-02 02:00:00,5,2,8.44,1.0,0.0,1.0,1.31,92.4
2007-05-02 03:00:00,5,3,9.42,124.0,109.81,98.0,1.03,92.45
2007-05-02 04:00:00,5,4,13.89,366.0,529.73,140.0,0.62,86.35
2007-05-02 05:00:00,5,5,17.76,561.0,647.87,173.0,0.62,70.3
2007-05-02 06:00:00,5,6,19.63,720.0,690.22,208.0,0.55,61.4
2007-05-02 07:00:00,5,7,21.75,805.0,625.59,276.0,0.83,55.65
2007-05-02 08:00:00,5,8,23.44,927.0,793.81,210.0,1.1,50.45
2007-05-02 09:00:00,5,9,24.91,583.0,129.56,465.0,1.31,42.65
2007-05-02 10:00:00,5,10,25.97,751.0,441.38,368.0,1.1,37.2
2007-05-02 11:00:00,5,11,26.61,338.0,19.31,323.0,0.76,32.5
2007-05-02 12:00:00,5,12,26.7,619.0,690.17,174.0,0.76,31.35
2007-05-02 13:00:00,5,13,25.94,397.0,456.18,178.0,1.38,35.9
2007-05-02 14:00:00,5,14,24.03,193.0,238.01,123.0,1.86,50.7
2007-05-02 15:00:00,5,15,21.43,33.0,0.0,33.0,2.07,66.15
2007-05-02 16:00:00,5,16,18.89,0.0,-0.0,0.0,1.66,81.0
2007-05-02 17:00:00,5,17,16.91,0.0,-0.0,0.0,1.1,89.65
2007-05-02 18:00:00,5,18,17.0,0.0,-0.0,0.0,0.83,86.6
2007-05-02 19:00:00,5,19,15.36,0.0,-0.0,0.0,1.17,92.75
2007-05-02 20:00:00,5,20,15.79,0.0,-0.0,0.0,0.97,89.6
2007-05-02 21:00:00,5,21,15.6,0.0,-0.0,0.0,0.41,89.6
2007-05-02 22:00:00,5,22,15.35,0.0,-0.0,0.0,0.55,92.75
2007-05-02 23:00:00,5,23,14.92,0.0,-0.0,0.0,0.55,89.55
2007-05-03 00:00:00,5,0,14.35,0.0,-0.0,0.0,0.41,92.7
2007-05-03 01:00:00,5,1,13.67,0.0,-0.0,0.0,0.41,92.65
2007-05-03 02:00:00,5,2,13.18,1.0,0.0,1.0,0.41,92.65
2007-05-03 03:00:00,5,3,13.22,77.0,8.33,75.0,0.41,92.65
2007-05-03 04:00:00,5,4,14.89,318.0,318.78,181.0,0.41,92.7
2007-05-03 05:00:00,5,5,17.41,536.0,555.07,202.0,0.97,80.8
2007-05-03 06:00:00,5,6,18.75,716.0,681.13,209.0,1.31,72.95
2007-05-03 07:00:00,5,7,19.97,838.0,721.75,226.0,1.66,65.95
2007-05-03 08:00:00,5,8,20.98,656.0,225.31,452.0,2.14,63.9
2007-05-03 09:00:00,5,9,21.49,894.0,689.06,265.0,2.55,61.85
2007-05-03 10:00:00,5,10,21.54,581.0,164.41,438.0,3.17,61.85
2007-05-03 11:00:00,5,11,21.41,566.0,241.32,378.0,3.45,63.9
2007-05-03 12:00:00,5,12,21.37,602.0,635.28,191.0,3.38,61.7
2007-05-03 13:00:00,5,13,20.57,158.0,4.15,156.0,3.45,63.8
2007-05-03 14:00:00,5,14,19.27,204.0,286.47,119.0,3.17,70.55
2007-05-03 15:00:00,5,15,17.64,34.0,0.0,34.0,3.52,78.1
2007-05-03 16:00:00,5,16,15.12,0.0,-0.0,0.0,4.97,89.55
2007-05-03 17:00:00,5,17,12.92,0.0,-0.0,0.0,4.41,92.65
2007-05-03 18:00:00,5,18,11.83,0.0,-0.0,0.0,3.24,95.9
2007-05-03 19:00:00,5,19,11.56,0.0,-0.0,0.0,1.45,95.9
2007-05-03 20:00:00,5,20,11.39,0.0,-0.0,0.0,0.41,92.55
2007-05-03 21:00:00,5,21,11.32,0.0,-0.0,0.0,0.76,95.9
2007-05-03 22:00:00,5,22,11.25,0.0,-0.0,0.0,1.31,95.9
2007-05-03 23:00:00,5,23,11.06,0.0,-0.0,0.0,1.24,92.55
2007-05-04 00:00:00,5,0,10.98,0.0,-0.0,0.0,1.03,92.55
2007-05-04 01:00:00,5,1,10.41,0.0,-0.0,0.0,1.03,92.5
2007-05-04 02:00:00,5,2,9.59,2.0,0.0,2.0,0.97,95.85
2007-05-04 03:00:00,5,3,10.24,151.0,209.42,100.0,0.69,99.4
2007-05-04 04:00:00,5,4,11.88,321.0,321.15,182.0,0.9,83.15
2007-05-04 05:00:00,5,5,13.08,547.0,582.31,195.0,1.31,72.1
2007-05-04 06:00:00,5,6,13.8,711.0,657.43,220.0,1.45,72.2
2007-05-04 07:00:00,5,7,15.87,562.0,157.61,428.0,1.72,65.15
2007-05-04 08:00:00,5,8,17.06,869.0,636.91,291.0,1.59,63.05
2007-05-04 09:00:00,5,9,18.18,873.0,626.34,300.0,1.72,61.05
2007-05-04 10:00:00,5,10,18.89,666.0,281.05,421.0,2.55,61.2
2007-05-04 11:00:00,5,11,18.55,309.0,10.24,301.0,3.03,63.4
2007-05-04 12:00:00,5,12,17.86,126.0,0.0,126.0,3.1,67.85
2007-05-04 13:00:00,5,13,17.02,62.0,0.0,62.0,2.48,67.75
2007-05-04 14:00:00,5,14,16.15,41.0,0.0,41.0,1.66,70.1
2007-05-04 15:00:00,5,15,15.55,21.0,0.0,21.0,0.97,72.55
2007-05-04 16:00:00,5,16,14.68,0.0,-0.0,0.0,1.31,77.75
2007-05-04 17:00:00,5,17,13.95,0.0,-0.0,0.0,1.24,83.4
2007-05-04 18:00:00,5,18,13.08,0.0,-0.0,0.0,1.17,89.4
2007-05-04 19:00:00,5,19,12.64,0.0,-0.0,0.0,0.83,89.4
2007-05-04 20:00:00,5,20,12.54,0.0,-0.0,0.0,0.69,89.4
2007-05-04 21:00:00,5,21,12.6,0.0,-0.0,0.0,0.62,89.4
2007-05-04 22:00:00,5,22,12.91,0.0,-0.0,0.0,0.48,83.25
2007-05-04 23:00:00,5,23,12.93,0.0,-0.0,0.0,0.41,83.25
2007-05-05 00:00:00,5,0,13.08,0.0,-0.0,0.0,0.21,83.25
2007-05-05 01:00:00,5,1,13.5,0.0,-0.0,0.0,0.48,83.35
2007-05-05 02:00:00,5,2,12.52,2.0,0.0,2.0,0.97,89.4
2007-05-05 03:00:00,5,3,12.66,16.0,0.0,16.0,0.9,92.6
2007-05-05 04:00:00,5,4,13.45,39.0,0.0,39.0,0.69,86.35
2007-05-05 05:00:00,5,5,13.78,212.0,4.94,209.0,0.48,80.4
2007-05-05 06:00:00,5,6,14.32,717.0,668.65,216.0,0.41,77.65
2007-05-05 07:00:00,5,7,15.02,856.0,763.72,205.0,0.69,69.9
2007-05-05 08:00:00,5,8,16.31,900.0,714.64,250.0,0.83,62.95
2007-05-05 09:00:00,5,9,16.77,934.0,786.43,213.0,1.17,63.05
2007-05-05 10:00:00,5,10,17.76,881.0,770.32,208.0,1.45,60.95
2007-05-05 11:00:00,5,11,17.9,772.0,734.27,197.0,1.79,63.2
2007-05-05 12:00:00,5,12,18.09,613.0,660.28,183.0,2.07,61.05
2007-05-05 13:00:00,5,13,17.88,425.0,556.35,154.0,2.14,65.45
2007-05-05 14:00:00,5,14,17.29,222.0,364.39,112.0,1.86,67.75
2007-05-05 15:00:00,5,15,16.48,51.0,120.19,38.0,1.38,70.2
2007-05-05 16:00:00,5,16,15.29,0.0,-0.0,0.0,1.03,77.8
2007-05-05 17:00:00,5,17,15.0,0.0,-0.0,0.0,0.34,75.1
2007-05-05 18:00:00,5,18,14.73,0.0,-0.0,0.0,0.28,77.75
2007-05-05 19:00:00,5,19,13.99,0.0,-0.0,0.0,0.55,80.45
2007-05-05 20:00:00,5,20,13.66,0.0,-0.0,0.0,0.83,83.35
2007-05-05 21:00:00,5,21,12.9,0.0,-0.0,0.0,0.97,83.25
2007-05-05 22:00:00,5,22,12.34,0.0,-0.0,0.0,1.03,89.35
2007-05-05 23:00:00,5,23,11.58,0.0,-0.0,0.0,1.1,89.3
2007-05-06 00:00:00,5,0,11.8,0.0,-0.0,0.0,0.97,86.15
2007-05-06 01:00:00,5,1,11.79,0.0,-0.0,0.0,0.76,86.15
2007-05-06 02:00:00,5,2,11.26,2.0,0.0,2.0,0.48,89.3
2007-05-06 03:00:00,5,3,11.7,108.0,48.01,96.0,0.14,86.15
2007-05-06 04:00:00,5,4,14.19,338.0,373.86,174.0,0.69,83.4
2007-05-06 05:00:00,5,5,15.87,557.0,611.71,184.0,0.97,77.85
2007-05-06 06:00:00,5,6,17.34,731.0,715.79,193.0,0.97,72.7
2007-05-06 07:00:00,5,7,19.08,853.0,758.3,205.0,1.24,65.75
2007-05-06 08:00:00,5,8,20.33,927.0,789.88,207.0,1.45,63.7
2007-05-06 09:00:00,5,9,21.19,941.0,803.31,203.0,1.59,61.7
2007-05-06 10:00:00,5,10,21.73,883.0,775.51,204.0,1.86,61.85
2007-05-06 11:00:00,5,11,22.28,773.0,737.53,194.0,1.93,59.8
2007-05-06 12:00:00,5,12,22.32,618.0,674.99,177.0,2.07,59.8
2007-05-06 13:00:00,5,13,21.97,429.0,570.08,150.0,2.07,61.85
2007-05-06 14:00:00,5,14,21.44,227.0,381.05,111.0,1.79,63.9
2007-05-06 15:00:00,5,15,20.42,51.0,108.12,39.0,1.1,68.3
2007-05-06 16:00:00,5,16,19.62,0.0,-0.0,0.0,0.28,70.65
2007-05-06 17:00:00,5,17,19.28,0.0,-0.0,0.0,0.28,73.05
2007-05-06 18:00:00,5,18,16.25,0.0,-0.0,0.0,1.38,80.75
2007-05-06 19:00:00,5,19,15.57,0.0,-0.0,0.0,1.52,83.55
2007-05-06 20:00:00,5,20,16.34,0.0,-0.0,0.0,1.24,83.6
2007-05-06 21:00:00,5,21,16.07,0.0,-0.0,0.0,1.1,80.75
2007-05-06 22:00:00,5,22,14.35,0.0,-0.0,0.0,1.38,89.5
2007-05-06 23:00:00,5,23,13.51,0.0,-0.0,0.0,1.45,89.45
2007-05-07 00:00:00,5,0,12.54,0.0,-0.0,0.0,1.52,89.4
2007-05-07 01:00:00,5,1,11.9,0.0,-0.0,0.0,1.52,86.2
2007-05-07 02:00:00,5,2,11.71,2.0,0.0,2.0,1.52,89.3
2007-05-07 03:00:00,5,3,12.1,130.0,98.79,105.0,1.45,89.35
2007-05-07 04:00:00,5,4,14.11,349.0,403.21,171.0,1.66,77.65
2007-05-07 05:00:00,5,5,14.68,557.0,594.49,193.0,2.41,64.95
2007-05-07 06:00:00,5,6,14.66,722.0,671.19,216.0,2.48,64.95
2007-05-07 07:00:00,5,7,15.51,832.0,682.93,247.0,3.1,62.85
2007-05-07 08:00:00,5,8,15.88,899.0,701.73,258.0,2.97,65.15
2007-05-07 09:00:00,5,9,16.36,922.0,745.21,236.0,2.69,62.95
2007-05-07 10:00:00,5,10,16.67,851.0,674.71,259.0,2.55,63.05
2007-05-07 11:00:00,5,11,17.14,754.0,669.65,227.0,2.28,63.05
2007-05-07 12:00:00,5,12,17.23,589.0,566.06,218.0,2.14,63.05
2007-05-07 13:00:00,5,13,17.11,363.0,307.11,212.0,2.14,63.05
2007-05-07 14:00:00,5,14,16.43,188.0,185.7,131.0,2.21,60.85
2007-05-07 15:00:00,5,15,15.46,35.0,17.58,33.0,1.72,65.15
2007-05-07 16:00:00,5,16,14.35,0.0,-0.0,0.0,1.45,69.75
2007-05-07 17:00:00,5,17,12.92,0.0,-0.0,0.0,1.31,77.5
2007-05-07 18:00:00,5,18,11.76,0.0,-0.0,0.0,1.03,86.15
2007-05-07 19:00:00,5,19,12.02,0.0,-0.0,0.0,0.69,77.35
2007-05-07 20:00:00,5,20,11.6,0.0,-0.0,0.0,0.41,80.15
2007-05-07 21:00:00,5,21,11.32,0.0,-0.0,0.0,0.21,83.05
2007-05-07 22:00:00,5,22,10.68,0.0,-0.0,0.0,0.41,86.05
2007-05-07 23:00:00,5,23,10.38,0.0,-0.0,0.0,0.48,86.05
2007-05-08 00:00:00,5,0,10.04,0.0,-0.0,0.0,0.48,86.0
2007-05-08 01:00:00,5,1,9.31,0.0,-0.0,0.0,0.55,89.1
2007-05-08 02:00:00,5,2,9.0,2.0,0.0,2.0,0.62,89.1
2007-05-08 03:00:00,5,3,9.46,67.0,0.0,67.0,0.34,89.15
2007-05-08 04:00:00,5,4,11.9,322.0,294.93,191.0,0.48,80.2
2007-05-08 05:00:00,5,5,13.77,540.0,523.81,218.0,0.97,74.85
2007-05-08 06:00:00,5,6,15.29,718.0,649.4,227.0,1.24,69.9
2007-05-08 07:00:00,5,7,17.54,851.0,727.92,226.0,1.66,65.45
2007-05-08 08:00:00,5,8,18.69,924.0,761.48,227.0,2.0,65.65
2007-05-08 09:00:00,5,9,19.51,937.0,778.45,219.0,2.21,63.6
2007-05-08 10:00:00,5,10,20.19,890.0,775.69,208.0,2.0,63.7
2007-05-08 11:00:00,5,11,20.75,780.0,739.03,197.0,2.0,61.6
2007-05-08 12:00:00,5,12,20.77,632.0,696.63,174.0,2.0,63.8
2007-05-08 13:00:00,5,13,20.51,441.0,593.2,148.0,1.86,63.8
2007-05-08 14:00:00,5,14,19.98,235.0,397.48,112.0,1.72,65.95
2007-05-08 15:00:00,5,15,18.85,60.0,162.99,41.0,1.66,72.95
2007-05-08 16:00:00,5,16,17.24,0.0,-0.0,0.0,1.31,80.8
2007-05-08 17:00:00,5,17,15.56,0.0,-0.0,0.0,1.03,89.6
2007-05-08 18:00:00,5,18,15.75,0.0,-0.0,0.0,0.62,83.55
2007-05-08 19:00:00,5,19,15.79,0.0,-0.0,0.0,0.69,83.55
2007-05-08 20:00:00,5,20,15.31,0.0,-0.0,0.0,0.69,86.5
2007-05-08 21:00:00,5,21,13.96,0.0,-0.0,0.0,0.97,86.4
2007-05-08 22:00:00,5,22,12.59,0.0,-0.0,0.0,1.1,89.4
2007-05-08 23:00:00,5,23,11.82,0.0,-0.0,0.0,1.03,92.55
2007-05-09 00:00:00,5,0,11.18,0.0,-0.0,0.0,1.03,92.55
2007-05-09 01:00:00,5,1,11.2,0.0,-0.0,0.0,0.97,92.55
2007-05-09 02:00:00,5,2,10.43,2.0,0.0,2.0,1.03,89.25
2007-05-09 03:00:00,5,3,12.07,17.0,0.0,17.0,0.83,86.2
2007-05-09 04:00:00,5,4,16.42,101.0,0.0,101.0,0.14,86.55
2007-05-09 05:00:00,5,5,19.59,257.0,19.45,245.0,0.62,70.65
2007-05-09 06:00:00,5,6,21.37,653.0,474.81,293.0,0.69,66.15
2007-05-09 07:00:00,5,7,23.55,812.0,632.16,268.0,1.03,58.1
2007-05-09 08:00:00,5,8,24.78,830.0,537.55,337.0,1.17,56.35
2007-05-09 09:00:00,5,9,25.74,865.0,604.91,306.0,1.17,54.7
2007-05-09 10:00:00,5,10,26.51,773.0,486.95,344.0,1.31,54.8
2007-05-09 11:00:00,5,11,26.58,246.0,1.26,245.0,1.72,53.1
2007-05-09 12:00:00,5,12,26.07,281.0,21.23,267.0,1.86,56.7
2007-05-09 13:00:00,5,13,25.34,199.0,20.15,189.0,2.0,60.45
2007-05-09 14:00:00,5,14,24.01,50.0,0.0,50.0,1.52,69.05
2007-05-09 15:00:00,5,15,22.29,6.0,0.0,6.0,1.52,76.1
2007-05-09 16:00:00,5,16,20.84,0.0,-0.0,0.0,0.97,84.05
2007-05-09 17:00:00,5,17,19.5,0.0,-0.0,0.0,0.69,86.85
2007-05-09 18:00:00,5,18,19.18,0.0,-0.0,0.0,0.76,83.85
2007-05-09 19:00:00,5,19,19.26,0.0,-0.0,0.0,0.62,81.05
2007-05-09 20:00:00,5,20,19.19,0.0,-0.0,0.0,0.41,81.05
2007-05-09 21:00:00,5,21,18.82,0.0,-0.0,0.0,0.48,81.0
2007-05-09 22:00:00,5,22,16.13,0.0,-0.0,0.0,1.52,89.65
2007-05-09 23:00:00,5,23,15.79,0.0,-0.0,0.0,1.45,92.75
2007-05-10 00:00:00,5,0,15.6,0.0,-0.0,0.0,1.31,92.75
2007-05-10 01:00:00,5,1,15.79,0.0,-0.0,0.0,1.1,92.75
2007-05-10 02:00:00,5,2,15.98,2.0,0.0,2.0,0.62,89.65
2007-05-10 03:00:00,5,3,16.34,17.0,0.0,17.0,0.14,89.65
2007-05-10 04:00:00,5,4,17.42,34.0,0.0,34.0,0.28,83.65
2007-05-10 05:00:00,5,5,18.14,236.0,11.3,229.0,0.41,72.9
2007-05-10 06:00:00,5,6,18.48,300.0,11.84,291.0,0.41,68.05
2007-05-10 07:00:00,5,7,19.05,373.0,18.55,357.0,1.17,63.5
2007-05-10 08:00:00,5,8,20.15,580.0,132.77,458.0,1.66,61.5
2007-05-10 09:00:00,5,9,20.49,607.0,157.7,461.0,2.07,61.6
2007-05-10 10:00:00,5,10,21.05,573.0,154.07,437.0,2.21,61.7
2007-05-10 11:00:00,5,11,21.07,412.0,58.04,366.0,2.55,61.7
2007-05-10 12:00:00,5,12,20.97,266.0,15.12,256.0,2.41,63.9
2007-05-10 13:00:00,5,13,20.71,247.0,62.2,216.0,2.28,66.05
2007-05-10 14:00:00,5,14,20.19,197.0,209.93,131.0,1.72,68.3
2007-05-10 15:00:00,5,15,19.75,65.0,172.03,44.0,0.97,70.65
2007-05-10 16:00:00,5,16,18.73,0.0,-0.0,0.0,0.62,81.0
2007-05-10 17:00:00,5,17,18.58,0.0,-0.0,0.0,0.34,75.55
2007-05-10 18:00:00,5,18,18.2,0.0,-0.0,0.0,0.07,78.15
2007-05-10 19:00:00,5,19,16.7,0.0,-0.0,0.0,0.9,83.65
2007-05-10 20:00:00,5,20,16.64,0.0,-0.0,0.0,0.9,83.65
2007-05-10 21:00:00,5,21,16.74,0.0,-0.0,0.0,0.83,83.65
2007-05-10 22:00:00,5,22,16.02,0.0,-0.0,0.0,0.83,83.6
2007-05-10 23:00:00,5,23,15.44,0.0,-0.0,0.0,0.9,86.5
2007-05-11 00:00:00,5,0,15.17,0.0,-0.0,0.0,0.97,86.5
2007-05-11 01:00:00,5,1,15.27,0.0,-0.0,0.0,1.1,86.5
2007-05-11 02:00:00,5,2,15.22,3.0,0.0,3.0,1.17,86.5
2007-05-11 03:00:00,5,3,16.13,24.0,0.0,24.0,0.97,83.6
2007-05-11 04:00:00,5,4,17.92,34.0,0.0,34.0,0.48,86.65
2007-05-11 05:00:00,5,5,20.03,51.0,0.0,51.0,0.07,70.7
2007-05-11 06:00:00,5,6,20.51,118.0,0.0,118.0,1.03,66.05
2007-05-11 07:00:00,5,7,18.79,135.0,0.0,135.0,2.14,70.45
2007-05-11 08:00:00,5,8,18.54,504.0,68.44,441.0,2.14,65.65
2007-05-11 09:00:00,5,9,18.68,513.0,72.24,446.0,2.0,63.4
2007-05-11 10:00:00,5,10,18.08,168.0,0.0,168.0,1.72,70.35
2007-05-11 11:00:00,5,11,17.66,131.0,0.0,131.0,1.52,78.1
2007-05-11 12:00:00,5,12,17.3,55.0,0.0,55.0,1.45,80.8
2007-05-11 13:00:00,5,13,16.91,39.0,0.0,39.0,1.38,83.65
2007-05-11 14:00:00,5,14,16.0,21.0,0.0,21.0,1.03,89.65
2007-05-11 15:00:00,5,15,15.57,27.0,0.0,27.0,1.17,89.6
2007-05-11 16:00:00,5,16,15.08,0.0,-0.0,0.0,1.45,92.75
2007-05-11 17:00:00,5,17,14.78,0.0,-0.0,0.0,1.31,96.0
2007-05-11 18:00:00,5,18,14.45,0.0,-0.0,0.0,1.31,96.0
2007-05-11 19:00:00,5,19,13.87,0.0,-0.0,0.0,1.38,99.4
2007-05-11 20:00:00,5,20,13.66,0.0,-0.0,0.0,1.24,95.95
2007-05-11 21:00:00,5,21,13.45,0.0,-0.0,0.0,1.17,95.95
2007-05-11 22:00:00,5,22,13.16,0.0,-0.0,0.0,1.24,95.95
2007-05-11 23:00:00,5,23,12.92,0.0,-0.0,0.0,1.17,95.95
2007-05-12 00:00:00,5,0,12.65,0.0,-0.0,0.0,1.17,95.95
2007-05-12 01:00:00,5,1,12.09,0.0,-0.0,0.0,1.17,95.95
2007-05-12 02:00:00,5,2,11.94,3.0,0.0,3.0,1.1,95.95
2007-05-12 03:00:00,5,3,11.97,17.0,0.0,17.0,1.1,95.95
2007-05-12 04:00:00,5,4,12.08,62.0,0.0,62.0,0.97,95.95
2007-05-12 05:00:00,5,5,12.19,246.0,14.43,237.0,0.9,95.95
2007-05-12 06:00:00,5,6,12.41,291.0,7.85,285.0,0.76,89.4
2007-05-12 07:00:00,5,7,13.44,159.0,0.0,159.0,1.17,83.35
2007-05-12 08:00:00,5,8,14.23,140.0,0.0,140.0,1.24,83.4
2007-05-12 09:00:00,5,9,14.47,109.0,0.0,109.0,1.24,80.55
2007-05-12 10:00:00,5,10,14.3,143.0,0.0,143.0,1.31,83.4
2007-05-12 11:00:00,5,11,15.06,289.0,5.02,285.0,1.1,80.6
2007-05-12 12:00:00,5,12,15.08,211.0,1.5,210.0,1.03,80.6
2007-05-12 13:00:00,5,13,15.29,76.0,0.0,76.0,0.9,80.6
2007-05-12 14:00:00,5,14,15.17,96.0,6.26,94.0,0.9,80.6
2007-05-12 15:00:00,5,15,14.84,20.0,0.0,20.0,1.24,83.45
2007-05-12 16:00:00,5,16,14.36,0.0,-0.0,0.0,1.03,86.4
2007-05-12 17:00:00,5,17,13.79,0.0,-0.0,0.0,0.9,89.45
2007-05-12 18:00:00,5,18,13.27,0.0,-0.0,0.0,0.83,95.95
2007-05-12 19:00:00,5,19,13.19,0.0,-0.0,0.0,0.34,92.65
2007-05-12 20:00:00,5,20,13.11,0.0,-0.0,0.0,0.14,92.65
2007-05-12 21:00:00,5,21,12.51,0.0,-0.0,0.0,0.69,92.6
2007-05-12 22:00:00,5,22,11.9,0.0,-0.0,0.0,0.9,92.6
2007-05-12 23:00:00,5,23,12.49,0.0,-0.0,0.0,0.62,92.6
2007-05-13 00:00:00,5,0,12.48,0.0,-0.0,0.0,0.21,89.4
2007-05-13 01:00:00,5,1,12.47,0.0,-0.0,0.0,0.14,89.4
2007-05-13 02:00:00,5,2,12.3,3.0,0.0,3.0,0.55,89.35
2007-05-13 03:00:00,5,3,12.64,18.0,0.0,18.0,0.34,89.4
2007-05-13 04:00:00,5,4,14.4,47.0,0.0,47.0,0.48,83.45
2007-05-13 05:00:00,5,5,15.89,156.0,0.0,156.0,0.34,80.65
2007-05-13 06:00:00,5,6,17.62,313.0,14.36,302.0,0.34,75.4
2007-05-13 07:00:00,5,7,19.14,672.0,310.04,403.0,0.83,70.55
2007-05-13 08:00:00,5,8,20.58,665.0,227.32,455.0,1.17,66.05
2007-05-13 09:00:00,5,9,21.69,735.0,326.66,431.0,1.38,61.85
2007-05-13 10:00:00,5,10,22.4,716.0,359.37,397.0,1.79,59.8
2007-05-13 11:00:00,5,11,22.68,705.0,521.42,289.0,2.48,59.95
2007-05-13 12:00:00,5,12,22.12,56.0,0.0,56.0,1.59,61.95
2007-05-13 13:00:00,5,13,21.16,167.0,3.96,165.0,0.9,66.15
2007-05-13 14:00:00,5,14,20.41,22.0,0.0,22.0,0.69,75.75
2007-05-13 15:00:00,5,15,19.82,6.0,0.0,6.0,0.76,78.35
2007-05-13 16:00:00,5,16,18.44,0.0,-0.0,0.0,1.1,86.75
2007-05-13 17:00:00,5,17,18.61,0.0,-0.0,0.0,0.34,83.8
2007-05-13 18:00:00,5,18,18.09,0.0,-0.0,0.0,0.34,83.75
2007-05-13 19:00:00,5,19,17.68,0.0,-0.0,0.0,0.21,83.7
2007-05-13 20:00:00,5,20,17.34,0.0,-0.0,0.0,0.62,86.6
2007-05-13 21:00:00,5,21,17.06,0.0,-0.0,0.0,0.48,83.65
2007-05-13 22:00:00,5,22,16.64,0.0,-0.0,0.0,0.69,83.65
2007-05-13 23:00:00,5,23,15.19,0.0,-0.0,0.0,1.03,89.55
2007-05-14 00:00:00,5,0,15.1,0.0,-0.0,0.0,0.83,89.55
2007-05-14 01:00:00,5,1,15.58,0.0,-0.0,0.0,0.21,89.6
2007-05-14 02:00:00,5,2,15.85,3.0,0.0,3.0,0.48,89.6
2007-05-14 03:00:00,5,3,14.75,18.0,0.0,18.0,1.1,92.7
2007-05-14 04:00:00,5,4,17.19,35.0,0.0,35.0,0.97,86.6
2007-05-14 05:00:00,5,5,17.49,64.0,0.0,64.0,1.24,86.65
2007-05-14 06:00:00,5,6,17.21,635.0,411.6,319.0,1.24,89.65
2007-05-14 07:00:00,5,7,17.89,691.0,341.67,394.0,1.03,83.7
2007-05-14 08:00:00,5,8,18.35,548.0,97.26,458.0,1.1,78.15
2007-05-14 09:00:00,5,9,19.02,594.0,135.17,468.0,1.31,73.05
2007-05-14 10:00:00,5,10,20.18,399.0,22.49,379.0,2.0,68.3
2007-05-14 11:00:00,5,11,20.28,160.0,0.0,160.0,2.34,68.3
2007-05-14 12:00:00,5,12,20.0,156.0,0.0,156.0,2.14,68.3
2007-05-14 13:00:00,5,13,19.48,93.0,0.0,93.0,1.45,70.65
2007-05-14 14:00:00,5,14,18.92,29.0,0.0,29.0,1.1,75.55
2007-05-14 15:00:00,5,15,18.21,9.0,0.0,9.0,0.48,78.15
2007-05-14 16:00:00,5,16,17.59,0.0,-0.0,0.0,0.48,80.85
2007-05-14 17:00:00,5,17,16.8,0.0,-0.0,0.0,0.83,83.65
2007-05-14 18:00:00,5,18,16.4,0.0,-0.0,0.0,0.9,86.55
2007-05-14 19:00:00,5,19,15.24,0.0,-0.0,0.0,0.97,92.75
2007-05-14 20:00:00,5,20,15.04,0.0,-0.0,0.0,0.83,89.55
2007-05-14 21:00:00,5,21,14.53,0.0,-0.0,0.0,1.03,92.7
2007-05-14 22:00:00,5,22,14.15,0.0,-0.0,0.0,1.17,96.0
2007-05-14 23:00:00,5,23,14.09,0.0,-0.0,0.0,1.31,92.7
2007-05-15 00:00:00,5,0,13.85,0.0,-0.0,0.0,1.45,92.65
2007-05-15 01:00:00,5,1,13.63,0.0,-0.0,0.0,1.45,92.65
2007-05-15 02:00:00,5,2,13.44,4.0,0.0,4.0,1.38,92.65
2007-05-15 03:00:00,5,3,13.44,18.0,0.0,18.0,1.38,92.65
2007-05-15 04:00:00,5,4,13.62,60.0,0.0,60.0,1.38,92.65
2007-05-15 05:00:00,5,5,13.65,58.0,0.0,58.0,1.59,92.65
2007-05-15 06:00:00,5,6,13.7,117.0,0.0,117.0,1.72,92.65
2007-05-15 07:00:00,5,7,13.76,180.0,0.0,180.0,1.59,89.45
2007-05-15 08:00:00,5,8,14.09,260.0,0.0,260.0,1.45,83.4
2007-05-15 09:00:00,5,9,14.76,282.0,0.0,282.0,1.59,77.75
2007-05-15 10:00:00,5,10,15.52,286.0,1.12,285.0,1.86,70.0
2007-05-15 11:00:00,5,11,16.18,260.0,1.25,259.0,2.07,62.95
2007-05-15 12:00:00,5,12,16.51,182.0,0.0,182.0,1.93,56.6
2007-05-15 13:00:00,5,13,16.58,86.0,0.0,86.0,1.79,54.6
2007-05-15 14:00:00,5,14,16.36,54.0,0.0,54.0,1.59,56.5
2007-05-15 15:00:00,5,15,15.71,48.0,29.55,44.0,1.38,58.45
2007-05-15 16:00:00,5,16,14.6,0.0,-0.0,0.0,1.31,62.65
2007-05-15 17:00:00,5,17,13.47,0.0,-0.0,0.0,1.24,69.65
2007-05-15 18:00:00,5,18,12.49,0.0,-0.0,0.0,1.31,74.7
2007-05-15 19:00:00,5,19,11.94,0.0,-0.0,0.0,1.24,74.6
2007-05-15 20:00:00,5,20,11.82,0.0,-0.0,0.0,1.17,74.55
2007-05-15 21:00:00,5,21,10.88,0.0,-0.0,0.0,1.38,77.2
2007-05-15 22:00:00,5,22,10.23,0.0,-0.0,0.0,1.38,79.95
2007-05-15 23:00:00,5,23,9.76,0.0,-0.0,0.0,1.24,82.9
2007-05-16 00:00:00,5,0,9.05,0.0,-0.0,0.0,1.03,85.95
2007-05-16 01:00:00,5,1,8.56,0.0,-0.0,0.0,0.9,85.9
2007-05-16 02:00:00,5,2,8.26,4.0,0.0,4.0,0.83,89.05
2007-05-16 03:00:00,5,3,10.08,226.0,487.5,91.0,0.48,82.95
2007-05-16 04:00:00,5,4,13.04,431.0,652.45,129.0,0.07,74.75
2007-05-16 05:00:00,5,5,15.32,632.0,763.37,150.0,0.76,65.05
2007-05-16 06:00:00,5,6,16.61,792.0,802.79,173.0,1.24,56.6
2007-05-16 07:00:00,5,7,17.6,903.0,811.65,195.0,1.45,58.8
2007-05-16 08:00:00,5,8,18.57,973.0,831.7,201.0,1.66,56.95
2007-05-16 09:00:00,5,9,19.44,981.0,834.2,201.0,1.93,57.1
2007-05-16 10:00:00,5,10,20.05,927.0,818.16,197.0,2.41,53.35
2007-05-16 11:00:00,5,11,20.27,816.0,782.26,188.0,2.9,53.35
2007-05-16 12:00:00,5,12,20.08,663.0,732.78,170.0,2.97,53.35
2007-05-16 13:00:00,5,13,19.71,475.0,647.69,144.0,2.97,55.2
2007-05-16 14:00:00,5,14,18.99,267.0,477.75,110.0,2.69,57.1
2007-05-16 15:00:00,5,15,17.84,85.0,268.24,48.0,1.79,65.45
2007-05-16 16:00:00,5,16,16.23,0.0,-0.0,0.0,1.24,70.1
2007-05-16 17:00:00,5,17,15.81,0.0,-0.0,0.0,0.76,70.0
2007-05-16 18:00:00,5,18,14.49,0.0,-0.0,0.0,1.1,72.4
2007-05-16 19:00:00,5,19,12.22,0.0,-0.0,0.0,1.52,83.15
2007-05-16 20:00:00,5,20,11.24,0.0,-0.0,0.0,1.52,86.1
2007-05-16 21:00:00,5,21,10.32,0.0,-0.0,0.0,1.38,89.2
2007-05-16 22:00:00,5,22,9.86,0.0,-0.0,0.0,1.17,89.2
2007-05-16 23:00:00,5,23,9.46,0.0,-0.0,0.0,1.03,89.15
2007-05-17 00:00:00,5,0,9.0,0.0,-0.0,0.0,1.03,92.45
2007-05-17 01:00:00,5,1,8.11,0.0,-0.0,0.0,1.03,92.4
2007-05-17 02:00:00,5,2,7.78,4.0,0.0,4.0,1.03,95.8
2007-05-17 03:00:00,5,3,10.16,19.0,0.0,19.0,0.62,89.2
2007-05-17 04:00:00,5,4,13.47,308.0,193.62,218.0,0.21,77.6
2007-05-17 05:00:00,5,5,15.82,622.0,720.21,166.0,0.21,67.55
2007-05-17 06:00:00,5,6,17.39,803.0,818.0,171.0,0.76,58.7
2007-05-17 07:00:00,5,7,18.45,916.0,825.2,195.0,1.59,53.0
2007-05-17 08:00:00,5,8,19.22,980.0,834.78,204.0,2.07,53.15
2007-05-17 09:00:00,5,9,19.9,994.0,847.92,200.0,2.41,53.25
2007-05-17 10:00:00,5,10,20.48,940.0,831.37,197.0,2.62,51.65
2007-05-17 11:00:00,5,11,20.76,833.0,806.82,184.0,2.62,51.65
2007-05-17 12:00:00,5,12,20.77,677.0,757.52,166.0,2.41,51.65
2007-05-17 13:00:00,5,13,20.44,484.0,664.63,143.0,2.55,55.3
2007-05-17 14:00:00,5,14,19.58,274.0,495.62,110.0,2.62,57.2
2007-05-17 15:00:00,5,15,18.4,85.0,249.15,50.0,2.0,65.55
2007-05-17 16:00:00,5,16,16.8,0.0,-0.0,0.0,1.31,70.2
2007-05-17 17:00:00,5,17,15.8,0.0,-0.0,0.0,0.83,75.15
2007-05-17 18:00:00,5,18,15.82,0.0,-0.0,0.0,0.76,72.55
2007-05-17 19:00:00,5,19,15.16,0.0,-0.0,0.0,0.76,75.1
2007-05-17 20:00:00,5,20,14.58,0.0,-0.0,0.0,0.41,77.75
2007-05-17 21:00:00,5,21,13.8,0.0,-0.0,0.0,0.21,80.4
2007-05-17 22:00:00,5,22,13.1,0.0,-0.0,0.0,0.21,83.25
2007-05-17 23:00:00,5,23,12.5,0.0,-0.0,0.0,0.21,86.25
2007-05-18 00:00:00,5,0,12.06,0.0,-0.0,0.0,0.21,86.2
2007-05-18 01:00:00,5,1,11.7,0.0,-0.0,0.0,0.14,89.3
2007-05-18 02:00:00,5,2,11.24,4.0,0.0,4.0,0.0,89.3
2007-05-18 03:00:00,5,3,10.89,20.0,0.0,20.0,0.07,92.55
2007-05-18 04:00:00,5,4,13.11,37.0,0.0,37.0,0.41,86.3
2007-05-18 05:00:00,5,5,14.8,566.0,524.57,233.0,0.69,80.55
2007-05-18 06:00:00,5,6,16.59,782.0,762.18,192.0,0.9,67.75
2007-05-18 07:00:00,5,7,17.65,910.0,811.34,200.0,1.52,63.2
2007-05-18 08:00:00,5,8,18.87,974.0,820.71,210.0,1.72,59.05
2007-05-18 09:00:00,5,9,19.51,992.0,845.65,199.0,2.0,57.2
2007-05-18 10:00:00,5,10,19.9,934.0,817.77,202.0,2.14,59.25
2007-05-18 11:00:00,5,11,20.28,823.0,782.92,192.0,2.14,57.3
2007-05-18 12:00:00,5,12,20.07,652.0,677.19,194.0,2.41,59.35
2007-05-18 13:00:00,5,13,19.65,472.0,617.41,154.0,2.34,61.4
2007-05-18 14:00:00,5,14,19.33,257.0,393.22,126.0,2.28,65.75
2007-05-18 15:00:00,5,15,18.46,74.0,146.86,53.0,1.59,68.05
2007-05-18 16:00:00,5,16,17.17,0.0,-0.0,0.0,1.31,75.3
2007-05-18 17:00:00,5,17,16.04,0.0,-0.0,0.0,0.83,77.95
2007-05-18 18:00:00,5,18,16.07,0.0,-0.0,0.0,0.83,75.25
2007-05-18 19:00:00,5,19,15.72,0.0,-0.0,0.0,0.83,75.15
2007-05-18 20:00:00,5,20,15.61,0.0,-0.0,0.0,0.76,75.15
2007-05-18 21:00:00,5,21,15.12,0.0,-0.0,0.0,0.62,77.8
2007-05-18 22:00:00,5,22,14.49,0.0,-0.0,0.0,0.48,80.55
2007-05-18 23:00:00,5,23,13.96,0.0,-0.0,0.0,0.34,83.4
2007-05-19 00:00:00,5,0,13.24,0.0,-0.0,0.0,0.34,86.3
2007-05-19 01:00:00,5,1,12.11,0.0,-0.0,0.0,0.34,92.6
2007-05-19 02:00:00,5,2,11.46,4.0,0.0,4.0,0.48,92.55
2007-05-19 03:00:00,5,3,12.32,19.0,0.0,19.0,0.28,92.6
2007-05-19 04:00:00,5,4,14.82,307.0,196.37,215.0,0.34,83.45
2007-05-19 05:00:00,5,5,16.56,587.0,619.12,193.0,0.69,72.7
2007-05-19 06:00:00,5,6,17.88,767.0,742.73,191.0,0.9,67.85
2007-05-19 07:00:00,5,7,19.49,883.0,772.48,206.0,1.17,59.25
2007-05-19 08:00:00,5,8,20.52,951.0,791.7,213.0,1.52,57.45
2007-05-19 09:00:00,5,9,21.3,964.0,805.09,208.0,1.86,55.55
2007-05-19 10:00:00,5,10,21.71,906.0,778.59,208.0,2.48,55.65
2007-05-19 11:00:00,5,11,21.53,803.0,754.19,194.0,2.97,55.65
2007-05-19 12:00:00,5,12,20.84,639.0,660.72,191.0,3.03,61.6
2007-05-19 13:00:00,5,13,20.53,449.0,543.5,168.0,2.48,61.6
2007-05-19 14:00:00,5,14,20.25,280.0,515.85,107.0,1.93,63.7
2007-05-19 15:00:00,5,15,19.45,86.0,233.73,52.0,1.17,68.2
2007-05-19 16:00:00,5,16,18.27,0.0,-0.0,0.0,0.9,80.9
2007-05-19 17:00:00,5,17,17.84,0.0,-0.0,0.0,0.83,78.1
2007-05-19 18:00:00,5,18,17.26,0.0,-0.0,0.0,0.97,78.0
2007-05-19 19:00:00,5,19,17.62,0.0,-0.0,0.0,0.76,72.8
2007-05-19 20:00:00,5,20,17.19,0.0,-0.0,0.0,0.9,75.3
2007-05-19 21:00:00,5,21,15.88,0.0,-0.0,0.0,1.03,80.65
2007-05-19 22:00:00,5,22,14.7,0.0,-0.0,0.0,1.1,83.45
2007-05-19 23:00:00,5,23,13.44,0.0,-0.0,0.0,1.31,86.35
2007-05-20 00:00:00,5,0,13.22,0.0,-0.0,0.0,1.17,89.4
2007-05-20 01:00:00,5,1,13.94,0.0,-0.0,0.0,0.97,86.4
2007-05-20 02:00:00,5,2,13.89,4.0,0.0,4.0,0.76,89.45
2007-05-20 03:00:00,5,3,14.49,179.0,206.84,120.0,0.34,86.45
2007-05-20 04:00:00,5,4,16.26,394.0,489.14,164.0,0.28,86.55
2007-05-20 05:00:00,5,5,18.49,598.0,661.55,176.0,0.76,65.65
2007-05-20 06:00:00,5,6,19.56,759.0,726.0,195.0,1.03,57.2
2007-05-20 07:00:00,5,7,19.98,875.0,753.15,214.0,1.31,57.3
2007-05-20 08:00:00,5,8,20.46,941.0,772.46,220.0,1.52,57.3
2007-05-20 09:00:00,5,9,21.0,855.0,537.08,350.0,1.79,53.6
2007-05-20 10:00:00,5,10,21.34,768.0,437.72,375.0,2.0,53.6
2007-05-20 11:00:00,5,11,21.76,748.0,597.05,265.0,2.21,53.75
2007-05-20 12:00:00,5,12,21.79,586.0,491.36,252.0,2.14,53.75
2007-05-20 13:00:00,5,13,21.7,453.0,558.81,163.0,2.34,51.9
2007-05-20 14:00:00,5,14,21.11,263.0,429.56,118.0,1.59,53.6
2007-05-20 15:00:00,5,15,20.39,92.0,263.67,53.0,0.9,61.5
2007-05-20 16:00:00,5,16,20.16,0.0,-0.0,0.0,0.34,55.3
2007-05-20 17:00:00,5,17,17.54,0.0,-0.0,0.0,1.31,70.3
2007-05-20 18:00:00,5,18,16.52,0.0,-0.0,0.0,1.59,70.2
2007-05-20 19:00:00,5,19,15.51,0.0,-0.0,0.0,1.66,70.0
2007-05-20 20:00:00,5,20,14.39,0.0,-0.0,0.0,1.72,77.65
2007-05-20 21:00:00,5,21,13.53,0.0,-0.0,0.0,1.59,77.6
2007-05-20 22:00:00,5,22,12.77,0.0,-0.0,0.0,1.38,83.25
2007-05-20 23:00:00,5,23,11.95,0.0,-0.0,0.0,1.31,83.15
2007-05-21 00:00:00,5,0,11.12,0.0,-0.0,0.0,1.24,89.3
2007-05-21 01:00:00,5,1,10.85,0.0,-0.0,0.0,1.24,89.25
2007-05-21 02:00:00,5,2,10.49,4.0,0.0,4.0,1.31,89.25
2007-05-21 03:00:00,5,3,12.74,199.0,296.06,114.0,0.97,86.25
2007-05-21 04:00:00,5,4,16.96,403.0,519.24,158.0,0.62,75.3
2007-05-21 05:00:00,5,5,19.77,606.0,677.28,173.0,0.28,55.2
2007-05-21 06:00:00,5,6,21.08,769.0,742.79,191.0,0.41,43.25
2007-05-21 07:00:00,5,7,21.94,885.0,771.47,207.0,1.17,40.35
2007-05-21 08:00:00,5,8,22.96,947.0,778.99,219.0,1.45,39.15
2007-05-21 09:00:00,5,9,23.72,965.0,805.12,207.0,1.79,36.7
2007-05-21 10:00:00,5,10,24.23,908.0,778.52,208.0,2.21,36.8
2007-05-21 11:00:00,5,11,24.34,801.0,744.04,198.0,2.48,38.15
2007-05-21 12:00:00,5,12,24.2,656.0,704.41,176.0,2.62,38.15
2007-05-21 13:00:00,5,13,23.79,471.0,614.37,151.0,2.55,39.45
2007-05-21 14:00:00,5,14,23.02,264.0,420.94,121.0,1.72,42.25
2007-05-21 15:00:00,5,15,21.59,88.0,226.19,54.0,0.9,61.85
2007-05-21 16:00:00,5,16,21.76,0.0,-0.0,0.0,0.34,44.95
2007-05-21 17:00:00,5,17,18.65,0.0,-0.0,0.0,1.52,59.05
2007-05-21 18:00:00,5,18,16.35,0.0,-0.0,0.0,2.0,65.25
2007-05-21 19:00:00,5,19,15.74,0.0,-0.0,0.0,1.66,65.15
2007-05-21 20:00:00,5,20,14.47,0.0,-0.0,0.0,1.52,69.85
2007-05-21 21:00:00,5,21,12.99,0.0,-0.0,0.0,1.45,77.5
2007-05-21 22:00:00,5,22,11.93,0.0,-0.0,0.0,1.38,80.2
2007-05-21 23:00:00,5,23,11.33,0.0,-0.0,0.0,1.38,86.1
2007-05-22 00:00:00,5,0,10.94,0.0,-0.0,0.0,1.31,83.05
2007-05-22 01:00:00,5,1,10.58,0.0,-0.0,0.0,1.31,86.05
2007-05-22 02:00:00,5,2,10.35,5.0,0.0,5.0,1.24,86.0
2007-05-22 03:00:00,5,3,12.67,214.0,370.4,107.0,0.97,83.25
2007-05-22 04:00:00,5,4,17.29,418.0,576.7,145.0,0.62,75.3
2007-05-22 05:00:00,5,5,20.56,620.0,710.18,165.0,0.21,51.65
2007-05-22 06:00:00,5,6,22.0,782.0,767.3,184.0,0.34,40.5
2007-05-22 07:00:00,5,7,23.07,894.0,787.52,201.0,1.03,39.3
2007-05-22 08:00:00,5,8,23.95,962.0,806.91,207.0,1.59,39.45
2007-05-22 09:00:00,5,9,24.64,970.0,809.43,207.0,2.14,38.3
2007-05-22 10:00:00,5,10,25.07,913.0,782.97,208.0,2.41,39.85
2007-05-22 11:00:00,5,11,25.22,806.0,748.88,198.0,2.55,41.25
2007-05-22 12:00:00,5,12,25.14,661.0,710.04,176.0,2.55,41.25
2007-05-22 13:00:00,5,13,24.79,475.0,619.81,151.0,2.48,42.65
2007-05-22 14:00:00,5,14,24.16,270.0,444.66,118.0,2.07,45.6
2007-05-22 15:00:00,5,15,22.92,92.0,242.33,55.0,1.24,54.0
2007-05-22 16:00:00,5,16,22.56,0.0,-0.0,0.0,0.34,48.55
2007-05-22 17:00:00,5,17,21.16,0.0,-0.0,0.0,1.03,55.55
2007-05-22 18:00:00,5,18,18.0,0.0,-0.0,0.0,1.66,67.95
2007-05-22 19:00:00,5,19,16.91,0.0,-0.0,0.0,1.59,70.2
2007-05-22 20:00:00,5,20,15.73,0.0,-0.0,0.0,1.38,75.15
2007-05-22 21:00:00,5,21,14.16,0.0,-0.0,0.0,1.38,83.4
2007-05-22 22:00:00,5,22,13.39,0.0,-0.0,0.0,1.38,83.35
2007-05-22 23:00:00,5,23,12.76,0.0,-0.0,0.0,1.31,89.4
2007-05-23 00:00:00,5,0,12.5,0.0,-0.0,0.0,1.24,86.25
2007-05-23 01:00:00,5,1,12.05,0.0,-0.0,0.0,1.17,86.2
2007-05-23 02:00:00,5,2,11.85,5.0,0.0,5.0,1.1,89.3
2007-05-23 03:00:00,5,3,14.27,216.0,385.46,104.0,0.83,83.4
2007-05-23 04:00:00,5,4,18.45,412.0,558.07,147.0,0.34,72.95
2007-05-23 05:00:00,5,5,21.22,607.0,683.84,168.0,0.34,57.55
2007-05-23 06:00:00,5,6,22.65,766.0,740.54,188.0,0.69,50.3
2007-05-23 07:00:00,5,7,23.93,877.0,760.46,207.0,1.24,48.8
2007-05-23 08:00:00,5,8,24.89,949.0,791.05,208.0,1.72,47.4
2007-05-23 09:00:00,5,9,25.6,957.0,792.58,209.0,2.14,44.45
2007-05-23 10:00:00,5,10,26.08,901.0,766.37,210.0,2.48,44.55
2007-05-23 11:00:00,5,11,26.2,799.0,741.44,196.0,2.62,44.55
2007-05-23 12:00:00,5,12,26.13,644.0,674.78,182.0,2.69,44.55
2007-05-23 13:00:00,5,13,25.5,0.0,0.0,0.0,2.55,47.5
2007-05-23 14:00:00,5,14,24.69,265.0,418.69,121.0,1.79,50.8
2007-05-23 15:00:00,5,15,23.63,91.0,219.33,57.0,1.17,56.15
2007-05-23 16:00:00,5,16,22.73,0.0,-0.0,0.0,0.55,59.95
2007-05-23 17:00:00,5,17,22.65,0.0,-0.0,0.0,0.28,57.9
2007-05-23 18:00:00,5,18,22.25,0.0,-0.0,0.0,0.69,59.8
2007-05-23 19:00:00,5,19,21.16,0.0,-0.0,0.0,1.03,63.9
2007-05-23 20:00:00,5,20,20.08,0.0,-0.0,0.0,1.17,68.3
2007-05-23 21:00:00,5,21,19.76,0.0,-0.0,0.0,1.1,70.65
2007-05-23 22:00:00,5,22,18.98,0.0,-0.0,0.0,1.1,70.55
2007-05-23 23:00:00,5,23,17.77,0.0,-0.0,0.0,1.1,78.1
2007-05-24 00:00:00,5,0,16.11,0.0,-0.0,0.0,1.1,80.75
2007-05-24 01:00:00,5,1,14.4,0.0,-0.0,0.0,1.1,86.45
2007-05-24 02:00:00,5,2,13.51,5.0,0.0,5.0,1.1,89.45
2007-05-24 03:00:00,5,3,15.58,160.0,126.64,123.0,0.83,86.5
2007-05-24 04:00:00,5,4,20.19,364.0,365.37,190.0,0.34,73.2
2007-05-24 05:00:00,5,5,22.79,570.0,562.84,208.0,0.41,59.95
2007-05-24 06:00:00,5,6,24.21,715.0,597.5,248.0,0.83,52.5
2007-05-24 07:00:00,5,7,25.41,810.0,586.12,293.0,1.31,52.75
2007-05-24 08:00:00,5,8,26.39,881.0,623.84,296.0,1.52,49.45
2007-05-24 09:00:00,5,9,27.13,898.0,648.79,285.0,1.72,48.0
2007-05-24 10:00:00,5,10,27.82,841.0,613.62,287.0,1.93,49.7
2007-05-24 11:00:00,5,11,27.89,171.0,0.0,171.0,2.0,49.7
2007-05-24 12:00:00,5,12,27.7,447.0,174.86,327.0,2.48,51.45
2007-05-24 13:00:00,5,13,27.47,73.0,0.0,73.0,2.62,51.45
2007-05-24 14:00:00,5,14,26.66,174.0,83.82,145.0,1.45,54.95
2007-05-24 15:00:00,5,15,25.32,82.0,146.21,59.0,0.28,62.55
2007-05-24 16:00:00,5,16,23.74,0.0,-0.0,0.0,1.31,71.35
2007-05-24 17:00:00,5,17,22.32,0.0,-0.0,0.0,1.1,81.4
2007-05-24 18:00:00,5,18,22.13,0.0,-0.0,0.0,0.9,76.1
2007-05-24 19:00:00,5,19,22.95,0.0,-0.0,0.0,0.28,71.15
2007-05-24 20:00:00,5,20,22.28,0.0,-0.0,0.0,0.69,73.55
2007-05-24 21:00:00,5,21,20.34,0.0,-0.0,0.0,1.1,81.15
2007-05-24 22:00:00,5,22,18.13,0.0,-0.0,0.0,1.24,86.7
2007-05-24 23:00:00,5,23,16.71,0.0,-0.0,0.0,1.31,86.6
2007-05-25 00:00:00,5,0,15.57,0.0,-0.0,0.0,1.31,89.6
2007-05-25 01:00:00,5,1,14.95,0.0,-0.0,0.0,1.31,89.55
2007-05-25 02:00:00,5,2,14.59,5.0,0.0,5.0,1.24,89.5
2007-05-25 03:00:00,5,3,17.0,38.0,0.0,38.0,0.9,86.6
2007-05-25 04:00:00,5,4,22.06,128.0,0.0,128.0,0.34,76.1
2007-05-25 05:00:00,5,5,25.31,392.0,136.58,304.0,0.41,60.45
2007-05-25 06:00:00,5,6,26.75,616.0,350.11,342.0,0.62,58.8
2007-05-25 07:00:00,5,7,28.67,533.0,113.25,433.0,0.62,49.95
2007-05-25 08:00:00,5,8,29.79,560.0,104.4,462.0,0.9,46.9
2007-05-25 09:00:00,5,9,30.6,537.0,82.46,459.0,0.97,44.05
2007-05-25 10:00:00,5,10,30.95,339.0,6.64,333.0,0.83,44.05
2007-05-25 11:00:00,5,11,31.04,154.0,0.0,154.0,0.21,41.15
2007-05-25 12:00:00,5,12,31.31,243.0,5.82,239.0,1.38,41.3
2007-05-25 13:00:00,5,13,30.6,457.0,562.31,160.0,0.34,48.75
2007-05-25 14:00:00,5,14,29.25,254.0,353.44,131.0,0.69,51.8
2007-05-25 15:00:00,5,15,27.27,83.0,144.14,60.0,0.9,69.6
2007-05-25 16:00:00,5,16,25.19,0.0,-0.0,0.0,1.38,71.6
2007-05-25 17:00:00,5,17,25.37,0.0,-0.0,0.0,0.34,64.7
2007-05-25 18:00:00,5,18,22.65,0.0,-0.0,0.0,1.31,76.15
2007-05-25 19:00:00,5,19,19.47,0.0,-0.0,0.0,1.66,86.85
2007-05-25 20:00:00,5,20,18.37,0.0,-0.0,0.0,1.52,89.75
2007-05-25 21:00:00,5,21,17.46,0.0,-0.0,0.0,1.52,89.7
2007-05-25 22:00:00,5,22,16.78,0.0,-0.0,0.0,1.59,86.6
2007-05-25 23:00:00,5,23,16.23,0.0,-0.0,0.0,1.59,86.55
2007-05-26 00:00:00,5,0,15.75,0.0,-0.0,0.0,1.52,89.6
2007-05-26 01:00:00,5,1,15.42,0.0,-0.0,0.0,1.52,86.5
2007-05-26 02:00:00,5,2,15.27,54.0,149.71,38.0,1.45,86.5
2007-05-26 03:00:00,5,3,17.52,72.0,0.0,72.0,1.17,83.7
2007-05-26 04:00:00,5,4,22.64,307.0,190.07,216.0,0.76,68.75
2007-05-26 05:00:00,5,5,26.15,500.0,350.18,274.0,0.28,52.95
2007-05-26 06:00:00,5,6,28.13,679.0,493.89,292.0,0.21,44.95
2007-05-26 07:00:00,5,7,29.23,798.0,552.07,310.0,1.24,43.65
2007-05-26 08:00:00,5,8,30.13,872.0,600.23,308.0,1.66,42.45
2007-05-26 09:00:00,5,9,30.83,889.0,625.22,297.0,1.86,42.6
2007-05-26 10:00:00,5,10,31.45,846.0,624.22,281.0,1.86,41.3
2007-05-26 11:00:00,5,11,31.72,744.0,584.86,266.0,2.14,40.0
2007-05-26 12:00:00,5,12,31.65,115.0,0.0,115.0,2.41,41.4
2007-05-26 13:00:00,5,13,31.3,57.0,0.0,57.0,2.21,44.2
2007-05-26 14:00:00,5,14,30.43,184.0,100.0,149.0,1.59,50.3
2007-05-26 15:00:00,5,15,28.91,78.0,105.08,61.0,1.17,63.2
2007-05-26 16:00:00,5,16,28.6,0.0,-0.0,0.0,0.28,55.3
2007-05-26 17:00:00,5,17,26.32,0.0,-0.0,0.0,1.24,64.95
2007-05-26 18:00:00,5,18,24.84,0.0,-0.0,0.0,1.45,66.85
2007-05-26 19:00:00,5,19,23.63,0.0,-0.0,0.0,1.45,71.35
2007-05-26 20:00:00,5,20,23.04,0.0,-0.0,0.0,1.31,73.7
2007-05-26 21:00:00,5,21,22.13,0.0,-0.0,0.0,1.31,76.1
2007-05-26 22:00:00,5,22,21.01,0.0,-0.0,0.0,1.31,78.55
2007-05-26 23:00:00,5,23,20.0,0.0,-0.0,0.0,1.17,83.95
2007-05-27 00:00:00,5,0,19.05,0.0,-0.0,0.0,1.1,86.8
2007-05-27 01:00:00,5,1,18.56,0.0,-0.0,0.0,0.97,86.75
2007-05-27 02:00:00,5,2,18.84,5.0,0.0,5.0,0.83,86.75
2007-05-27 03:00:00,5,3,20.7,95.0,6.75,93.0,0.41,81.2
2007-05-27 04:00:00,5,4,23.78,330.0,252.13,209.0,0.34,73.75
2007-05-27 05:00:00,5,5,25.85,537.0,454.85,243.0,0.62,67.05
2007-05-27 06:00:00,5,6,27.24,702.0,560.89,262.0,0.97,63.0
2007-05-27 07:00:00,5,7,28.56,821.0,614.83,277.0,1.52,59.1
2007-05-27 08:00:00,5,8,29.4,892.0,654.96,276.0,2.14,59.2
2007-05-27 09:00:00,5,9,29.93,906.0,671.01,270.0,2.41,57.4
2007-05-27 10:00:00,5,10,30.26,863.0,670.91,255.0,2.48,57.5
2007-05-27 11:00:00,5,11,30.4,767.0,653.59,232.0,2.55,55.6
2007-05-27 12:00:00,5,12,30.4,627.0,613.79,203.0,2.9,53.8
2007-05-27 13:00:00,5,13,29.69,450.0,521.03,173.0,2.55,53.7
2007-05-27 14:00:00,5,14,29.02,214.0,181.85,150.0,1.79,55.3
2007-05-27 15:00:00,5,15,27.59,45.0,6.1,44.0,1.24,60.9
2007-05-27 16:00:00,5,16,26.93,0.0,-0.0,0.0,0.28,60.8
2007-05-27 17:00:00,5,17,24.07,0.0,-0.0,0.0,1.66,73.85
2007-05-27 18:00:00,5,18,22.74,0.0,-0.0,0.0,2.0,78.75
2007-05-27 19:00:00,5,19,22.17,0.0,-0.0,0.0,1.45,87.05
2007-05-27 20:00:00,5,20,21.68,0.0,-0.0,0.0,1.31,89.95
2007-05-27 21:00:00,5,21,21.26,0.0,-0.0,0.0,1.31,89.95
2007-05-27 22:00:00,5,22,20.83,0.0,-0.0,0.0,1.38,89.9
2007-05-27 23:00:00,5,23,20.7,0.0,-0.0,0.0,1.17,89.9
2007-05-28 00:00:00,5,0,20.17,0.0,-0.0,0.0,1.17,89.85
2007-05-28 01:00:00,5,1,19.69,0.0,-0.0,0.0,1.03,89.85
2007-05-28 02:00:00,5,2,19.29,5.0,0.0,5.0,0.97,89.8
2007-05-28 03:00:00,5,3,20.35,32.0,0.0,32.0,0.83,89.85
2007-05-28 04:00:00,5,4,23.61,298.0,168.41,217.0,0.55,76.3
2007-05-28 05:00:00,5,5,25.95,504.0,361.51,270.0,0.55,64.8
2007-05-28 06:00:00,5,6,27.49,672.0,478.8,296.0,1.03,58.9
2007-05-28 07:00:00,5,7,28.18,811.0,590.56,288.0,1.79,61.0
2007-05-28 08:00:00,5,8,29.1,873.0,606.58,302.0,2.07,57.3
2007-05-28 09:00:00,5,9,29.92,709.0,271.94,451.0,2.14,57.4
2007-05-28 10:00:00,5,10,30.2,759.0,425.45,373.0,2.07,55.6
2007-05-28 11:00:00,5,11,30.59,775.0,677.0,220.0,2.21,53.9
2007-05-28 12:00:00,5,12,30.28,128.0,0.0,128.0,1.93,55.6
2007-05-28 13:00:00,5,13,29.55,42.0,0.0,42.0,1.1,59.2
2007-05-28 14:00:00,5,14,28.68,25.0,0.0,25.0,0.9,65.3
2007-05-28 15:00:00,5,15,27.6,11.0,0.0,11.0,1.66,69.6
2007-05-28 16:00:00,5,16,26.12,0.0,-0.0,0.0,1.79,71.75
2007-05-28 17:00:00,5,17,24.54,0.0,-0.0,0.0,1.79,73.95
2007-05-28 18:00:00,5,18,23.24,0.0,-0.0,0.0,1.66,78.85
2007-05-28 19:00:00,5,19,22.17,0.0,-0.0,0.0,1.38,81.4
2007-05-28 20:00:00,5,20,21.19,0.0,-0.0,0.0,1.38,86.95
2007-05-28 21:00:00,5,21,20.54,0.0,-0.0,0.0,1.31,86.9
2007-05-28 22:00:00,5,22,19.9,0.0,-0.0,0.0,1.31,89.85
2007-05-28 23:00:00,5,23,19.58,0.0,-0.0,0.0,1.24,86.85
2007-05-29 00:00:00,5,0,19.53,0.0,-0.0,0.0,1.17,86.85
2007-05-29 01:00:00,5,1,19.3,0.0,-0.0,0.0,1.17,86.8
2007-05-29 02:00:00,5,2,19.45,5.0,0.0,5.0,1.03,86.8
2007-05-29 03:00:00,5,3,20.77,20.0,0.0,20.0,0.83,84.05
2007-05-29 04:00:00,5,4,23.65,197.0,22.82,186.0,0.69,73.75
2007-05-29 05:00:00,5,5,26.06,351.0,80.23,299.0,0.62,60.7
2007-05-29 06:00:00,5,6,26.88,507.0,160.29,381.0,0.55,60.8
2007-05-29 07:00:00,5,7,27.62,693.0,330.57,400.0,1.31,58.9
2007-05-29 08:00:00,5,8,28.32,815.0,471.27,371.0,1.38,59.0
2007-05-29 09:00:00,5,9,28.89,808.0,444.39,386.0,1.31,57.15
2007-05-29 10:00:00,5,10,29.82,695.0,302.76,420.0,1.66,53.7
2007-05-29 11:00:00,5,11,29.24,228.0,0.0,228.0,2.21,53.55
2007-05-29 12:00:00,5,12,29.39,488.0,240.75,321.0,2.28,53.55
2007-05-29 13:00:00,5,13,28.84,369.0,248.61,236.0,0.97,55.3
2007-05-29 14:00:00,5,14,28.29,69.0,0.0,69.0,1.38,57.05
2007-05-29 15:00:00,5,15,27.46,13.0,0.0,13.0,0.76,60.9
2007-05-29 16:00:00,5,16,27.07,0.0,-0.0,0.0,0.21,58.9
2007-05-29 17:00:00,5,17,24.98,0.0,-0.0,0.0,1.1,71.5
2007-05-29 18:00:00,5,18,23.77,0.0,-0.0,0.0,1.38,73.75
2007-05-29 19:00:00,5,19,22.66,0.0,-0.0,0.0,1.24,73.6
2007-05-29 20:00:00,5,20,21.69,0.0,-0.0,0.0,1.38,78.65
2007-05-29 21:00:00,5,21,20.47,0.0,-0.0,0.0,1.52,81.2
2007-05-29 22:00:00,5,22,19.24,0.0,-0.0,0.0,1.59,86.8
2007-05-29 23:00:00,5,23,18.68,0.0,-0.0,0.0,1.45,89.75
2007-05-30 00:00:00,5,0,18.42,0.0,-0.0,0.0,1.31,92.85
2007-05-30 01:00:00,5,1,18.05,0.0,-0.0,0.0,1.45,89.75
2007-05-30 02:00:00,5,2,17.85,5.0,0.0,5.0,1.52,89.7
2007-05-30 03:00:00,5,3,19.97,20.0,0.0,20.0,1.31,83.95
2007-05-30 04:00:00,5,4,23.35,103.0,0.0,103.0,1.1,71.25
2007-05-30 05:00:00,5,5,25.63,398.0,138.69,308.0,1.17,56.6
2007-05-30 06:00:00,5,6,26.63,668.0,457.55,308.0,1.1,53.1
2007-05-30 07:00:00,5,7,27.51,737.0,409.22,374.0,0.83,53.2
2007-05-30 08:00:00,5,8,28.41,901.0,660.75,278.0,0.76,49.8
2007-05-30 09:00:00,5,9,28.91,603.0,135.72,474.0,1.1,48.25
2007-05-30 10:00:00,5,10,29.04,113.0,0.0,113.0,1.59,46.75
2007-05-30 11:00:00,5,11,29.23,80.0,0.0,80.0,1.17,45.2
2007-05-30 12:00:00,5,12,28.4,129.0,0.0,129.0,1.79,48.15
2007-05-30 13:00:00,5,13,27.11,346.0,186.37,246.0,2.48,51.45
2007-05-30 14:00:00,5,14,25.08,219.0,181.79,154.0,2.76,58.45
2007-05-30 15:00:00,5,15,24.04,49.0,11.75,47.0,2.0,62.35
2007-05-30 16:00:00,5,16,23.35,0.0,-0.0,0.0,2.14,64.3
2007-05-30 17:00:00,5,17,22.38,0.0,-0.0,0.0,2.14,68.7
2007-05-30 18:00:00,5,18,21.35,0.0,-0.0,0.0,2.0,73.35
2007-05-30 19:00:00,5,19,20.28,0.0,-0.0,0.0,1.79,81.15
2007-05-30 20:00:00,5,20,19.02,0.0,-0.0,0.0,1.72,83.85
2007-05-30 21:00:00,5,21,18.5,0.0,-0.0,0.0,1.52,86.75
2007-05-30 22:00:00,5,22,18.26,0.0,-0.0,0.0,1.38,86.7
2007-05-30 23:00:00,5,23,17.85,0.0,-0.0,0.0,1.45,86.65
2007-05-31 00:00:00,5,0,17.71,0.0,-0.0,0.0,1.38,83.7
2007-05-31 01:00:00,5,1,17.45,0.0,-0.0,0.0,1.38,83.7
2007-05-31 02:00:00,5,2,17.42,5.0,0.0,5.0,1.31,83.65
2007-05-31 03:00:00,5,3,19.05,20.0,0.0,20.0,1.1,81.05
2007-05-31 04:00:00,5,4,22.66,37.0,0.0,37.0,0.9,68.75
2007-05-31 05:00:00,5,5,24.97,115.0,0.0,115.0,0.69,56.35
2007-05-31 06:00:00,5,6,26.49,489.0,133.34,384.0,0.28,47.75
2007-05-31 07:00:00,5,7,27.46,785.0,513.69,329.0,0.83,43.3
2007-05-31 08:00:00,5,8,28.16,770.0,375.17,416.0,1.17,41.95
2007-05-31 09:00:00,5,9,28.58,853.0,528.77,350.0,1.24,40.65
2007-05-31 10:00:00,5,10,29.22,808.0,518.54,336.0,1.66,39.35
2007-05-31 11:00:00,5,11,28.69,700.0,456.69,324.0,1.79,40.65
2007-05-31 12:00:00,5,12,28.84,637.0,621.76,204.0,1.79,40.65
2007-05-31 13:00:00,5,13,28.08,447.0,481.28,188.0,1.17,40.5
2007-05-31 14:00:00,5,14,27.36,125.0,11.13,121.0,1.1,43.3
2007-05-31 15:00:00,5,15,26.04,73.0,63.89,62.0,1.38,51.2
2007-05-31 16:00:00,5,16,19.01,0.0,-0.0,0.0,1.86,74.18
2007-05-31 17:00:00,5,17,19.28,0.0,-0.0,0.0,1.78,74.27
2007-05-31 18:00:00,5,18,19.54,0.0,-0.0,0.0,1.69,74.36
2007-05-31 19:00:00,5,19,19.81,0.0,-0.0,0.0,1.6,74.45
2007-05-31 20:00:00,5,20,20.07,0.0,-0.0,0.0,1.52,74.55
2007-05-31 21:00:00,5,21,20.34,0.0,-0.0,0.0,1.43,74.64
2007-05-31 22:00:00,5,22,20.6,0.0,-0.0,0.0,1.35,74.73
2007-05-31 23:00:00,5,23,20.87,0.0,-0.0,0.0,1.26,74.82
2014-06-01 00:00:00,6,0,21.13,0.0,-0.0,0.0,1.17,74.91
2014-06-01 01:00:00,6,1,21.39,0.0,-0.0,0.0,1.09,75.01
2014-06-01 02:00:00,6,2,21.66,5.0,0.0,5.0,1.0,75.1
2014-06-01 03:00:00,6,3,21.92,69.0,0.0,69.0,0.91,75.19
2014-06-01 04:00:00,6,4,22.19,261.0,94.95,215.0,0.83,75.28
2014-06-01 05:00:00,6,5,22.45,429.0,192.22,304.0,0.74,75.38
2014-06-01 06:00:00,6,6,22.72,616.0,347.7,342.0,0.65,75.47
2014-06-01 07:00:00,6,7,22.98,823.0,622.54,270.0,0.57,75.56
2014-06-01 08:00:00,6,8,27.44,871.0,604.73,300.0,1.72,58.9
2014-06-01 09:00:00,6,9,28.11,914.0,693.26,254.0,2.34,59.0
2014-06-01 10:00:00,6,10,28.38,342.0,6.58,336.0,2.83,57.15
2014-06-01 11:00:00,6,11,28.02,790.0,716.86,199.0,3.1,59.0
2014-06-01 12:00:00,6,12,27.73,610.0,546.06,229.0,2.69,59.0
2014-06-01 13:00:00,6,13,27.46,446.0,487.32,183.0,2.97,60.9
2014-06-01 14:00:00,6,14,25.2,30.0,0.0,30.0,2.21,71.6
2014-06-01 15:00:00,6,15,24.98,10.0,0.0,10.0,1.38,73.95
2014-06-01 16:00:00,6,16,24.43,0.0,-0.0,0.0,1.03,73.85
2014-06-01 17:00:00,6,17,23.3,0.0,-0.0,0.0,1.17,78.85
2014-06-01 18:00:00,6,18,22.21,0.0,-0.0,0.0,1.38,81.4
2014-06-01 19:00:00,6,19,20.54,0.0,-0.0,0.0,0.97,92.95
2014-06-01 20:00:00,6,20,20.38,0.0,-0.0,0.0,0.69,89.85
2014-06-01 21:00:00,6,21,20.11,0.0,-0.0,0.0,0.76,86.85
2014-06-01 22:00:00,6,22,19.47,0.0,-0.0,0.0,0.97,89.85
2014-06-01 23:00:00,6,23,20.05,0.0,-0.0,0.0,0.55,89.85
2014-06-02 00:00:00,6,0,20.05,0.0,-0.0,0.0,0.48,89.85
2014-06-02 01:00:00,6,1,18.89,0.0,-0.0,0.0,1.03,92.9
2014-06-02 02:00:00,6,2,18.66,6.0,0.0,6.0,1.03,92.9
2014-06-02 03:00:00,6,3,19.64,175.0,155.29,128.0,1.03,92.95
2014-06-02 04:00:00,6,4,19.91,409.0,519.43,157.0,1.03,89.85
2014-06-02 05:00:00,6,5,21.11,607.0,674.47,168.0,1.31,81.3
2014-06-02 06:00:00,6,6,22.03,774.0,757.06,177.0,1.59,78.65
2014-06-02 07:00:00,6,7,23.06,889.0,786.42,190.0,2.0,73.6
2014-06-02 08:00:00,6,8,23.86,956.0,806.49,194.0,2.62,71.35
2014-06-02 09:00:00,6,9,24.99,869.0,568.87,327.0,2.97,66.85
2014-06-02 10:00:00,6,10,25.26,350.0,7.67,343.0,3.24,62.55
2014-06-02 11:00:00,6,11,25.11,85.0,0.0,85.0,2.83,62.45
2014-06-02 12:00:00,6,12,24.61,59.0,0.0,59.0,1.79,64.5
2014-06-02 13:00:00,6,13,22.32,441.0,452.7,196.0,0.9,73.55
2014-06-02 14:00:00,6,14,21.75,113.0,5.51,111.0,1.17,76.0
2014-06-02 15:00:00,6,15,21.85,23.0,0.0,23.0,1.03,76.0
2014-06-02 16:00:00,6,16,21.49,0.0,-0.0,0.0,0.9,75.95
2014-06-02 17:00:00,6,17,20.61,0.0,-0.0,0.0,0.41,75.85
2014-06-02 18:00:00,6,18,19.69,0.0,-0.0,0.0,1.52,75.75
2014-06-02 19:00:00,6,19,18.27,0.0,-0.0,0.0,1.52,86.75
2014-06-02 20:00:00,6,20,17.84,0.0,-0.0,0.0,1.24,89.75
2014-06-02 21:00:00,6,21,17.47,0.0,-0.0,0.0,0.9,92.85
2014-06-02 22:00:00,6,22,18.0,0.0,-0.0,0.0,0.55,86.7
2014-06-02 23:00:00,6,23,17.94,0.0,-0.0,0.0,0.69,83.75
2014-06-03 00:00:00,6,0,17.19,0.0,-0.0,0.0,0.9,83.7
2014-06-03 01:00:00,6,1,17.34,0.0,-0.0,0.0,0.9,86.65
2014-06-03 02:00:00,6,2,16.67,6.0,0.0,6.0,1.03,86.6
2014-06-03 03:00:00,6,3,17.94,90.0,3.3,89.0,0.14,86.7
2014-06-03 04:00:00,6,4,18.89,230.0,49.41,206.0,0.9,83.85
2014-06-03 05:00:00,6,5,19.87,474.0,276.33,294.0,1.66,70.7
2014-06-03 06:00:00,6,6,20.21,662.0,441.03,314.0,2.55,68.3
2014-06-03 07:00:00,6,7,20.6,795.0,534.1,320.0,1.93,68.3
2014-06-03 08:00:00,6,8,21.67,672.0,218.95,465.0,1.86,61.85
2014-06-03 09:00:00,6,9,21.71,868.0,560.07,334.0,2.07,61.85
2014-06-03 10:00:00,6,10,22.17,873.0,675.86,256.0,2.14,59.8
2014-06-03 11:00:00,6,11,22.23,767.0,624.28,251.0,2.0,59.8
2014-06-03 12:00:00,6,12,22.48,614.0,538.37,237.0,1.93,57.75
2014-06-03 13:00:00,6,13,22.72,446.0,464.38,194.0,1.86,55.9
2014-06-03 14:00:00,6,14,22.48,171.0,57.62,150.0,1.45,57.75
2014-06-03 15:00:00,6,15,21.94,64.0,28.12,59.0,0.41,59.7
2014-06-03 16:00:00,6,16,20.8,0.0,-0.0,0.0,0.69,68.4
2014-06-03 17:00:00,6,17,19.37,0.0,-0.0,0.0,1.52,70.65
2014-06-03 18:00:00,6,18,18.51,0.0,-0.0,0.0,0.83,81.0
2014-06-03 19:00:00,6,19,18.41,0.0,-0.0,0.0,1.52,83.8
2014-06-03 20:00:00,6,20,18.32,0.0,-0.0,0.0,2.14,81.0
2014-06-03 21:00:00,6,21,17.34,0.0,-0.0,0.0,2.0,83.7
2014-06-03 22:00:00,6,22,16.42,0.0,-0.0,0.0,1.59,86.55
2014-06-03 23:00:00,6,23,15.89,0.0,-0.0,0.0,0.97,86.5
2014-06-04 00:00:00,6,0,16.45,0.0,-0.0,0.0,0.34,77.95
2014-06-04 01:00:00,6,1,16.69,0.0,-0.0,0.0,0.28,72.7
2014-06-04 02:00:00,6,2,16.58,6.0,0.0,6.0,0.28,72.7
2014-06-04 03:00:00,6,3,16.1,21.0,0.0,21.0,1.17,83.6
2014-06-04 04:00:00,6,4,16.28,38.0,0.0,38.0,0.97,83.6
2014-06-04 05:00:00,6,5,16.83,55.0,0.0,55.0,0.9,78.0
2014-06-04 06:00:00,6,6,17.04,86.0,0.0,86.0,0.9,78.0
2014-06-04 07:00:00,6,7,18.09,183.0,0.0,183.0,0.48,72.95
2014-06-04 08:00:00,6,8,18.8,781.0,392.2,410.0,0.69,70.55
2014-06-04 09:00:00,6,9,19.21,595.0,124.72,476.0,0.97,68.2
2014-06-04 10:00:00,6,10,19.71,574.0,131.33,454.0,1.31,63.7
2014-06-04 11:00:00,6,11,20.16,334.0,12.08,324.0,1.52,63.7
2014-06-04 12:00:00,6,12,20.46,183.0,0.0,183.0,1.52,63.7
2014-06-04 13:00:00,6,13,20.61,142.0,0.0,142.0,1.38,61.6
2014-06-04 14:00:00,6,14,21.02,54.0,0.0,54.0,1.38,59.5
2014-06-04 15:00:00,6,15,20.54,15.0,0.0,15.0,1.31,63.7
2014-06-04 16:00:00,6,16,19.34,0.0,-0.0,0.0,1.66,65.85
2014-06-04 17:00:00,6,17,17.45,0.0,-0.0,0.0,1.79,72.8
2014-06-04 18:00:00,6,18,16.36,0.0,-0.0,0.0,1.72,77.95
2014-06-04 19:00:00,6,19,15.67,0.0,-0.0,0.0,1.79,77.85
2014-06-04 20:00:00,6,20,14.91,0.0,-0.0,0.0,1.72,80.55
2014-06-04 21:00:00,6,21,14.58,0.0,-0.0,0.0,1.66,80.55
2014-06-04 22:00:00,6,22,13.98,0.0,-0.0,0.0,1.72,83.35
2014-06-04 23:00:00,6,23,13.54,0.0,-0.0,0.0,1.72,83.35
2014-06-05 00:00:00,6,0,13.38,0.0,-0.0,0.0,1.66,83.25
2014-06-05 01:00:00,6,1,13.3,0.0,-0.0,0.0,1.66,83.25
2014-06-05 02:00:00,6,2,12.6,6.0,0.0,6.0,1.66,83.25
2014-06-05 03:00:00,6,3,14.32,159.0,95.19,130.0,1.45,83.4
2014-06-05 04:00:00,6,4,19.1,397.0,447.87,179.0,1.1,61.4
2014-06-05 05:00:00,6,5,21.71,597.0,613.26,197.0,0.9,50.05
2014-06-05 06:00:00,6,6,23.25,760.0,693.8,212.0,0.21,42.25
2014-06-05 07:00:00,6,7,24.36,882.0,743.66,220.0,0.28,39.55
2014-06-05 08:00:00,6,8,25.4,959.0,791.4,210.0,0.14,35.8
2014-06-05 09:00:00,6,9,26.19,974.0,806.52,204.0,0.55,32.35
2014-06-05 10:00:00,6,10,26.77,930.0,803.71,195.0,1.31,32.5
2014-06-05 11:00:00,6,11,27.2,817.0,748.3,197.0,2.0,32.65
2014-06-05 12:00:00,6,12,27.28,636.0,583.49,226.0,2.28,33.8
2014-06-05 13:00:00,6,13,26.94,428.0,377.66,222.0,2.41,34.9
2014-06-05 14:00:00,6,14,26.28,308.0,530.4,113.0,2.07,36.05
2014-06-05 15:00:00,6,15,25.19,44.0,0.0,44.0,1.17,42.75
2014-06-05 16:00:00,6,16,23.54,0.0,-0.0,0.0,0.83,54.1
2014-06-05 17:00:00,6,17,24.04,0.0,-0.0,0.0,0.28,40.9
2014-06-05 18:00:00,6,18,23.13,0.0,-0.0,0.0,0.97,42.1
2014-06-05 19:00:00,6,19,19.19,0.0,-0.0,0.0,1.79,55.2
2014-06-05 20:00:00,6,20,17.58,0.0,-0.0,0.0,1.93,61.05
2014-06-05 21:00:00,6,21,16.87,0.0,-0.0,0.0,1.66,67.75
2014-06-05 22:00:00,6,22,16.22,0.0,-0.0,0.0,1.52,70.1
2014-06-05 23:00:00,6,23,15.76,0.0,-0.0,0.0,1.45,75.15
2014-06-06 00:00:00,6,0,15.66,0.0,-0.0,0.0,1.24,72.55
2014-06-06 01:00:00,6,1,15.02,0.0,-0.0,0.0,1.17,77.75
2014-06-06 02:00:00,6,2,14.93,6.0,0.0,6.0,1.03,77.75
2014-06-06 03:00:00,6,3,16.99,140.0,58.99,122.0,0.76,75.3
2014-06-06 04:00:00,6,4,20.69,365.0,336.66,201.0,0.34,63.8
2014-06-06 05:00:00,6,5,22.97,553.0,478.1,241.0,0.48,46.85
2014-06-06 06:00:00,6,6,24.27,740.0,644.16,231.0,1.1,38.15
2014-06-06 07:00:00,6,7,24.94,868.0,718.65,228.0,1.86,39.7
2014-06-06 08:00:00,6,8,25.5,928.0,722.37,244.0,2.34,39.85
2014-06-06 09:00:00,6,9,26.34,943.0,739.03,237.0,2.55,40.1
2014-06-06 10:00:00,6,10,26.63,886.0,698.16,247.0,2.69,41.55
2014-06-06 11:00:00,6,11,26.36,782.0,655.83,238.0,2.76,43.05
2014-06-06 12:00:00,6,12,26.61,627.0,564.07,230.0,2.83,44.55
2014-06-06 13:00:00,6,13,26.01,310.0,107.9,251.0,2.48,46.0
2014-06-06 14:00:00,6,14,25.73,89.0,0.0,89.0,1.66,46.0
2014-06-06 15:00:00,6,15,25.18,119.0,289.61,66.0,0.21,47.5
2014-06-06 16:00:00,6,16,24.88,0.0,0.0,0.0,0.48,49.05
2014-06-06 17:00:00,6,17,23.59,0.0,-0.0,0.0,0.83,54.1
2014-06-06 18:00:00,6,18,21.87,0.0,-0.0,0.0,1.24,59.7
2014-06-06 19:00:00,6,19,20.24,0.0,-0.0,0.0,1.45,65.95
2014-06-06 20:00:00,6,20,18.74,0.0,-0.0,0.0,1.59,70.55
2014-06-06 21:00:00,6,21,17.22,0.0,-0.0,0.0,1.59,78.1
2014-06-06 22:00:00,6,22,16.35,0.0,-0.0,0.0,1.38,83.6
2014-06-06 23:00:00,6,23,15.96,0.0,-0.0,0.0,1.24,86.5
2014-06-07 00:00:00,6,0,15.42,0.0,-0.0,0.0,1.24,86.5
2014-06-07 01:00:00,6,1,14.41,0.0,-0.0,0.0,1.31,89.5
2014-06-07 02:00:00,6,2,14.3,6.0,0.0,6.0,1.31,89.5
2014-06-07 03:00:00,6,3,16.14,131.0,39.27,119.0,1.03,83.6
2014-06-07 04:00:00,6,4,20.25,367.0,332.33,205.0,0.69,68.3
2014-06-07 05:00:00,6,5,22.62,562.0,490.16,242.0,0.21,55.9
2014-06-07 06:00:00,6,6,24.26,730.0,597.14,258.0,0.55,48.95
2014-06-07 07:00:00,6,7,25.67,860.0,675.75,258.0,1.1,38.55
2014-06-07 08:00:00,6,8,26.72,941.0,735.79,244.0,1.31,36.2
2014-06-07 09:00:00,6,9,27.61,956.0,752.21,237.0,1.66,36.3
2014-06-07 10:00:00,6,10,28.11,904.0,725.99,239.0,1.93,36.45
2014-06-07 11:00:00,6,11,28.48,799.0,682.81,232.0,2.21,35.3
2014-06-07 12:00:00,6,12,28.61,644.0,598.65,222.0,2.28,36.6
2014-06-07 13:00:00,6,13,28.44,472.0,521.8,186.0,2.28,37.9
2014-06-07 14:00:00,6,14,27.91,264.0,302.18,152.0,2.34,40.5
2014-06-07 15:00:00,6,15,26.95,91.0,102.91,72.0,1.86,44.7
2014-06-07 16:00:00,6,16,25.37,0.0,0.0,0.0,1.31,52.75
2014-06-07 17:00:00,6,17,25.52,0.0,-0.0,0.0,0.41,47.5
2014-06-07 18:00:00,6,18,22.13,0.0,-0.0,0.0,1.66,61.95
2014-06-07 19:00:00,6,19,20.61,0.0,-0.0,0.0,1.79,63.8
2014-06-07 20:00:00,6,20,19.04,0.0,-0.0,0.0,1.79,70.55
2014-06-07 21:00:00,6,21,17.58,0.0,-0.0,0.0,1.66,75.45
2014-06-07 22:00:00,6,22,16.57,0.0,-0.0,0.0,1.52,80.8
2014-06-07 23:00:00,6,23,15.94,0.0,-0.0,0.0,1.45,86.5
2014-06-08 00:00:00,6,0,15.68,0.0,-0.0,0.0,1.38,86.5
2014-06-08 01:00:00,6,1,15.68,0.0,-0.0,0.0,1.31,83.55
2014-06-08 02:00:00,6,2,15.75,6.0,0.0,6.0,1.24,83.55
2014-06-08 03:00:00,6,3,17.9,184.0,173.26,131.0,0.97,78.15
2014-06-08 04:00:00,6,4,22.26,414.0,516.7,162.0,0.69,66.35
2014-06-08 05:00:00,6,5,25.0,616.0,682.95,170.0,0.41,52.6
2014-06-08 06:00:00,6,6,26.56,779.0,753.81,183.0,0.21,46.15
2014-06-08 07:00:00,6,7,27.16,894.0,782.15,197.0,0.76,46.25
2014-06-08 08:00:00,6,8,28.27,946.0,757.66,228.0,1.17,42.05
2014-06-08 09:00:00,6,9,29.09,950.0,745.53,237.0,0.97,40.75
2014-06-08 10:00:00,6,10,29.41,903.0,733.09,231.0,1.52,38.15
2014-06-08 11:00:00,6,11,29.75,790.0,662.84,239.0,2.0,36.95
2014-06-08 12:00:00,6,12,30.33,641.0,592.08,223.0,2.55,34.6
2014-06-08 13:00:00,6,13,29.85,474.0,535.17,180.0,2.62,36.95
2014-06-08 14:00:00,6,14,29.24,271.0,335.96,146.0,2.07,38.15
2014-06-08 15:00:00,6,15,28.3,106.0,182.62,72.0,1.31,43.55
2014-06-08 16:00:00,6,16,26.52,0.0,0.0,0.0,1.31,51.2
2014-06-08 17:00:00,6,17,23.99,0.0,-0.0,0.0,1.86,58.1
2014-06-08 18:00:00,6,18,22.19,0.0,-0.0,0.0,2.0,64.1
2014-06-08 19:00:00,6,19,20.81,0.0,-0.0,0.0,1.86,66.05
2014-06-08 20:00:00,6,20,19.5,0.0,-0.0,0.0,1.72,73.15
2014-06-08 21:00:00,6,21,19.03,0.0,-0.0,0.0,1.38,75.65
2014-06-08 22:00:00,6,22,19.31,0.0,-0.0,0.0,1.03,70.65
2014-06-08 23:00:00,6,23,19.2,0.0,-0.0,0.0,0.9,70.65
2014-06-09 00:00:00,6,0,18.89,0.0,-0.0,0.0,0.9,73.05
2014-06-09 01:00:00,6,1,18.79,0.0,-0.0,0.0,0.83,73.05
2014-06-09 02:00:00,6,2,18.93,6.0,0.0,6.0,0.69,73.05
2014-06-09 03:00:00,6,3,20.02,162.0,104.52,130.0,0.34,70.7
2014-06-09 04:00:00,6,4,22.27,389.0,420.17,184.0,0.28,66.35
2014-06-09 05:00:00,6,5,24.24,587.0,590.94,201.0,0.9,60.25
2014-06-09 06:00:00,6,6,25.69,757.0,696.76,206.0,1.17,52.85
2014-06-09 07:00:00,6,7,27.08,878.0,746.05,213.0,1.59,49.55
2014-06-09 08:00:00,6,8,28.15,950.0,779.54,211.0,1.59,48.15
2014-06-09 09:00:00,6,9,29.19,965.0,795.32,204.0,1.66,43.8
2014-06-09 10:00:00,6,10,29.62,928.0,803.43,191.0,1.86,43.8
2014-06-09 11:00:00,6,11,30.04,816.0,749.9,192.0,2.0,43.95
2014-06-09 12:00:00,6,12,30.11,663.0,673.25,187.0,2.41,43.95
2014-06-09 13:00:00,6,13,29.67,493.0,617.53,153.0,2.41,43.8
2014-06-09 14:00:00,6,14,28.96,293.0,441.84,128.0,1.72,45.2
2014-06-09 15:00:00,6,15,28.01,105.0,170.5,73.0,0.55,49.8
2014-06-09 16:00:00,6,16,27.19,0.0,0.0,0.0,0.48,53.2
2014-06-09 17:00:00,6,17,24.59,0.0,-0.0,0.0,1.17,64.5
2014-06-09 18:00:00,6,18,22.16,0.0,-0.0,0.0,1.79,73.55
2014-06-09 19:00:00,6,19,21.7,0.0,-0.0,0.0,1.38,71.0
2014-06-09 20:00:00,6,20,21.13,0.0,-0.0,0.0,1.31,70.9
2014-06-09 21:00:00,6,21,19.58,0.0,-0.0,0.0,1.38,78.35
2014-06-09 22:00:00,6,22,18.96,0.0,-0.0,0.0,1.24,78.3
2014-06-09 23:00:00,6,23,18.87,0.0,-0.0,0.0,1.03,78.3
2014-06-10 00:00:00,6,0,18.83,0.0,-0.0,0.0,0.9,78.3
2014-06-10 01:00:00,6,1,18.49,0.0,-0.0,0.0,0.9,78.25
2014-06-10 02:00:00,6,2,18.37,6.0,0.0,6.0,0.83,78.25
2014-06-10 03:00:00,6,3,20.02,187.0,189.32,129.0,0.41,73.2
2014-06-10 04:00:00,6,4,22.89,414.0,526.63,157.0,0.07,66.45
2014-06-10 05:00:00,6,5,24.98,609.0,670.46,171.0,0.76,56.35
2014-06-10 06:00:00,6,6,26.52,758.0,706.78,199.0,1.31,51.2
2014-06-10 07:00:00,6,7,27.64,885.0,770.58,198.0,2.0,46.4
2014-06-10 08:00:00,6,8,28.78,958.0,800.39,199.0,2.41,42.2
2014-06-10 09:00:00,6,9,29.42,968.0,803.31,199.0,2.48,40.9
2014-06-10 10:00:00,6,10,29.91,920.0,788.72,196.0,2.62,39.65
2014-06-10 11:00:00,6,11,30.3,845.0,821.21,161.0,2.69,38.4
2014-06-10 12:00:00,6,12,30.34,647.0,620.04,208.0,2.62,38.4
2014-06-10 13:00:00,6,13,30.11,487.0,592.66,160.0,2.9,38.3
2014-06-10 14:00:00,6,14,29.28,49.0,0.0,49.0,1.72,39.5
2014-06-10 15:00:00,6,15,28.6,69.0,26.44,64.0,1.38,43.55
2014-06-10 16:00:00,6,16,27.0,0.0,0.0,0.0,1.38,47.9
2014-06-10 17:00:00,6,17,26.23,0.0,-0.0,0.0,0.9,49.45
2014-06-10 18:00:00,6,18,23.29,0.0,-0.0,0.0,1.72,62.15
2014-06-10 19:00:00,6,19,23.03,0.0,-0.0,0.0,1.31,59.95
2014-06-10 20:00:00,6,20,23.02,0.0,-0.0,0.0,1.1,57.9
2014-06-10 21:00:00,6,21,20.94,0.0,-0.0,0.0,1.38,68.4
2014-06-10 22:00:00,6,22,20.22,0.0,-0.0,0.0,1.31,70.7
2014-06-10 23:00:00,6,23,18.92,0.0,-0.0,0.0,1.52,78.3
2014-06-11 00:00:00,6,0,19.36,0.0,-0.0,0.0,0.97,73.15
2014-06-11 01:00:00,6,1,18.69,0.0,-0.0,0.0,0.9,78.3
2014-06-11 02:00:00,6,2,18.6,6.0,0.0,6.0,0.9,75.65
2014-06-11 03:00:00,6,3,20.35,141.0,58.73,123.0,0.34,75.75
2014-06-11 04:00:00,6,4,22.57,360.0,323.74,202.0,0.48,66.35
2014-06-11 05:00:00,6,5,23.91,534.0,427.06,255.0,1.1,60.15
2014-06-11 06:00:00,6,6,25.08,718.0,589.15,252.0,1.59,54.45
2014-06-11 07:00:00,6,7,24.76,837.0,642.61,264.0,1.86,52.6
2014-06-11 08:00:00,6,8,25.24,897.0,647.31,283.0,2.07,49.2
2014-06-11 09:00:00,6,9,26.04,933.0,717.35,246.0,2.62,47.65
2014-06-11 10:00:00,6,10,26.62,897.0,732.7,224.0,2.9,44.55
2014-06-11 11:00:00,6,11,27.15,789.0,675.31,226.0,2.62,43.15
2014-06-11 12:00:00,6,12,27.45,541.0,327.23,309.0,2.41,40.35
2014-06-11 13:00:00,6,13,27.04,483.0,576.98,164.0,2.21,38.85
2014-06-11 14:00:00,6,14,26.59,293.0,433.47,130.0,1.45,38.7
2014-06-11 15:00:00,6,15,26.02,95.0,115.49,73.0,1.03,39.95
2014-06-11 16:00:00,6,16,24.69,0.0,0.0,0.0,0.76,52.6
2014-06-11 17:00:00,6,17,24.94,0.0,-0.0,0.0,0.28,41.15
2014-06-11 18:00:00,6,18,23.68,0.0,-0.0,0.0,1.03,45.5
2014-06-11 19:00:00,6,19,21.62,0.0,-0.0,0.0,1.24,55.65
2014-06-11 20:00:00,6,20,20.18,0.0,-0.0,0.0,1.45,63.7
2014-06-11 21:00:00,6,21,18.8,0.0,-0.0,0.0,1.59,70.55
2014-06-11 22:00:00,6,22,18.81,0.0,-0.0,0.0,1.24,70.55
2014-06-11 23:00:00,6,23,19.22,0.0,-0.0,0.0,1.03,68.2
2014-06-12 00:00:00,6,0,18.92,0.0,-0.0,0.0,1.03,70.55
2014-06-12 01:00:00,6,1,19.47,0.0,-0.0,0.0,0.83,68.2
2014-06-12 02:00:00,6,2,18.9,6.0,0.0,6.0,0.9,70.55
2014-06-12 03:00:00,6,3,19.35,141.0,58.73,123.0,0.55,70.65
2014-06-12 04:00:00,6,4,21.76,191.0,16.39,183.0,0.14,61.85
2014-06-12 05:00:00,6,5,23.44,586.0,595.46,197.0,0.9,54.1
2014-06-12 06:00:00,6,6,24.6,715.0,579.03,257.0,1.31,52.5
2014-06-12 07:00:00,6,7,24.94,564.0,139.05,440.0,1.17,52.6
2014-06-12 08:00:00,6,8,26.13,950.0,786.29,204.0,1.1,47.65
2014-06-12 09:00:00,6,9,27.22,960.0,789.08,204.0,1.31,41.8
2014-06-12 10:00:00,6,10,28.27,909.0,762.72,208.0,2.14,39.25
2014-06-12 11:00:00,6,11,28.35,693.0,421.85,341.0,2.62,39.25
2014-06-12 12:00:00,6,12,28.16,550.0,343.72,306.0,2.83,40.5
2014-06-12 13:00:00,6,13,27.55,204.0,9.03,199.0,2.34,41.8
2014-06-12 14:00:00,6,14,27.02,217.0,140.49,164.0,2.21,43.15
2014-06-12 15:00:00,6,15,26.28,105.0,161.61,74.0,1.93,44.55
2014-06-12 16:00:00,6,16,25.04,0.0,0.0,0.0,1.86,49.05
2014-06-12 17:00:00,6,17,23.48,0.0,-0.0,0.0,0.83,60.05
2014-06-12 18:00:00,6,18,21.63,0.0,-0.0,0.0,0.9,71.0
2014-06-12 19:00:00,6,19,20.0,0.0,-0.0,0.0,1.52,73.2
2014-06-12 20:00:00,6,20,18.86,0.0,-0.0,0.0,0.9,83.85
2014-06-12 21:00:00,6,21,18.22,0.0,-0.0,0.0,0.55,89.75
2014-06-12 22:00:00,6,22,17.83,0.0,-0.0,0.0,0.83,92.85
2014-06-12 23:00:00,6,23,18.21,0.0,-0.0,0.0,0.34,86.75
2014-06-13 00:00:00,6,0,17.98,0.0,-0.0,0.0,0.41,86.7
2014-06-13 01:00:00,6,1,16.93,0.0,-0.0,0.0,0.83,92.8
2014-06-13 02:00:00,6,2,16.73,60.0,123.85,45.0,1.03,92.8
2014-06-13 03:00:00,6,3,17.58,21.0,0.0,21.0,1.38,83.75
2014-06-13 04:00:00,6,4,17.03,65.0,0.0,65.0,1.66,86.6
2014-06-13 05:00:00,6,5,16.57,77.0,0.0,77.0,1.86,83.65
2014-06-13 06:00:00,6,6,16.64,246.0,1.26,245.0,2.07,80.8
2014-06-13 07:00:00,6,7,15.72,593.0,169.32,442.0,1.79,80.65
2014-06-13 08:00:00,6,8,17.37,976.0,836.72,182.0,1.31,70.3
2014-06-13 09:00:00,6,9,19.43,993.0,851.41,177.0,1.38,61.4
2014-06-13 10:00:00,6,10,21.22,945.0,837.33,175.0,1.66,53.6
2014-06-13 11:00:00,6,11,22.4,842.0,803.47,171.0,1.93,48.45
2014-06-13 12:00:00,6,12,22.92,674.0,699.25,177.0,1.86,45.25
2014-06-13 13:00:00,6,13,23.19,487.0,574.78,168.0,2.14,42.25
2014-06-13 14:00:00,6,14,22.89,317.0,533.81,115.0,2.62,40.6
2014-06-13 15:00:00,6,15,22.23,117.0,227.89,73.0,1.79,43.5
2014-06-13 16:00:00,6,16,20.83,0.0,0.0,0.0,0.83,57.45
2014-06-13 17:00:00,6,17,20.87,0.0,-0.0,0.0,0.28,46.35
2014-06-13 18:00:00,6,18,18.03,0.0,-0.0,0.0,1.52,61.05
2014-06-13 19:00:00,6,19,16.93,0.0,-0.0,0.0,1.59,63.05
2014-06-13 20:00:00,6,20,16.0,0.0,-0.0,0.0,1.66,70.0
2014-06-13 21:00:00,6,21,15.34,0.0,-0.0,0.0,1.59,72.45
2014-06-13 22:00:00,6,22,14.86,0.0,-0.0,0.0,1.52,77.75
2014-06-13 23:00:00,6,23,14.49,0.0,-0.0,0.0,1.45,80.45
2014-06-14 00:00:00,6,0,14.56,0.0,-0.0,0.0,1.31,80.55
2014-06-14 01:00:00,6,1,14.89,0.0,-0.0,0.0,1.17,80.55
2014-06-14 02:00:00,6,2,15.22,73.0,239.51,44.0,0.97,77.8
2014-06-14 03:00:00,6,3,17.06,248.0,489.65,98.0,0.55,75.3
2014-06-14 04:00:00,6,4,19.45,449.0,660.13,127.0,0.14,63.6
2014-06-14 05:00:00,6,5,20.98,642.0,762.58,144.0,1.1,57.45
2014-06-14 06:00:00,6,6,22.01,802.0,813.04,159.0,1.52,50.05
2014-06-14 07:00:00,6,7,22.39,916.0,832.0,174.0,1.72,53.85
2014-06-14 08:00:00,6,8,23.42,981.0,841.86,182.0,2.07,50.45
2014-06-14 09:00:00,6,9,24.22,997.0,856.35,176.0,2.28,48.95
2014-06-14 10:00:00,6,10,25.02,949.0,842.32,174.0,2.28,47.4
2014-06-14 11:00:00,6,11,25.55,842.0,798.05,175.0,2.34,45.9
2014-06-14 12:00:00,6,12,25.67,682.0,713.88,174.0,2.62,44.45
2014-06-14 13:00:00,6,13,25.66,515.0,669.09,143.0,2.69,44.45
2014-06-14 14:00:00,6,14,25.42,317.0,526.98,117.0,2.48,45.9
2014-06-14 15:00:00,6,15,24.71,107.0,154.43,77.0,1.93,47.4
2014-06-14 16:00:00,6,16,23.37,0.0,0.0,0.0,1.45,52.25
2014-06-14 17:00:00,6,17,22.43,0.0,-0.0,0.0,0.83,57.75
2014-06-14 18:00:00,6,18,22.65,0.0,-0.0,0.0,0.76,52.1
2014-06-14 19:00:00,6,19,19.97,0.0,-0.0,0.0,1.38,65.95
2014-06-14 20:00:00,6,20,18.06,0.0,-0.0,0.0,1.72,75.45
2014-06-14 21:00:00,6,21,16.89,0.0,-0.0,0.0,1.66,80.8
2014-06-14 22:00:00,6,22,16.24,0.0,-0.0,0.0,1.52,83.6
2014-06-14 23:00:00,6,23,15.7,0.0,-0.0,0.0,1.31,86.5
2014-06-15 00:00:00,6,0,15.28,0.0,-0.0,0.0,1.24,89.55
2014-06-15 01:00:00,6,1,14.77,0.0,-0.0,0.0,1.17,89.5
2014-06-15 02:00:00,6,2,14.68,69.0,206.67,44.0,1.1,89.5
2014-06-15 03:00:00,6,3,17.19,236.0,434.42,103.0,0.76,80.85
2014-06-15 04:00:00,6,4,21.2,444.0,648.11,128.0,0.34,68.5
2014-06-15 05:00:00,6,5,23.17,634.0,745.96,147.0,0.34,56.0
2014-06-15 06:00:00,6,6,24.52,786.0,781.56,168.0,0.83,54.35
2014-06-15 07:00:00,6,7,25.95,893.0,789.41,189.0,1.31,51.05
2014-06-15 08:00:00,6,8,27.05,967.0,820.7,188.0,1.59,47.9
2014-06-15 09:00:00,6,9,27.94,979.0,823.78,189.0,1.66,44.95
2014-06-15 10:00:00,6,10,28.5,645.0,210.75,451.0,1.93,45.05
2014-06-15 11:00:00,6,11,28.91,848.0,820.17,162.0,2.41,43.65
2014-06-15 12:00:00,6,12,29.06,651.0,620.44,209.0,2.28,43.65
2014-06-15 13:00:00,6,13,28.56,500.0,623.07,153.0,1.38,45.05
2014-06-15 14:00:00,6,14,27.96,323.0,557.05,111.0,1.59,46.5
2014-06-15 15:00:00,6,15,27.34,85.0,61.42,73.0,1.24,49.7
2014-06-15 16:00:00,6,16,25.96,0.0,0.0,0.0,0.76,64.8
2014-06-15 17:00:00,6,17,24.4,0.0,-0.0,0.0,1.17,62.35
2014-06-15 18:00:00,6,18,24.72,0.0,-0.0,0.0,0.97,58.35
2014-06-15 19:00:00,6,19,21.93,0.0,-0.0,0.0,1.31,71.0
2014-06-15 20:00:00,6,20,20.21,0.0,-0.0,0.0,1.66,78.45
2014-06-15 21:00:00,6,21,19.48,0.0,-0.0,0.0,1.59,81.1
2014-06-15 22:00:00,6,22,19.05,0.0,-0.0,0.0,1.45,83.85
2014-06-15 23:00:00,6,23,18.47,0.0,-0.0,0.0,1.38,83.8
2014-06-16 00:00:00,6,0,18.61,0.0,-0.0,0.0,1.1,78.3
2014-06-16 01:00:00,6,1,18.66,0.0,-0.0,0.0,1.03,78.3
2014-06-16 02:00:00,6,2,18.42,28.0,0.0,28.0,0.97,81.0
2014-06-16 03:00:00,6,3,20.34,189.0,199.41,128.0,0.69,75.75
2014-06-16 04:00:00,6,4,22.58,414.0,539.72,151.0,0.62,71.05
2014-06-16 05:00:00,6,5,24.43,613.0,691.09,162.0,0.97,62.35
2014-06-16 06:00:00,6,6,25.79,773.0,755.18,176.0,0.97,56.6
2014-06-16 07:00:00,6,7,26.99,888.0,783.87,189.0,2.0,54.95
2014-06-16 08:00:00,6,8,27.5,962.0,815.36,188.0,2.41,53.2
2014-06-16 09:00:00,6,9,27.7,969.0,806.9,195.0,2.55,53.35
2014-06-16 10:00:00,6,10,28.04,922.0,793.75,191.0,2.41,53.35
2014-06-16 11:00:00,6,11,28.09,804.0,714.45,206.0,2.41,51.55
2014-06-16 12:00:00,6,12,28.05,171.0,0.0,171.0,2.48,51.55
2014-06-16 13:00:00,6,13,27.74,91.0,0.0,91.0,2.48,49.8
2014-06-16 14:00:00,6,14,26.83,40.0,0.0,40.0,1.17,53.1
2014-06-16 15:00:00,6,15,25.1,38.0,0.0,38.0,1.79,62.45
2014-06-16 16:00:00,6,16,23.99,0.0,0.0,0.0,1.93,68.95
2014-06-16 17:00:00,6,17,22.89,0.0,-0.0,0.0,1.72,73.6
2014-06-16 18:00:00,6,18,22.02,0.0,-0.0,0.0,1.93,78.65
2014-06-16 19:00:00,6,19,21.56,0.0,-0.0,0.0,1.03,81.3
2014-06-16 20:00:00,6,20,21.4,0.0,-0.0,0.0,0.9,78.55
2014-06-16 21:00:00,6,21,21.14,0.0,-0.0,0.0,0.83,78.55
2014-06-16 22:00:00,6,22,21.08,0.0,-0.0,0.0,0.83,78.5
2014-06-16 23:00:00,6,23,20.62,0.0,-0.0,0.0,0.69,78.5
2014-06-17 00:00:00,6,0,20.07,0.0,-0.0,0.0,0.69,78.45
2014-06-17 01:00:00,6,1,19.67,0.0,-0.0,0.0,0.76,78.45
2014-06-17 02:00:00,6,2,19.37,28.0,0.0,28.0,0.69,78.35
2014-06-17 03:00:00,6,3,20.16,228.0,386.17,110.0,0.28,81.15
2014-06-17 04:00:00,6,4,22.18,443.0,642.78,130.0,0.62,73.55
2014-06-17 05:00:00,6,5,23.48,627.0,723.6,155.0,1.03,68.85
2014-06-17 06:00:00,6,6,24.65,787.0,778.17,172.0,1.45,58.35
2014-06-17 07:00:00,6,7,25.35,904.0,807.51,184.0,1.72,58.45
2014-06-17 08:00:00,6,8,26.46,973.0,827.97,187.0,2.0,52.95
2014-06-17 09:00:00,6,9,26.77,991.0,842.16,183.0,2.34,51.3
2014-06-17 10:00:00,6,10,27.38,944.0,829.24,180.0,2.55,49.7
2014-06-17 11:00:00,6,11,27.82,837.0,785.62,179.0,2.76,46.5
2014-06-17 12:00:00,6,12,28.18,679.0,703.22,177.0,2.9,42.05
2014-06-17 13:00:00,6,13,28.02,515.0,658.74,147.0,2.76,40.5
2014-06-17 14:00:00,6,14,27.57,314.0,504.57,121.0,2.55,40.35
2014-06-17 15:00:00,6,15,26.89,107.0,146.89,78.0,1.59,41.65
2014-06-17 16:00:00,6,16,25.57,0.0,0.0,0.0,1.24,47.5
2014-06-17 17:00:00,6,17,25.61,0.0,-0.0,0.0,0.48,44.3
2014-06-17 18:00:00,6,18,24.38,0.0,-0.0,0.0,0.97,48.95
2014-06-17 19:00:00,6,19,22.91,0.0,-0.0,0.0,1.03,52.1
2014-06-17 20:00:00,6,20,21.92,0.0,-0.0,0.0,1.17,57.65
2014-06-17 21:00:00,6,21,20.9,0.0,-0.0,0.0,1.17,61.6
2014-06-17 22:00:00,6,22,19.83,0.0,-0.0,0.0,1.1,65.95
2014-06-17 23:00:00,6,23,18.69,0.0,-0.0,0.0,1.03,70.55
2014-06-18 00:00:00,6,0,17.41,0.0,-0.0,0.0,1.03,78.1
2014-06-18 01:00:00,6,1,16.76,0.0,-0.0,0.0,1.1,80.8
2014-06-18 02:00:00,6,2,16.88,6.0,0.0,6.0,1.03,80.8
2014-06-18 03:00:00,6,3,18.71,211.0,294.92,121.0,0.76,70.55
2014-06-18 04:00:00,6,4,21.98,425.0,581.65,142.0,0.48,61.85
2014-06-18 05:00:00,6,5,24.13,622.0,711.73,158.0,0.21,50.55
2014-06-18 06:00:00,6,6,25.59,772.0,745.52,183.0,0.48,39.85
2014-06-18 07:00:00,6,7,26.7,887.0,772.87,198.0,0.9,36.2
2014-06-18 08:00:00,6,8,27.75,956.0,793.21,203.0,1.45,35.2
2014-06-18 09:00:00,6,9,28.61,973.0,806.58,199.0,1.66,35.3
2014-06-18 10:00:00,6,10,29.3,927.0,793.13,196.0,1.79,33.15
2014-06-18 11:00:00,6,11,29.51,823.0,751.72,193.0,2.21,34.35
2014-06-18 12:00:00,6,12,29.62,671.0,675.98,188.0,2.28,35.6
2014-06-18 13:00:00,6,13,29.34,509.0,639.93,151.0,2.0,35.6
2014-06-18 14:00:00,6,14,28.92,312.0,495.6,122.0,2.14,38.0
2014-06-18 15:00:00,6,15,28.14,105.0,136.12,78.0,1.45,40.5
2014-06-18 16:00:00,6,16,26.75,0.0,0.0,0.0,0.97,47.9
2014-06-18 17:00:00,6,17,26.79,0.0,-0.0,0.0,0.07,43.15
2014-06-18 18:00:00,6,18,22.94,0.0,-0.0,0.0,1.66,57.9
2014-06-18 19:00:00,6,19,21.08,0.0,-0.0,0.0,1.93,63.8
2014-06-18 20:00:00,6,20,19.52,0.0,-0.0,0.0,1.79,68.2
2014-06-18 21:00:00,6,21,18.43,0.0,-0.0,0.0,1.72,72.95
2014-06-18 22:00:00,6,22,17.9,0.0,-0.0,0.0,1.66,75.45
2014-06-18 23:00:00,6,23,17.49,0.0,-0.0,0.0,1.66,78.1
2014-06-19 00:00:00,6,0,17.0,0.0,-0.0,0.0,1.66,80.8
2014-06-19 01:00:00,6,1,16.6,0.0,-0.0,0.0,1.59,80.8
2014-06-19 02:00:00,6,2,16.46,6.0,0.0,6.0,1.59,83.6
2014-06-19 03:00:00,6,3,18.43,188.0,193.64,129.0,1.31,78.25
2014-06-19 04:00:00,6,4,23.44,418.0,551.34,150.0,1.03,60.05
2014-06-19 05:00:00,6,5,26.49,616.0,693.76,164.0,0.69,44.55
2014-06-19 06:00:00,6,6,28.1,776.0,755.95,179.0,0.41,39.1
2014-06-19 07:00:00,6,7,29.33,892.0,784.25,193.0,1.38,33.15
2014-06-19 08:00:00,6,8,30.33,967.0,815.35,193.0,1.93,30.05
2014-06-19 09:00:00,6,9,31.09,979.0,818.96,193.0,2.21,29.0
2014-06-19 10:00:00,6,10,31.55,938.0,815.64,186.0,2.41,28.15
2014-06-19 11:00:00,6,11,31.78,833.0,773.96,184.0,2.41,27.25
2014-06-19 12:00:00,6,12,31.88,676.0,690.77,182.0,2.48,27.25
2014-06-19 13:00:00,6,13,31.71,510.0,640.88,151.0,2.48,28.15
2014-06-19 14:00:00,6,14,31.26,312.0,486.74,125.0,2.28,28.15
2014-06-19 15:00:00,6,15,30.32,107.0,145.58,78.0,1.79,31.15
2014-06-19 16:00:00,6,16,28.36,0.0,0.0,0.0,1.38,39.25
2014-06-19 17:00:00,6,17,27.49,0.0,-0.0,0.0,0.62,41.8
2014-06-19 18:00:00,6,18,23.82,0.0,-0.0,0.0,1.52,54.2
2014-06-19 19:00:00,6,19,21.87,0.0,-0.0,0.0,1.52,66.25
2014-06-19 20:00:00,6,20,21.84,0.0,-0.0,0.0,1.24,66.25
2014-06-19 21:00:00,6,21,21.95,0.0,-0.0,0.0,1.1,66.25
2014-06-19 22:00:00,6,22,21.41,0.0,-0.0,0.0,1.1,70.9
2014-06-19 23:00:00,6,23,20.95,0.0,-0.0,0.0,1.03,73.3
2014-06-20 00:00:00,6,0,20.46,0.0,-0.0,0.0,1.1,75.75
2014-06-20 01:00:00,6,1,20.44,0.0,-0.0,0.0,0.76,73.2
2014-06-20 02:00:00,6,2,20.33,6.0,0.0,6.0,0.41,73.2
2014-06-20 03:00:00,6,3,20.83,138.0,55.89,121.0,0.28,73.3
2014-06-20 04:00:00,6,4,22.46,306.0,175.05,221.0,0.55,64.1
2014-06-20 05:00:00,6,5,23.82,564.0,522.22,224.0,0.83,56.15
2014-06-20 06:00:00,6,6,25.07,723.0,603.01,247.0,1.17,52.6
2014-06-20 07:00:00,6,7,26.11,864.0,714.87,227.0,1.59,51.05
2014-06-20 08:00:00,6,8,27.26,947.0,776.43,210.0,1.86,46.4
2014-06-20 09:00:00,6,9,28.42,965.0,792.83,204.0,1.86,43.55
2014-06-20 10:00:00,6,10,29.49,925.0,790.45,196.0,1.79,40.9
2014-06-20 11:00:00,6,11,30.13,830.0,769.98,184.0,1.66,39.65
2014-06-20 12:00:00,6,12,30.57,670.0,673.45,188.0,1.93,38.4
2014-06-20 13:00:00,6,13,30.41,509.0,636.53,152.0,2.21,37.1
2014-06-20 14:00:00,6,14,29.79,309.0,475.39,126.0,2.14,36.95
2014-06-20 15:00:00,6,15,29.15,105.0,130.01,79.0,1.66,39.35
2014-06-20 16:00:00,6,16,28.07,0.0,0.0,0.0,1.1,41.95
2014-06-20 17:00:00,6,17,27.52,0.0,-0.0,0.0,0.41,41.8
2014-06-20 18:00:00,6,18,27.08,0.0,-0.0,0.0,0.28,43.15
2014-06-20 19:00:00,6,19,23.62,0.0,-0.0,0.0,1.52,56.0
2014-06-20 20:00:00,6,20,22.24,0.0,-0.0,0.0,1.66,59.8
2014-06-20 21:00:00,6,21,21.1,0.0,-0.0,0.0,1.59,68.4
2014-06-20 22:00:00,6,22,19.99,0.0,-0.0,0.0,1.52,70.7
2014-06-20 23:00:00,6,23,19.08,0.0,-0.0,0.0,1.45,78.3
2014-06-21 00:00:00,6,0,18.39,0.0,-0.0,0.0,1.38,81.0
2014-06-21 01:00:00,6,1,17.5,0.0,-0.0,0.0,1.31,83.7
2014-06-21 02:00:00,6,2,17.32,6.0,0.0,6.0,1.24,83.7
2014-06-21 03:00:00,6,3,19.77,170.0,131.78,130.0,0.9,78.45
2014-06-21 04:00:00,6,4,24.76,393.0,441.25,179.0,0.55,58.35
2014-06-21 05:00:00,6,5,27.34,595.0,619.47,192.0,0.28,44.8
2014-06-21 06:00:00,6,6,29.13,767.0,728.79,192.0,0.83,39.35
2014-06-21 07:00:00,6,7,30.63,887.0,766.72,204.0,1.52,37.1
2014-06-21 08:00:00,6,8,31.85,961.0,798.64,203.0,1.72,34.9
2014-06-21 09:00:00,6,9,33.02,979.0,813.6,198.0,1.86,33.95
2014-06-21 10:00:00,6,10,33.89,938.0,810.84,190.0,2.21,31.95
2014-06-21 11:00:00,6,11,34.47,838.0,780.34,183.0,2.48,29.9
2014-06-21 12:00:00,6,12,34.7,677.0,684.12,187.0,2.69,29.9
2014-06-21 13:00:00,6,13,34.45,515.0,648.28,151.0,3.03,29.9
2014-06-21 14:00:00,6,14,33.75,312.0,477.13,128.0,2.9,30.85
2014-06-21 15:00:00,6,15,32.63,106.0,129.55,80.0,2.21,36.25
2014-06-21 16:00:00,6,16,31.11,0.0,0.0,0.0,1.45,39.75
2014-06-21 17:00:00,6,17,30.36,0.0,-0.0,0.0,0.76,41.15
2014-06-21 18:00:00,6,18,27.17,0.0,-0.0,0.0,1.66,53.1
2014-06-21 19:00:00,6,19,25.4,0.0,-0.0,0.0,1.66,56.5
2014-06-21 20:00:00,6,20,23.92,0.0,-0.0,0.0,1.52,64.4
2014-06-21 21:00:00,6,21,22.8,0.0,-0.0,0.0,1.31,68.75
2014-06-21 22:00:00,6,22,22.16,0.0,-0.0,0.0,1.1,71.05
2014-06-21 23:00:00,6,23,21.88,0.0,-0.0,0.0,1.03,73.45
2014-06-22 00:00:00,6,0,22.37,0.0,-0.0,0.0,0.69,71.05
2014-06-22 01:00:00,6,1,23.53,0.0,-0.0,0.0,0.34,71.25
2014-06-22 02:00:00,6,2,23.53,64.0,178.06,43.0,0.48,71.25
2014-06-22 03:00:00,6,3,22.88,191.0,217.91,125.0,0.9,81.45
2014-06-22 04:00:00,6,4,25.79,369.0,365.44,192.0,1.1,67.05
2014-06-22 05:00:00,6,5,27.14,574.0,567.69,205.0,1.31,65.0
2014-06-22 06:00:00,6,6,28.62,747.0,687.35,205.0,1.66,57.15
2014-06-22 07:00:00,6,7,29.47,864.0,723.18,220.0,2.14,50.2
2014-06-22 08:00:00,6,8,30.79,943.0,771.35,211.0,2.41,45.6
2014-06-22 09:00:00,6,9,31.72,961.0,787.53,205.0,2.83,41.4
2014-06-22 10:00:00,6,10,32.43,921.0,785.74,196.0,3.17,38.8
2014-06-22 11:00:00,6,11,32.86,818.0,744.28,193.0,3.38,36.35
2014-06-22 12:00:00,6,12,32.93,653.0,618.08,210.0,3.79,36.35
2014-06-22 13:00:00,6,13,32.45,482.0,537.31,180.0,3.79,36.25
2014-06-22 14:00:00,6,14,31.24,295.0,401.28,140.0,3.72,37.25
2014-06-22 15:00:00,6,15,29.82,97.0,94.38,78.0,3.1,39.65
2014-06-22 16:00:00,6,16,28.23,0.0,0.0,0.0,2.0,43.55
2014-06-22 17:00:00,6,17,26.98,0.0,-0.0,0.0,1.45,46.25
2014-06-22 18:00:00,6,18,25.31,0.0,-0.0,0.0,1.38,52.75
2014-06-22 19:00:00,6,19,23.95,0.0,-0.0,0.0,1.31,60.15
2014-06-22 20:00:00,6,20,24.23,0.0,-0.0,0.0,0.9,56.25
2014-06-22 21:00:00,6,21,24.31,0.0,-0.0,0.0,0.34,56.25
2014-06-22 22:00:00,6,22,23.74,0.0,-0.0,0.0,0.48,58.1
2014-06-22 23:00:00,6,23,22.78,0.0,-0.0,0.0,0.9,62.05
2014-06-23 00:00:00,6,0,22.48,0.0,-0.0,0.0,0.76,61.95
2014-06-23 01:00:00,6,1,22.39,0.0,-0.0,0.0,0.48,64.1
2014-06-23 02:00:00,6,2,21.95,6.0,0.0,6.0,0.34,66.25
2014-06-23 03:00:00,6,3,22.45,172.0,142.32,129.0,0.21,64.1
2014-06-23 04:00:00,6,4,24.27,395.0,461.06,172.0,0.76,54.35
2014-06-23 05:00:00,6,5,25.84,240.0,7.7,235.0,1.17,46.0
2014-06-23 06:00:00,6,6,27.16,719.0,593.86,251.0,1.52,43.15
2014-06-23 07:00:00,6,7,28.78,885.0,772.87,197.0,2.0,38.0
2014-06-23 08:00:00,6,8,29.5,928.0,720.9,244.0,2.34,36.85
2014-06-23 09:00:00,6,9,30.7,936.0,710.44,254.0,2.69,33.4
2014-06-23 10:00:00,6,10,31.18,908.0,741.16,224.0,2.83,33.4
2014-06-23 11:00:00,6,11,31.27,829.0,763.04,188.0,3.03,32.4
2014-06-23 12:00:00,6,12,30.86,714.0,787.82,149.0,3.17,33.4
2014-06-23 13:00:00,6,13,30.72,512.0,641.69,151.0,3.1,33.4
2014-06-23 14:00:00,6,14,30.25,314.0,488.59,125.0,2.97,32.25
2014-06-23 15:00:00,6,15,29.37,111.0,153.55,80.0,2.28,35.6
2014-06-23 16:00:00,6,16,28.18,0.0,0.0,0.0,1.45,37.9
2014-06-23 17:00:00,6,17,26.35,0.0,-0.0,0.0,1.31,46.15
2014-06-23 18:00:00,6,18,24.34,0.0,-0.0,0.0,1.45,52.5
2014-06-23 19:00:00,6,19,22.87,0.0,-0.0,0.0,1.52,55.9
2014-06-23 20:00:00,6,20,21.8,0.0,-0.0,0.0,1.52,59.7
2014-06-23 21:00:00,6,21,21.34,0.0,-0.0,0.0,1.38,61.7
2014-06-23 22:00:00,6,22,21.43,0.0,-0.0,0.0,1.17,61.7
2014-06-23 23:00:00,6,23,22.17,0.0,-0.0,0.0,0.9,55.8
2014-06-24 00:00:00,6,0,22.0,0.0,-0.0,0.0,0.69,57.65
2014-06-24 01:00:00,6,1,21.66,0.0,-0.0,0.0,0.48,57.65
2014-06-24 02:00:00,6,2,21.55,6.0,0.0,6.0,0.34,61.7
2014-06-24 03:00:00,6,3,22.11,21.0,0.0,21.0,0.21,59.7
2014-06-24 04:00:00,6,4,23.54,38.0,0.0,38.0,0.9,52.25
2014-06-24 05:00:00,6,5,24.58,69.0,0.0,69.0,1.24,47.25
2014-06-24 06:00:00,6,6,25.76,115.0,0.0,115.0,1.79,42.9
2014-06-24 07:00:00,6,7,26.52,205.0,0.0,205.0,2.48,44.55
2014-06-24 08:00:00,6,8,26.92,536.0,81.17,459.0,2.9,43.15
2014-06-24 09:00:00,6,9,27.08,562.0,95.84,470.0,2.83,43.15
2014-06-24 10:00:00,6,10,27.51,636.0,198.27,453.0,2.62,40.35
2014-06-24 11:00:00,6,11,27.59,677.0,378.42,359.0,2.41,40.35
2014-06-24 12:00:00,6,12,27.89,396.0,83.62,336.0,2.34,37.75
2014-06-24 13:00:00,6,13,27.96,175.0,1.78,174.0,2.28,37.75
2014-06-24 14:00:00,6,14,27.97,234.0,167.82,169.0,2.21,37.75
2014-06-24 15:00:00,6,15,27.56,108.0,143.3,79.0,2.14,38.95
2014-06-24 16:00:00,6,16,26.6,0.0,0.0,0.0,1.72,43.05
2014-06-24 17:00:00,6,17,25.11,0.0,-0.0,0.0,1.1,49.05
2014-06-24 18:00:00,6,18,23.56,0.0,-0.0,0.0,0.97,56.0
2014-06-24 19:00:00,6,19,21.94,0.0,-0.0,0.0,1.24,61.85
2014-06-24 20:00:00,6,20,21.41,0.0,-0.0,0.0,1.24,61.7
2014-06-24 21:00:00,6,21,21.42,0.0,-0.0,0.0,1.1,61.7
2014-06-24 22:00:00,6,22,21.98,0.0,-0.0,0.0,0.9,59.7
2014-06-24 23:00:00,6,23,21.82,0.0,-0.0,0.0,0.9,59.7
2014-06-25 00:00:00,6,0,20.92,0.0,-0.0,0.0,1.1,63.8
2014-06-25 01:00:00,6,1,20.56,0.0,-0.0,0.0,1.17,65.95
2014-06-25 02:00:00,6,2,20.3,6.0,0.0,6.0,1.17,65.95
2014-06-25 03:00:00,6,3,21.09,129.0,43.27,116.0,0.9,68.4
2014-06-25 04:00:00,6,4,22.99,266.0,101.63,217.0,0.76,54.0
2014-06-25 05:00:00,6,5,24.63,564.0,532.36,219.0,0.76,45.6
2014-06-25 06:00:00,6,6,25.89,741.0,665.84,217.0,1.66,39.95
2014-06-25 07:00:00,6,7,25.95,882.0,770.17,197.0,1.86,42.9
2014-06-25 08:00:00,6,8,26.96,952.0,789.76,203.0,2.21,40.25
2014-06-25 09:00:00,6,9,28.06,966.0,793.85,204.0,2.28,36.45
2014-06-25 10:00:00,6,10,28.76,932.0,802.73,191.0,2.28,34.2
2014-06-25 11:00:00,6,11,28.51,828.0,761.39,188.0,2.28,35.3
2014-06-25 12:00:00,6,12,28.75,674.0,675.59,189.0,2.41,34.2
2014-06-25 13:00:00,6,13,28.45,512.0,640.7,151.0,2.62,36.6
2014-06-25 14:00:00,6,14,27.99,314.0,487.42,125.0,2.69,37.75
2014-06-25 15:00:00,6,15,27.35,111.0,152.88,80.0,2.21,40.35
2014-06-25 16:00:00,6,16,26.24,0.0,0.0,0.0,1.03,43.05
2014-06-25 17:00:00,6,17,25.28,0.0,-0.0,0.0,0.62,47.5
2014-06-25 18:00:00,6,18,23.16,0.0,-0.0,0.0,1.38,54.1
2014-06-25 19:00:00,6,19,22.35,0.0,-0.0,0.0,1.31,57.75
2014-06-25 20:00:00,6,20,20.58,0.0,-0.0,0.0,1.66,63.7
2014-06-25 21:00:00,6,21,19.52,0.0,-0.0,0.0,1.66,65.85
2014-06-25 22:00:00,6,22,18.68,0.0,-0.0,0.0,1.52,68.1
2014-06-25 23:00:00,6,23,17.92,0.0,-0.0,0.0,1.45,70.35
2014-06-26 00:00:00,6,0,17.52,0.0,-0.0,0.0,1.45,72.8
2014-06-26 01:00:00,6,1,16.78,0.0,-0.0,0.0,1.45,75.3
2014-06-26 02:00:00,6,2,16.6,6.0,0.0,6.0,1.45,78.0
2014-06-26 03:00:00,6,3,19.52,177.0,166.92,127.0,0.9,68.2
2014-06-26 04:00:00,6,4,23.66,390.0,452.97,172.0,0.55,52.35
2014-06-26 05:00:00,6,5,25.81,583.0,605.58,191.0,0.34,42.9
2014-06-26 06:00:00,6,6,27.14,750.0,700.68,199.0,1.31,41.65
2014-06-26 07:00:00,6,7,28.15,869.0,739.05,212.0,1.79,40.5
2014-06-26 08:00:00,6,8,29.21,948.0,785.76,203.0,1.72,36.85
2014-06-26 09:00:00,6,9,30.06,967.0,800.18,199.0,1.66,35.7
2014-06-26 10:00:00,6,10,30.94,933.0,809.18,186.0,1.86,34.6
2014-06-26 11:00:00,6,11,31.43,825.0,757.65,188.0,2.07,33.55
2014-06-26 12:00:00,6,12,31.75,671.0,671.14,189.0,2.48,32.55
2014-06-26 13:00:00,6,13,31.42,508.0,626.11,155.0,2.41,33.55
2014-06-26 14:00:00,6,14,30.93,315.0,492.12,124.0,2.34,34.6
2014-06-26 15:00:00,6,15,30.17,109.0,142.78,80.0,2.0,35.7
2014-06-26 16:00:00,6,16,29.07,0.0,0.0,0.0,1.45,38.0
2014-06-26 17:00:00,6,17,28.31,0.0,-0.0,0.0,0.55,39.25
2014-06-26 18:00:00,6,18,28.02,0.0,-0.0,0.0,0.83,40.5
2014-06-26 19:00:00,6,19,24.45,0.0,-0.0,0.0,1.59,50.7
2014-06-26 20:00:00,6,20,22.83,0.0,-0.0,0.0,1.72,55.9
2014-06-26 21:00:00,6,21,21.63,0.0,-0.0,0.0,1.66,59.7
2014-06-26 22:00:00,6,22,20.61,0.0,-0.0,0.0,1.52,66.05
2014-06-26 23:00:00,6,23,19.92,0.0,-0.0,0.0,1.31,68.3
2014-06-27 00:00:00,6,0,19.63,0.0,-0.0,0.0,1.24,68.3
2014-06-27 01:00:00,6,1,19.75,0.0,-0.0,0.0,1.24,68.3
2014-06-27 02:00:00,6,2,19.71,5.0,0.0,5.0,1.24,70.7
2014-06-27 03:00:00,6,3,21.56,152.0,93.78,124.0,0.97,70.9
2014-06-27 04:00:00,6,4,25.67,393.0,478.81,163.0,0.69,51.05
2014-06-27 05:00:00,6,5,27.83,590.0,644.98,173.0,0.07,43.4
2014-06-27 06:00:00,6,6,29.23,756.0,727.98,184.0,0.48,38.15
2014-06-27 07:00:00,6,7,30.58,876.0,767.58,194.0,0.97,37.1
2014-06-27 08:00:00,6,8,31.84,951.0,798.67,194.0,1.45,33.7
2014-06-27 09:00:00,6,9,32.68,970.0,813.84,189.0,1.93,32.65
2014-06-27 10:00:00,6,10,33.39,926.0,800.49,187.0,2.21,30.7
2014-06-27 11:00:00,6,11,33.76,819.0,749.19,189.0,2.55,28.75
2014-06-27 12:00:00,6,12,33.75,666.0,663.95,189.0,2.76,28.75
2014-06-27 13:00:00,6,13,33.4,503.0,616.93,155.0,3.03,29.65
2014-06-27 14:00:00,6,14,33.09,312.0,484.02,124.0,3.1,29.55
2014-06-27 15:00:00,6,15,32.36,108.0,137.68,80.0,2.55,30.45
2014-06-27 16:00:00,6,16,30.95,0.0,0.0,0.0,1.72,33.4
2014-06-27 17:00:00,6,17,29.04,0.0,-0.0,0.0,0.97,42.2
2014-06-27 18:00:00,6,18,28.52,0.0,-0.0,0.0,1.03,39.25
2014-06-27 19:00:00,6,19,28.16,0.0,-0.0,0.0,1.03,43.4
2014-06-27 20:00:00,6,20,26.91,0.0,-0.0,0.0,1.17,46.25
2014-06-27 21:00:00,6,21,24.65,0.0,-0.0,0.0,1.31,54.45
2014-06-27 22:00:00,6,22,23.18,0.0,-0.0,0.0,1.31,60.05
2014-06-27 23:00:00,6,23,22.56,0.0,-0.0,0.0,1.17,64.1
2014-06-28 00:00:00,6,0,22.59,0.0,-0.0,0.0,1.03,61.95
2014-06-28 01:00:00,6,1,22.57,0.0,-0.0,0.0,0.9,61.95
2014-06-28 02:00:00,6,2,22.41,5.0,0.0,5.0,0.9,61.95
2014-06-28 03:00:00,6,3,23.12,173.0,161.34,125.0,0.55,62.05
2014-06-28 04:00:00,6,4,25.78,379.0,423.44,176.0,0.0,51.05
2014-06-28 05:00:00,6,5,27.92,578.0,599.35,191.0,0.55,37.75
2014-06-28 06:00:00,6,6,29.48,749.0,709.5,192.0,1.1,32.0
2014-06-28 07:00:00,6,7,30.78,863.0,733.11,212.0,2.0,29.0
2014-06-28 08:00:00,6,8,31.86,938.0,767.29,211.0,2.55,26.3
2014-06-28 09:00:00,6,9,32.72,957.0,783.75,205.0,2.97,26.45
2014-06-28 10:00:00,6,10,32.92,899.0,730.1,225.0,3.03,27.55
2014-06-28 11:00:00,6,11,33.3,799.0,688.46,220.0,3.03,28.65
2014-06-28 12:00:00,6,12,33.47,632.0,549.67,237.0,2.97,29.65
2014-06-28 13:00:00,6,13,33.23,460.0,451.87,205.0,3.45,31.8
2014-06-28 14:00:00,6,14,31.89,308.0,460.59,129.0,3.45,38.7
2014-06-28 15:00:00,6,15,30.38,113.0,157.21,81.0,3.17,44.05
2014-06-28 16:00:00,6,16,28.9,0.0,0.0,0.0,2.69,48.4
2014-06-28 17:00:00,6,17,27.63,0.0,-0.0,0.0,1.52,53.2
2014-06-28 18:00:00,6,18,26.52,0.0,-0.0,0.0,1.45,56.7
2014-06-28 19:00:00,6,19,25.79,0.0,-0.0,0.0,2.0,56.6
2014-06-28 20:00:00,6,20,25.0,0.0,-0.0,0.0,1.86,62.45
2014-06-28 21:00:00,6,21,23.91,0.0,-0.0,0.0,1.59,68.95
2014-06-28 22:00:00,6,22,22.61,0.0,-0.0,0.0,1.45,78.7
2014-06-28 23:00:00,6,23,22.14,0.0,-0.0,0.0,1.17,81.4
2014-06-29 00:00:00,6,0,22.58,0.0,-0.0,0.0,0.48,81.4
2014-06-29 01:00:00,6,1,22.2,0.0,-0.0,0.0,0.55,81.4
2014-06-29 02:00:00,6,2,21.86,41.0,44.94,36.0,0.62,87.0
2014-06-29 03:00:00,6,3,22.39,20.0,0.0,20.0,0.76,84.15
2014-06-29 04:00:00,6,4,22.71,99.0,0.0,99.0,0.97,81.45
2014-06-29 05:00:00,6,5,23.16,140.0,0.0,140.0,1.31,78.85
2014-06-29 06:00:00,6,6,23.54,255.0,1.27,254.0,1.86,81.5
2014-06-29 07:00:00,6,7,24.42,814.0,615.24,268.0,2.41,78.95
2014-06-29 08:00:00,6,8,25.47,910.0,711.63,236.0,2.34,71.6
2014-06-29 09:00:00,6,9,26.97,929.0,728.67,230.0,3.03,62.9
2014-06-29 10:00:00,6,10,27.71,872.0,675.97,248.0,3.17,55.15
2014-06-29 11:00:00,6,11,28.58,784.0,662.25,227.0,3.31,51.65
2014-06-29 12:00:00,6,12,28.59,636.0,578.78,220.0,3.1,51.65
2014-06-29 13:00:00,6,13,28.56,481.0,543.86,174.0,2.83,49.95
2014-06-29 14:00:00,6,14,27.45,217.0,126.03,168.0,2.62,53.2
2014-06-29 15:00:00,6,15,25.67,12.0,0.0,12.0,1.86,62.65
2014-06-29 16:00:00,6,16,24.75,0.0,0.0,0.0,1.66,69.15
2014-06-29 17:00:00,6,17,23.81,0.0,-0.0,0.0,0.97,73.75
2014-06-29 18:00:00,6,18,23.11,0.0,-0.0,0.0,1.03,78.75
2014-06-29 19:00:00,6,19,22.36,0.0,-0.0,0.0,1.93,71.05
2014-06-29 20:00:00,6,20,21.7,0.0,-0.0,0.0,1.79,76.0
2014-06-29 21:00:00,6,21,20.93,0.0,-0.0,0.0,1.79,81.2
2014-06-29 22:00:00,6,22,20.35,0.0,-0.0,0.0,1.52,81.15
2014-06-29 23:00:00,6,23,19.59,0.0,-0.0,0.0,1.17,86.85
2014-06-30 00:00:00,6,0,19.55,0.0,-0.0,0.0,1.17,86.85
2014-06-30 01:00:00,6,1,19.22,0.0,-0.0,0.0,1.24,86.85
2014-06-30 02:00:00,6,2,19.1,5.0,0.0,5.0,1.17,86.85
2014-06-30 03:00:00,6,3,19.5,20.0,0.0,20.0,1.03,86.85
2014-06-30 04:00:00,6,4,19.82,37.0,0.0,37.0,1.1,78.45
2014-06-30 05:00:00,6,5,19.95,69.0,0.0,69.0,1.03,78.45
2014-06-30 06:00:00,6,6,20.53,135.0,0.0,135.0,1.17,78.45
2014-06-30 07:00:00,6,7,21.37,311.0,3.38,308.0,1.45,75.95
2014-06-30 08:00:00,6,8,22.53,423.0,23.24,401.0,1.79,71.05
2014-06-30 09:00:00,6,9,22.64,519.0,66.73,455.0,1.38,66.45
2014-06-30 10:00:00,6,10,23.17,256.0,0.0,256.0,1.31,64.3
2014-06-30 11:00:00,6,11,23.82,164.0,0.0,164.0,1.17,62.25
2014-06-30 12:00:00,6,12,24.16,160.0,0.0,160.0,1.31,60.25
2014-06-30 13:00:00,6,13,24.13,106.0,0.0,106.0,1.52,60.15
2014-06-30 14:00:00,6,14,23.62,50.0,0.0,50.0,1.31,64.3
2014-06-30 15:00:00,6,15,23.27,33.0,0.0,33.0,1.45,64.3
2014-06-30 16:00:00,6,16,19.56,0.0,0.0,0.0,1.48,82.87
2014-06-30 17:00:00,6,17,19.82,0.0,-0.0,0.0,1.44,80.49
2014-06-30 18:00:00,6,18,20.08,0.0,-0.0,0.0,1.4,78.11
2014-06-30 19:00:00,6,19,20.35,0.0,-0.0,0.0,1.36,75.73
2014-06-30 20:00:00,6,20,20.61,0.0,-0.0,0.0,1.32,73.35
2014-06-30 21:00:00,6,21,20.87,0.0,-0.0,0.0,1.29,70.98
2014-06-30 22:00:00,6,22,21.13,0.0,-0.0,0.0,1.25,68.6
2014-06-30 23:00:00,6,23,21.39,0.0,-0.0,0.0,1.21,66.22
2022-07-01 00:00:00,7,0,21.65,0.0,-0.0,0.0,1.17,63.84
2022-07-01 01:00:00,7,1,21.92,0.0,-0.0,0.0,1.13,61.46
2022-07-01 02:00:00,7,2,22.18,5.0,0.0,5.0,1.09,59.08
2022-07-01 03:00:00,7,3,22.44,198.0,268.68,119.0,1.05,56.7
2022-07-01 04:00:00,7,4,22.7,420.0,575.33,146.0,1.02,54.32
2022-07-01 05:00:00,7,5,22.96,612.0,689.0,169.0,0.98,51.94
2022-07-01 06:00:00,7,6,23.22,771.0,739.64,192.0,0.94,49.57
2022-07-01 07:00:00,7,7,23.49,886.0,762.74,210.0,0.9,47.19
2022-07-01 08:00:00,7,8,28.72,958.0,784.11,216.0,2.41,35.3
2022-07-01 09:00:00,7,9,29.83,973.0,788.5,217.0,2.83,32.0
2022-07-01 10:00:00,7,10,30.62,939.0,796.41,204.0,3.1,29.0
2022-07-01 11:00:00,7,11,31.14,835.0,753.82,201.0,3.24,27.15
2022-07-01 12:00:00,7,12,31.38,682.0,680.24,193.0,3.38,25.25
2022-07-01 13:00:00,7,13,31.31,504.0,589.76,171.0,3.31,25.25
2022-07-01 14:00:00,7,14,30.72,310.0,447.43,136.0,3.31,25.15
2022-07-01 15:00:00,7,15,29.65,117.0,176.82,81.0,2.83,26.75
2022-07-01 16:00:00,7,16,27.99,0.0,0.0,0.0,2.34,29.4
2022-07-01 17:00:00,7,17,26.25,0.0,-0.0,0.0,1.52,32.35
2022-07-01 18:00:00,7,18,24.21,0.0,-0.0,0.0,1.31,41.0
2022-07-01 19:00:00,7,19,22.45,0.0,-0.0,0.0,1.31,46.75
2022-07-01 20:00:00,7,20,21.48,0.0,-0.0,0.0,1.31,48.2
2022-07-01 21:00:00,7,21,20.78,0.0,-0.0,0.0,1.31,48.05
2022-07-01 22:00:00,7,22,21.44,0.0,-0.0,0.0,1.03,44.85
2022-07-01 23:00:00,7,23,21.6,0.0,-0.0,0.0,0.69,43.4
2022-07-02 00:00:00,7,0,21.16,0.0,-0.0,0.0,0.48,44.85
2022-07-02 01:00:00,7,1,20.93,0.0,-0.0,0.0,0.48,46.35
2022-07-02 02:00:00,7,2,20.68,5.0,0.0,5.0,0.69,46.35
2022-07-02 03:00:00,7,3,21.06,152.0,99.06,123.0,0.55,48.2
2022-07-02 04:00:00,7,4,23.18,389.0,463.06,169.0,0.34,37.9
2022-07-02 05:00:00,7,5,24.89,585.0,618.41,188.0,0.48,33.15
2022-07-02 06:00:00,7,6,26.46,749.0,694.38,206.0,1.17,31.2
2022-07-02 07:00:00,7,7,28.39,852.0,683.13,247.0,1.93,28.35
2022-07-02 08:00:00,7,8,29.68,937.0,745.38,232.0,2.48,26.75
2022-07-02 09:00:00,7,9,30.64,952.0,749.1,234.0,2.76,26.05
2022-07-02 10:00:00,7,10,31.3,920.0,759.71,219.0,2.9,25.25
2022-07-02 11:00:00,7,11,31.71,822.0,727.72,210.0,3.1,24.5
2022-07-02 12:00:00,7,12,31.75,667.0,641.31,206.0,3.24,24.5
2022-07-02 13:00:00,7,13,31.52,501.0,584.47,171.0,3.38,25.25
2022-07-02 14:00:00,7,14,30.92,274.0,293.19,160.0,3.38,26.05
2022-07-02 15:00:00,7,15,30.17,79.0,34.41,72.0,2.76,25.95
2022-07-02 16:00:00,7,16,28.95,0.0,0.0,0.0,2.0,29.55
2022-07-02 17:00:00,7,17,27.4,0.0,-0.0,0.0,2.0,31.5
2022-07-02 18:00:00,7,18,25.89,0.0,-0.0,0.0,2.14,35.9
2022-07-02 19:00:00,7,19,24.41,0.0,-0.0,0.0,1.72,42.5
2022-07-02 20:00:00,7,20,23.05,0.0,-0.0,0.0,1.79,47.0
2022-07-02 21:00:00,7,21,21.98,0.0,-0.0,0.0,1.72,53.75
2022-07-02 22:00:00,7,22,20.59,0.0,-0.0,0.0,1.66,57.45
2022-07-02 23:00:00,7,23,19.96,0.0,-0.0,0.0,1.31,63.6
2022-07-03 00:00:00,7,0,20.33,0.0,-0.0,0.0,1.03,61.5
2022-07-03 01:00:00,7,1,20.57,0.0,-0.0,0.0,0.83,59.5
2022-07-03 02:00:00,7,2,21.11,5.0,0.0,5.0,0.55,55.55
2022-07-03 03:00:00,7,3,21.25,19.0,0.0,19.0,0.34,57.55
2022-07-03 04:00:00,7,4,21.86,36.0,0.0,36.0,0.55,53.75
2022-07-03 05:00:00,7,5,22.88,84.0,0.0,84.0,0.76,50.3
2022-07-03 06:00:00,7,6,24.23,129.0,0.0,129.0,1.38,45.6
2022-07-03 07:00:00,7,7,24.91,357.0,11.3,347.0,2.69,44.15
2022-07-03 08:00:00,7,8,25.11,705.0,266.57,453.0,3.1,42.75
2022-07-03 09:00:00,7,9,25.19,782.0,375.73,422.0,3.17,41.25
2022-07-03 10:00:00,7,10,25.43,513.0,76.96,442.0,3.31,39.85
2022-07-03 11:00:00,7,11,25.85,467.0,79.68,400.0,3.31,38.55
2022-07-03 12:00:00,7,12,25.86,313.0,25.04,295.0,3.38,38.55
2022-07-03 13:00:00,7,13,25.65,191.0,5.31,188.0,3.1,38.55
2022-07-03 14:00:00,7,14,25.2,198.0,82.33,166.0,2.83,41.25
2022-07-03 15:00:00,7,15,24.64,92.0,73.81,77.0,2.62,42.65
2022-07-03 16:00:00,7,16,23.6,0.0,0.0,0.0,2.28,47.15
2022-07-03 17:00:00,7,17,22.38,0.0,-0.0,0.0,1.79,52.0
2022-07-03 18:00:00,7,18,21.13,0.0,-0.0,0.0,1.59,55.55
2022-07-03 19:00:00,7,19,19.91,0.0,-0.0,0.0,1.24,63.6
2022-07-03 20:00:00,7,20,18.87,0.0,-0.0,0.0,1.17,70.45
2022-07-03 21:00:00,7,21,18.49,0.0,-0.0,0.0,1.1,70.45
2022-07-03 22:00:00,7,22,18.35,0.0,-0.0,0.0,0.97,72.9
2022-07-03 23:00:00,7,23,18.48,0.0,-0.0,0.0,0.83,70.45
2022-07-04 00:00:00,7,0,18.43,0.0,-0.0,0.0,0.69,72.9
2022-07-04 01:00:00,7,1,18.19,0.0,-0.0,0.0,0.55,75.45
2022-07-04 02:00:00,7,2,18.2,5.0,0.0,5.0,0.34,75.45
2022-07-04 03:00:00,7,3,18.33,19.0,0.0,19.0,0.28,78.15
2022-07-04 04:00:00,7,4,19.32,36.0,0.0,36.0,0.41,73.05
2022-07-04 05:00:00,7,5,20.54,72.0,0.0,72.0,0.76,63.8
2022-07-04 06:00:00,7,6,22.01,174.0,0.0,174.0,1.38,55.8
2022-07-04 07:00:00,7,7,22.19,504.0,85.95,428.0,2.14,57.75
2022-07-04 08:00:00,7,8,23.4,817.0,458.3,384.0,2.07,54.1
2022-07-04 09:00:00,7,9,24.02,943.0,722.52,251.0,2.21,48.95
2022-07-04 10:00:00,7,10,24.6,861.0,608.3,300.0,2.34,45.75
2022-07-04 11:00:00,7,11,25.3,758.0,550.74,295.0,2.48,42.75
2022-07-04 12:00:00,7,12,26.12,661.0,619.24,216.0,2.62,38.7
2022-07-04 13:00:00,7,13,26.13,485.0,524.47,189.0,2.69,36.05
2022-07-04 14:00:00,7,14,26.05,306.0,435.03,137.0,2.62,33.55
2022-07-04 15:00:00,7,15,25.59,116.0,177.42,80.0,2.34,33.4
2022-07-04 16:00:00,7,16,24.59,0.0,0.0,0.0,1.72,35.65
2022-07-04 17:00:00,7,17,22.98,0.0,-0.0,0.0,0.76,46.85
2022-07-04 18:00:00,7,18,22.44,0.0,-0.0,0.0,0.69,43.5
2022-07-04 19:00:00,7,19,20.34,0.0,-0.0,0.0,1.24,51.5
2022-07-04 20:00:00,7,20,19.18,0.0,-0.0,0.0,1.38,55.05
2022-07-04 21:00:00,7,21,18.6,0.0,-0.0,0.0,1.24,56.95
2022-07-04 22:00:00,7,22,17.85,0.0,-0.0,0.0,1.17,60.95
2022-07-04 23:00:00,7,23,16.89,0.0,-0.0,0.0,1.17,63.05
2022-07-05 00:00:00,7,0,16.23,0.0,-0.0,0.0,1.17,65.25
2022-07-05 01:00:00,7,1,15.6,0.0,-0.0,0.0,1.24,70.0
2022-07-05 02:00:00,7,2,15.36,5.0,0.0,5.0,1.17,72.45
2022-07-05 03:00:00,7,3,17.43,19.0,0.0,19.0,0.83,65.45
2022-07-05 04:00:00,7,4,21.1,394.0,481.56,167.0,0.55,51.75
2022-07-05 05:00:00,7,5,23.44,616.0,701.37,168.0,0.48,42.25
2022-07-05 06:00:00,7,6,25.03,776.0,751.94,190.0,1.17,35.8
2022-07-05 07:00:00,7,7,26.37,893.0,774.18,209.0,1.93,33.55
2022-07-05 08:00:00,7,8,27.43,967.0,797.46,214.0,2.28,31.5
2022-07-05 09:00:00,7,9,28.21,983.0,801.17,216.0,2.48,30.5
2022-07-05 10:00:00,7,10,28.87,945.0,799.39,208.0,2.69,29.55
2022-07-05 11:00:00,7,11,29.22,840.0,756.73,204.0,2.9,29.7
2022-07-05 12:00:00,7,12,29.43,691.0,693.18,193.0,3.03,28.65
2022-07-05 13:00:00,7,13,29.32,511.0,604.43,170.0,3.1,28.65
2022-07-05 14:00:00,7,14,28.88,318.0,479.14,132.0,3.03,28.5
2022-07-05 15:00:00,7,15,28.07,130.0,256.78,78.0,2.48,29.4
2022-07-05 16:00:00,7,16,26.83,0.0,0.0,0.0,1.45,31.35
2022-07-05 17:00:00,7,17,25.51,0.0,-0.0,0.0,0.62,38.45
2022-07-05 18:00:00,7,18,25.46,0.0,-0.0,0.0,0.48,34.5
2022-07-05 19:00:00,7,19,21.4,0.0,-0.0,0.0,1.66,46.5
2022-07-05 20:00:00,7,20,19.4,0.0,-0.0,0.0,2.0,53.15
2022-07-05 21:00:00,7,21,18.09,0.0,-0.0,0.0,1.93,56.85
2022-07-05 22:00:00,7,22,17.19,0.0,-0.0,0.0,1.72,56.75
2022-07-05 23:00:00,7,23,16.65,0.0,-0.0,0.0,1.45,58.7
2022-07-06 00:00:00,7,0,16.2,0.0,-0.0,0.0,1.38,60.75
2022-07-06 01:00:00,7,1,15.83,0.0,-0.0,0.0,1.31,62.85
2022-07-06 02:00:00,7,2,15.97,5.0,0.0,5.0,1.17,62.95
2022-07-06 03:00:00,7,3,18.41,209.0,351.74,108.0,0.83,58.9
2022-07-06 04:00:00,7,4,22.01,424.0,608.44,138.0,0.48,46.75
2022-07-06 05:00:00,7,5,24.7,613.0,702.63,165.0,0.9,34.4
2022-07-06 06:00:00,7,6,26.27,766.0,734.87,194.0,1.93,30.1
2022-07-06 07:00:00,7,7,27.96,882.0,756.73,214.0,2.62,29.4
2022-07-06 08:00:00,7,8,29.04,956.0,778.89,221.0,3.38,29.55
2022-07-06 09:00:00,7,9,29.8,966.0,773.33,226.0,3.72,26.75
2022-07-06 10:00:00,7,10,30.37,929.0,771.47,218.0,4.0,25.95
2022-07-06 11:00:00,7,11,30.83,826.0,729.6,213.0,4.28,24.25
2022-07-06 12:00:00,7,12,30.58,671.0,640.51,211.0,4.48,24.25
2022-07-06 13:00:00,7,13,30.04,490.0,533.8,189.0,4.62,25.8
2022-07-06 14:00:00,7,14,29.13,294.0,373.87,149.0,4.55,27.6
2022-07-06 15:00:00,7,15,27.67,131.0,272.24,76.0,4.07,31.6
2022-07-06 16:00:00,7,16,25.94,0.0,0.0,0.0,3.38,38.55
2022-07-06 17:00:00,7,17,24.29,0.0,-0.0,0.0,2.62,45.6
2022-07-06 18:00:00,7,18,23.08,0.0,-0.0,0.0,2.14,50.45
2022-07-06 19:00:00,7,19,21.83,0.0,-0.0,0.0,2.0,59.7
2022-07-06 20:00:00,7,20,20.84,0.0,-0.0,0.0,1.66,66.05
2022-07-06 21:00:00,7,21,19.68,0.0,-0.0,0.0,1.17,73.15
2022-07-06 22:00:00,7,22,19.35,0.0,-0.0,0.0,1.1,78.3
2022-07-06 23:00:00,7,23,19.01,0.0,-0.0,0.0,1.1,78.3
2022-07-07 00:00:00,7,0,19.07,0.0,-0.0,0.0,0.9,81.05
2022-07-07 01:00:00,7,1,18.88,0.0,-0.0,0.0,0.76,83.8
2022-07-07 02:00:00,7,2,18.98,4.0,0.0,4.0,0.48,83.85
2022-07-07 03:00:00,7,3,18.95,18.0,0.0,18.0,0.55,86.75
2022-07-07 04:00:00,7,4,18.98,184.0,19.2,175.0,0.62,86.8
2022-07-07 05:00:00,7,5,19.63,388.0,141.42,298.0,0.9,83.9
2022-07-07 06:00:00,7,6,20.88,612.0,357.61,334.0,1.59,75.85
2022-07-07 07:00:00,7,7,22.13,764.0,488.69,333.0,1.93,71.05
2022-07-07 08:00:00,7,8,22.35,847.0,545.06,333.0,2.07,71.05
2022-07-07 09:00:00,7,9,23.02,875.0,580.29,320.0,2.28,64.3
2022-07-07 10:00:00,7,10,23.8,841.0,581.83,305.0,2.28,62.25
2022-07-07 11:00:00,7,11,24.07,589.0,223.84,401.0,2.07,58.2
2022-07-07 12:00:00,7,12,24.5,593.0,440.19,277.0,1.86,56.25
2022-07-07 13:00:00,7,13,24.94,362.0,186.32,257.0,1.66,52.6
2022-07-07 14:00:00,7,14,24.82,234.0,170.37,168.0,1.45,50.8
2022-07-07 15:00:00,7,15,24.64,78.0,39.71,70.0,1.1,49.05
2022-07-07 16:00:00,7,16,24.11,0.0,0.0,0.0,0.34,50.7
2022-07-07 17:00:00,7,17,23.75,0.0,-0.0,0.0,0.34,52.35
2022-07-07 18:00:00,7,18,22.29,0.0,-0.0,0.0,0.9,59.8
2022-07-07 19:00:00,7,19,20.26,0.0,-0.0,0.0,1.31,70.7
2022-07-07 20:00:00,7,20,19.36,0.0,-0.0,0.0,1.52,78.3
2022-07-07 21:00:00,7,21,18.43,0.0,-0.0,0.0,1.52,83.75
2022-07-07 22:00:00,7,22,18.4,0.0,-0.0,0.0,1.31,83.75
2022-07-07 23:00:00,7,23,18.04,0.0,-0.0,0.0,1.24,83.75
2022-07-08 00:00:00,7,0,17.71,0.0,-0.0,0.0,1.17,86.65
2022-07-08 01:00:00,7,1,17.78,0.0,-0.0,0.0,1.03,86.65
2022-07-08 02:00:00,7,2,17.61,4.0,0.0,4.0,1.03,86.65
2022-07-08 03:00:00,7,3,19.48,18.0,0.0,18.0,0.62,78.35
2022-07-08 04:00:00,7,4,21.96,89.0,0.0,89.0,0.34,66.25
2022-07-08 05:00:00,7,5,23.41,489.0,347.92,268.0,0.48,54.1
2022-07-08 06:00:00,7,6,24.94,699.0,573.19,254.0,1.03,44.15
2022-07-08 07:00:00,7,7,26.63,834.0,659.39,253.0,1.45,38.85
2022-07-08 08:00:00,7,8,27.79,910.0,692.94,257.0,1.93,36.45
2022-07-08 09:00:00,7,9,28.82,936.0,724.97,243.0,2.28,35.3
2022-07-08 10:00:00,7,10,29.74,894.0,712.41,238.0,2.55,33.15
2022-07-08 11:00:00,7,11,30.12,808.0,707.56,214.0,2.76,32.15
2022-07-08 12:00:00,7,12,30.4,663.0,643.91,201.0,2.83,31.0
2022-07-08 13:00:00,7,13,30.41,494.0,573.59,171.0,2.83,29.95
2022-07-08 14:00:00,7,14,29.89,300.0,418.73,138.0,2.69,29.8
2022-07-08 15:00:00,7,15,29.25,121.0,209.16,79.0,2.14,29.7
2022-07-08 16:00:00,7,16,28.24,0.0,0.0,0.0,1.17,32.75
2022-07-08 17:00:00,7,17,27.6,0.0,-0.0,0.0,0.48,32.75
2022-07-08 18:00:00,7,18,26.86,0.0,-0.0,0.0,0.83,34.9
2022-07-08 19:00:00,7,19,23.04,0.0,-0.0,0.0,1.59,43.75
2022-07-08 20:00:00,7,20,21.91,0.0,-0.0,0.0,1.52,46.6
2022-07-08 21:00:00,7,21,20.57,0.0,-0.0,0.0,1.52,51.65
2022-07-08 22:00:00,7,22,19.17,0.0,-0.0,0.0,1.45,57.1
2022-07-08 23:00:00,7,23,18.14,0.0,-0.0,0.0,1.38,61.05
2022-07-09 00:00:00,7,0,17.33,0.0,-0.0,0.0,1.31,65.45
2022-07-09 01:00:00,7,1,16.75,0.0,-0.0,0.0,1.31,67.75
2022-07-09 02:00:00,7,2,16.39,4.0,0.0,4.0,1.31,72.65
2022-07-09 03:00:00,7,3,18.61,135.0,74.36,114.0,1.03,65.65
2022-07-09 04:00:00,7,4,23.34,371.0,420.75,175.0,0.76,48.7
2022-07-09 05:00:00,7,5,26.27,573.0,596.27,195.0,0.34,36.05
2022-07-09 06:00:00,7,6,27.98,741.0,684.9,210.0,0.83,29.4
2022-07-09 07:00:00,7,7,29.67,859.0,713.43,231.0,1.45,28.75
2022-07-09 08:00:00,7,8,30.98,932.0,734.87,240.0,2.07,26.05
2022-07-09 09:00:00,7,9,31.98,953.0,753.66,233.0,2.69,25.4
2022-07-09 10:00:00,7,10,32.66,916.0,752.98,223.0,3.03,24.75
2022-07-09 11:00:00,7,11,33.0,824.0,731.76,210.0,3.24,25.65
2022-07-09 12:00:00,7,12,33.11,677.0,669.39,197.0,3.24,24.85
2022-07-09 13:00:00,7,13,33.01,502.0,590.09,170.0,3.17,25.65
2022-07-09 14:00:00,7,14,32.47,309.0,453.03,134.0,2.97,26.45
2022-07-09 15:00:00,7,15,31.61,127.0,249.92,77.0,2.41,28.25
2022-07-09 16:00:00,7,16,30.21,0.0,0.0,0.0,1.66,31.0
2022-07-09 17:00:00,7,17,28.13,0.0,-0.0,0.0,1.24,37.75
2022-07-09 18:00:00,7,18,27.77,0.0,-0.0,0.0,0.9,36.45
2022-07-09 19:00:00,7,19,25.56,0.0,-0.0,0.0,1.1,41.4
2022-07-09 20:00:00,7,20,23.67,0.0,-0.0,0.0,1.38,47.15
2022-07-09 21:00:00,7,21,22.29,0.0,-0.0,0.0,1.38,52.0
2022-07-09 22:00:00,7,22,21.7,0.0,-0.0,0.0,1.24,53.75
2022-07-09 23:00:00,7,23,21.67,0.0,-0.0,0.0,0.97,53.75
2022-07-10 00:00:00,7,0,21.64,0.0,-0.0,0.0,0.76,53.75
2022-07-10 01:00:00,7,1,21.28,0.0,-0.0,0.0,0.69,55.55
2022-07-10 02:00:00,7,2,20.95,4.0,0.0,4.0,0.55,57.45
2022-07-10 03:00:00,7,3,21.64,141.0,89.05,116.0,0.21,53.75
2022-07-10 04:00:00,7,4,24.31,364.0,398.41,179.0,0.14,48.95
2022-07-10 05:00:00,7,5,26.56,569.0,584.84,199.0,0.55,40.25
2022-07-10 06:00:00,7,6,28.44,736.0,672.95,215.0,1.24,36.45
2022-07-10 07:00:00,7,7,29.86,859.0,714.16,231.0,1.72,35.6
2022-07-10 08:00:00,7,8,31.2,937.0,749.26,232.0,2.55,33.55
2022-07-10 09:00:00,7,9,32.12,959.0,766.7,227.0,3.17,32.65
2022-07-10 10:00:00,7,10,32.77,917.0,754.48,223.0,3.45,33.95
2022-07-10 11:00:00,7,11,33.19,820.0,723.82,213.0,3.66,32.9
2022-07-10 12:00:00,7,12,33.41,673.0,660.08,200.0,3.66,31.8
2022-07-10 13:00:00,7,13,33.37,496.0,569.32,176.0,3.52,29.65
2022-07-10 14:00:00,7,14,32.87,304.0,427.89,139.0,3.38,28.5
2022-07-10 15:00:00,7,15,31.88,126.0,250.96,76.0,2.9,29.3
2022-07-10 16:00:00,7,16,30.3,0.0,0.0,0.0,2.28,31.0
2022-07-10 17:00:00,7,17,28.58,0.0,-0.0,0.0,1.52,32.9
2022-07-10 18:00:00,7,18,26.64,0.0,-0.0,0.0,1.17,38.85
2022-07-10 19:00:00,7,19,26.49,0.0,-0.0,0.0,0.83,40.1
2022-07-10 20:00:00,7,20,26.22,0.0,-0.0,0.0,0.62,38.7
2022-07-10 21:00:00,7,21,25.38,0.0,-0.0,0.0,0.55,42.75
2022-07-10 22:00:00,7,22,24.57,0.0,-0.0,0.0,0.62,44.15
2022-07-10 23:00:00,7,23,23.73,0.0,-0.0,0.0,0.69,47.15
2022-07-11 00:00:00,7,0,23.14,0.0,-0.0,0.0,0.48,48.7
2022-07-11 01:00:00,7,1,22.48,0.0,-0.0,0.0,0.28,52.0
2022-07-11 02:00:00,7,2,22.03,4.0,0.0,4.0,0.28,52.0
2022-07-11 03:00:00,7,3,22.36,153.0,129.02,117.0,0.34,53.85
2022-07-11 04:00:00,7,4,24.86,379.0,466.71,163.0,0.21,45.75
2022-07-11 05:00:00,7,5,26.96,574.0,612.99,187.0,0.48,38.85
2022-07-11 06:00:00,7,6,28.91,727.0,654.52,221.0,1.03,35.3
2022-07-11 07:00:00,7,7,30.59,849.0,694.42,239.0,2.0,33.4
2022-07-11 08:00:00,7,8,31.95,932.0,744.55,232.0,2.62,32.55
2022-07-11 09:00:00,7,9,32.94,948.0,748.35,234.0,3.03,31.65
2022-07-11 10:00:00,7,10,33.62,912.0,748.41,224.0,3.31,31.95
2022-07-11 11:00:00,7,11,34.14,815.0,717.12,214.0,3.52,32.05
2022-07-11 12:00:00,7,12,34.33,673.0,664.78,197.0,3.59,32.05
2022-07-11 13:00:00,7,13,34.1,493.0,562.84,177.0,3.66,31.95
2022-07-11 14:00:00,7,14,33.6,303.0,431.33,137.0,3.45,31.8
2022-07-11 15:00:00,7,15,32.79,121.0,221.86,77.0,2.83,32.8
2022-07-11 16:00:00,7,16,31.53,0.0,0.0,0.0,1.93,35.95
2022-07-11 17:00:00,7,17,30.05,0.0,-0.0,0.0,1.45,39.5
2022-07-11 18:00:00,7,18,29.77,0.0,-0.0,0.0,0.69,38.15
2022-07-11 19:00:00,7,19,28.68,0.0,-0.0,0.0,0.21,40.65
2022-07-11 20:00:00,7,20,27.86,0.0,-0.0,0.0,0.07,43.4
2022-07-11 21:00:00,7,21,27.04,0.0,-0.0,0.0,0.21,46.25
2022-07-11 22:00:00,7,22,26.28,0.0,-0.0,0.0,0.28,47.75
2022-07-11 23:00:00,7,23,25.59,0.0,-0.0,0.0,0.41,49.3
2022-07-12 00:00:00,7,0,24.88,0.0,-0.0,0.0,0.69,52.6
2022-07-12 01:00:00,7,1,24.38,0.0,-0.0,0.0,0.83,54.35
2022-07-12 02:00:00,7,2,23.44,4.0,0.0,4.0,0.97,58.0
2022-07-12 03:00:00,7,3,23.74,50.0,0.0,50.0,0.76,58.1
2022-07-12 04:00:00,7,4,26.61,324.0,271.0,199.0,0.41,53.1
2022-07-12 05:00:00,7,5,29.23,526.0,458.75,237.0,1.45,31.85
2022-07-12 06:00:00,7,6,30.51,701.0,579.06,254.0,2.34,27.85
2022-07-12 07:00:00,7,7,31.67,833.0,654.15,259.0,2.9,28.25
2022-07-12 08:00:00,7,8,32.77,914.0,701.53,255.0,3.45,27.55
2022-07-12 09:00:00,7,9,33.64,931.0,705.88,258.0,3.79,25.9
2022-07-12 10:00:00,7,10,34.41,890.0,694.48,252.0,4.0,25.1
2022-07-12 11:00:00,7,11,35.02,796.0,665.08,239.0,4.14,24.35
2022-07-12 12:00:00,7,12,35.2,657.0,616.43,216.0,4.21,22.8
2022-07-12 13:00:00,7,13,34.77,481.0,520.74,189.0,4.28,22.7
2022-07-12 14:00:00,7,14,33.7,291.0,380.18,145.0,4.21,24.1
2022-07-12 15:00:00,7,15,32.2,115.0,187.52,78.0,3.66,26.45
2022-07-12 16:00:00,7,16,30.35,0.0,0.0,0.0,3.03,29.95
2022-07-12 17:00:00,7,17,28.56,0.0,-0.0,0.0,2.21,32.9
2022-07-12 18:00:00,7,18,27.0,0.0,-0.0,0.0,1.59,37.5
2022-07-12 19:00:00,7,19,24.73,0.0,-0.0,0.0,1.52,44.15
2022-07-12 20:00:00,7,20,23.57,0.0,-0.0,0.0,1.31,47.15
2022-07-12 21:00:00,7,21,23.2,0.0,-0.0,0.0,1.17,48.7
2022-07-12 22:00:00,7,22,23.88,0.0,-0.0,0.0,0.9,47.15
2022-07-12 23:00:00,7,23,23.7,0.0,-0.0,0.0,0.76,47.15
2022-07-13 00:00:00,7,0,23.07,0.0,-0.0,0.0,0.9,47.0
2022-07-13 01:00:00,7,1,20.85,0.0,-0.0,0.0,1.24,55.45
2022-07-13 02:00:00,7,2,19.62,44.0,135.47,32.0,1.38,61.4
2022-07-13 03:00:00,7,3,21.51,116.0,43.56,104.0,0.83,53.75
2022-07-13 04:00:00,7,4,24.97,346.0,348.09,186.0,0.21,45.75
2022-07-13 05:00:00,7,5,27.16,545.0,523.39,216.0,0.83,33.8
2022-07-13 06:00:00,7,6,28.76,708.0,604.6,242.0,1.52,32.9
2022-07-13 07:00:00,7,7,30.54,842.0,681.13,245.0,2.34,31.0
2022-07-13 08:00:00,7,8,31.73,920.0,716.01,248.0,2.83,29.3
2022-07-13 09:00:00,7,9,32.68,936.0,720.05,250.0,3.31,28.5
2022-07-13 10:00:00,7,10,33.43,895.0,709.13,244.0,3.45,28.65
2022-07-13 11:00:00,7,11,34.06,800.0,678.73,232.0,3.38,26.8
2022-07-13 12:00:00,7,12,34.58,664.0,640.8,206.0,3.38,25.1
2022-07-13 13:00:00,7,13,34.68,486.0,541.11,183.0,3.45,23.5
2022-07-13 14:00:00,7,14,34.22,298.0,412.41,140.0,3.52,21.8
2022-07-13 15:00:00,7,15,33.02,122.0,234.43,76.0,3.1,22.2
2022-07-13 16:00:00,7,16,31.26,0.0,0.0,0.0,2.48,24.35
2022-07-13 17:00:00,7,17,29.45,0.0,-0.0,0.0,2.0,28.65
2022-07-13 18:00:00,7,18,27.62,0.0,-0.0,0.0,1.52,32.75
2022-07-13 19:00:00,7,19,25.52,0.0,-0.0,0.0,1.38,42.75
2022-07-13 20:00:00,7,20,25.52,0.0,-0.0,0.0,1.03,42.75
2022-07-13 21:00:00,7,21,25.46,0.0,-0.0,0.0,0.9,42.75
2022-07-13 22:00:00,7,22,25.18,0.0,-0.0,0.0,0.62,42.75
2022-07-13 23:00:00,7,23,24.5,0.0,-0.0,0.0,0.34,45.6
2022-07-14 00:00:00,7,0,23.85,0.0,-0.0,0.0,0.34,47.15
2022-07-14 01:00:00,7,1,23.24,0.0,-0.0,0.0,0.55,48.7
2022-07-14 02:00:00,7,2,22.68,42.0,127.09,31.0,0.69,50.3
2022-07-14 03:00:00,7,3,22.95,18.0,0.0,18.0,0.55,50.3
2022-07-14 04:00:00,7,4,25.38,34.0,0.0,34.0,0.07,45.9
2022-07-14 05:00:00,7,5,27.28,148.0,0.0,148.0,0.69,37.6
2022-07-14 06:00:00,7,6,29.04,507.0,175.43,372.0,1.45,36.6
2022-07-14 07:00:00,7,7,30.51,733.0,421.49,364.0,2.28,36.95
2022-07-14 08:00:00,7,8,31.83,870.0,597.22,310.0,2.76,33.7
2022-07-14 09:00:00,7,9,32.96,916.0,675.45,273.0,3.1,32.8
2022-07-14 10:00:00,7,10,33.83,811.0,506.91,346.0,3.31,30.85
2022-07-14 11:00:00,7,11,34.58,585.0,216.46,404.0,3.31,28.9
2022-07-14 12:00:00,7,12,35.17,308.0,22.41,292.0,3.38,24.5
2022-07-14 13:00:00,7,13,35.35,413.0,307.63,241.0,3.45,22.8
2022-07-14 14:00:00,7,14,34.96,251.0,227.68,164.0,3.45,21.15
2022-07-14 15:00:00,7,15,33.91,93.0,92.29,75.0,3.03,21.65
2022-07-14 16:00:00,7,16,32.21,0.0,0.0,0.0,2.48,22.9
2022-07-14 17:00:00,7,17,30.37,0.0,-0.0,0.0,1.86,25.95
2022-07-14 18:00:00,7,18,28.17,0.0,-0.0,0.0,1.45,32.75
2022-07-14 19:00:00,7,19,25.93,0.0,-0.0,0.0,1.59,38.55
2022-07-14 20:00:00,7,20,24.81,0.0,-0.0,0.0,1.52,39.7
2022-07-14 21:00:00,7,21,24.56,0.0,-0.0,0.0,1.38,39.7
2022-07-14 22:00:00,7,22,25.4,0.0,-0.0,0.0,0.97,37.1
2022-07-14 23:00:00,7,23,25.42,0.0,-0.0,0.0,0.69,37.1
2022-07-15 00:00:00,7,0,25.01,0.0,-0.0,0.0,0.69,39.7
2022-07-15 01:00:00,7,1,24.09,0.0,-0.0,0.0,0.97,42.5
2022-07-15 02:00:00,7,2,21.38,42.0,142.04,30.0,1.38,53.6
2022-07-15 03:00:00,7,3,21.51,149.0,128.8,114.0,1.24,57.65
2022-07-15 04:00:00,7,4,25.93,379.0,486.47,157.0,0.9,42.9
2022-07-15 05:00:00,7,5,28.63,574.0,626.48,182.0,0.48,32.9
2022-07-15 06:00:00,7,6,30.41,738.0,695.03,204.0,1.03,31.0
2022-07-15 07:00:00,7,7,32.17,867.0,747.94,213.0,2.69,28.4
2022-07-15 08:00:00,7,8,33.47,937.0,761.13,224.0,3.1,27.65
2022-07-15 09:00:00,7,9,34.51,949.0,752.77,233.0,3.52,26.0
2022-07-15 10:00:00,7,10,35.21,908.0,740.79,229.0,3.86,25.35
2022-07-15 11:00:00,7,11,35.48,807.0,696.66,225.0,4.14,25.35
2022-07-15 12:00:00,7,12,35.35,662.0,633.79,210.0,4.28,25.35
2022-07-15 13:00:00,7,13,34.71,492.0,567.91,175.0,4.28,25.25
2022-07-15 14:00:00,7,14,33.58,301.0,433.04,136.0,4.07,27.65
2022-07-15 15:00:00,7,15,31.98,122.0,242.56,75.0,3.38,31.4
2022-07-15 16:00:00,7,16,30.1,0.0,0.0,0.0,2.55,35.7
2022-07-15 17:00:00,7,17,28.41,0.0,-0.0,0.0,1.66,41.95
2022-07-15 18:00:00,7,18,26.58,0.0,-0.0,0.0,1.24,47.9
2022-07-15 19:00:00,7,19,25.55,0.0,-0.0,0.0,1.03,49.3
2022-07-15 20:00:00,7,20,26.04,0.0,-0.0,0.0,0.62,46.15
2022-07-15 21:00:00,7,21,25.41,0.0,-0.0,0.0,0.34,49.2
2022-07-15 22:00:00,7,22,24.76,0.0,-0.0,0.0,0.21,50.8
2022-07-15 23:00:00,7,23,24.22,0.0,-0.0,0.0,0.28,52.5
2022-07-16 00:00:00,7,0,23.64,0.0,-0.0,0.0,0.28,56.15
2022-07-16 01:00:00,7,1,22.9,0.0,-0.0,0.0,0.14,57.9
2022-07-16 02:00:00,7,2,22.29,40.0,133.55,29.0,0.21,59.8
2022-07-16 03:00:00,7,3,22.55,162.0,181.6,113.0,0.21,57.9
2022-07-16 04:00:00,7,4,25.05,378.0,492.69,154.0,0.21,50.95
2022-07-16 05:00:00,7,5,27.28,568.0,613.54,185.0,0.62,43.3
2022-07-16 06:00:00,7,6,29.18,735.0,692.27,204.0,1.03,38.0
2022-07-16 07:00:00,7,7,31.01,870.0,755.74,210.0,1.66,37.1
2022-07-16 08:00:00,7,8,32.47,940.0,769.37,220.0,2.14,33.8
2022-07-16 09:00:00,7,9,33.59,958.0,774.48,222.0,2.55,32.9
2022-07-16 10:00:00,7,10,34.38,911.0,751.26,223.0,2.83,30.95
2022-07-16 11:00:00,7,11,34.9,819.0,730.88,209.0,3.1,30.05
2022-07-16 12:00:00,7,12,35.09,668.0,657.03,200.0,3.31,29.05
2022-07-16 13:00:00,7,13,34.87,491.0,565.33,176.0,3.38,29.05
2022-07-16 14:00:00,7,14,34.29,306.0,465.95,129.0,3.1,28.9
2022-07-16 15:00:00,7,15,33.45,123.0,259.87,73.0,2.55,29.65
2022-07-16 16:00:00,7,16,32.15,0.0,0.0,0.0,1.79,31.55
2022-07-16 17:00:00,7,17,30.54,0.0,-0.0,0.0,1.24,36.95
2022-07-16 18:00:00,7,18,30.52,0.0,-0.0,0.0,0.76,35.7
2022-07-16 19:00:00,7,19,29.73,0.0,-0.0,0.0,0.62,38.15
2022-07-16 20:00:00,7,20,28.73,0.0,-0.0,0.0,0.83,40.65
2022-07-16 21:00:00,7,21,27.67,0.0,-0.0,0.0,0.9,43.4
2022-07-16 22:00:00,7,22,26.62,0.0,-0.0,0.0,0.97,46.25
2022-07-16 23:00:00,7,23,25.59,0.0,-0.0,0.0,0.9,49.3
2022-07-17 00:00:00,7,0,24.25,0.0,-0.0,0.0,0.9,54.35
2022-07-17 01:00:00,7,1,23.39,0.0,-0.0,0.0,0.97,60.05
2022-07-17 02:00:00,7,2,22.53,39.0,137.15,28.0,0.97,62.05
2022-07-17 03:00:00,7,3,24.08,153.0,153.06,112.0,0.55,56.25
2022-07-17 04:00:00,7,4,26.9,378.0,496.78,153.0,0.14,58.8
2022-07-17 05:00:00,7,5,29.74,569.0,616.64,185.0,0.83,39.5
2022-07-17 06:00:00,7,6,31.39,732.0,684.3,208.0,1.59,33.55
2022-07-17 07:00:00,7,7,32.8,862.0,739.5,217.0,2.21,31.65
2022-07-17 08:00:00,7,8,33.98,942.0,773.38,219.0,2.83,30.85
2022-07-17 09:00:00,7,9,34.92,955.0,767.82,226.0,3.24,30.05
2022-07-17 10:00:00,7,10,35.66,908.0,743.21,228.0,3.45,28.3
2022-07-17 11:00:00,7,11,36.12,812.0,712.45,218.0,3.59,28.3
2022-07-17 12:00:00,7,12,36.32,666.0,648.06,205.0,3.66,26.5
2022-07-17 13:00:00,7,13,36.15,494.0,580.81,171.0,3.59,25.6
2022-07-17 14:00:00,7,14,35.52,303.0,451.64,132.0,3.45,26.25
2022-07-17 15:00:00,7,15,34.4,122.0,261.85,72.0,2.97,26.95
2022-07-17 16:00:00,7,16,32.69,0.0,0.0,0.0,2.21,30.6
2022-07-17 17:00:00,7,17,30.88,0.0,-0.0,0.0,1.45,34.6
2022-07-17 18:00:00,7,18,28.75,0.0,-0.0,0.0,1.31,42.05
2022-07-17 19:00:00,7,19,27.16,0.0,-0.0,0.0,1.17,43.3
2022-07-17 20:00:00,7,20,26.97,0.0,-0.0,0.0,1.03,43.15
2022-07-17 21:00:00,7,21,27.2,0.0,-0.0,0.0,0.83,40.35
2022-07-17 22:00:00,7,22,26.54,0.0,-0.0,0.0,0.69,41.65
2022-07-17 23:00:00,7,23,25.81,0.0,-0.0,0.0,0.55,44.45
2022-07-18 00:00:00,7,0,25.05,0.0,-0.0,0.0,0.48,45.9
2022-07-18 01:00:00,7,1,24.24,0.0,-0.0,0.0,0.55,48.95
2022-07-18 02:00:00,7,2,23.43,37.0,128.21,27.0,0.76,52.25
2022-07-18 03:00:00,7,3,23.83,151.0,150.45,111.0,0.62,52.35
2022-07-18 04:00:00,7,4,26.46,376.0,494.29,153.0,0.21,56.7
2022-07-18 05:00:00,7,5,29.36,560.0,590.8,193.0,0.55,34.2
2022-07-18 06:00:00,7,6,31.16,725.0,668.48,214.0,1.03,29.15
2022-07-18 07:00:00,7,7,32.64,859.0,737.03,217.0,1.72,27.55
2022-07-18 08:00:00,7,8,34.03,934.0,760.29,224.0,2.21,26.8
2022-07-18 09:00:00,7,9,35.24,947.0,752.75,233.0,2.69,24.5
2022-07-18 10:00:00,7,10,36.15,906.0,740.65,229.0,2.97,23.05
2022-07-18 11:00:00,7,11,36.72,809.0,709.63,218.0,3.24,21.6
2022-07-18 12:00:00,7,12,37.02,660.0,633.5,210.0,3.38,21.6
2022-07-18 13:00:00,7,13,36.96,487.0,556.79,178.0,3.45,20.85
2022-07-18 14:00:00,7,14,36.53,301.0,447.93,132.0,3.38,20.75
2022-07-18 15:00:00,7,15,35.59,120.0,253.42,72.0,2.69,21.25
2022-07-18 16:00:00,7,16,34.04,0.0,0.0,0.0,1.79,23.25
2022-07-18 17:00:00,7,17,31.97,0.0,-0.0,0.0,1.1,29.3
2022-07-18 18:00:00,7,18,30.75,0.0,-0.0,0.0,1.1,30.05
2022-07-18 19:00:00,7,19,27.97,0.0,-0.0,0.0,1.38,37.75
2022-07-18 20:00:00,7,20,27.66,0.0,-0.0,0.0,1.17,36.45
2022-07-18 21:00:00,7,21,28.01,0.0,-0.0,0.0,0.76,36.45
2022-07-18 22:00:00,7,22,27.12,0.0,-0.0,0.0,0.34,37.6
2022-07-18 23:00:00,7,23,26.38,0.0,-0.0,0.0,0.21,40.1
2022-07-19 00:00:00,7,0,25.76,0.0,-0.0,0.0,0.41,41.4
2022-07-19 01:00:00,7,1,25.14,0.0,-0.0,0.0,0.62,42.75
2022-07-19 02:00:00,7,2,24.13,35.0,105.61,27.0,0.97,45.6
2022-07-19 03:00:00,7,3,23.52,119.0,60.64,103.0,1.03,52.35
2022-07-19 04:00:00,7,4,27.18,350.0,398.35,171.0,0.62,43.3
2022-07-19 05:00:00,7,5,29.84,544.0,548.72,204.0,0.41,33.15
2022-07-19 06:00:00,7,6,31.65,714.0,647.39,220.0,0.97,29.3
2022-07-19 07:00:00,7,7,32.99,847.0,716.19,224.0,1.72,28.5
2022-07-19 08:00:00,7,8,34.46,921.0,739.7,231.0,2.28,26.0
2022-07-19 09:00:00,7,9,35.76,939.0,745.07,233.0,2.69,22.95
2022-07-19 10:00:00,7,10,36.73,893.0,718.42,237.0,3.17,21.6
2022-07-19 11:00:00,7,11,37.35,793.0,675.61,231.0,3.59,20.25
2022-07-19 12:00:00,7,12,37.47,650.0,613.31,215.0,3.79,19.55
2022-07-19 13:00:00,7,13,37.03,385.0,243.8,250.0,3.93,20.85
2022-07-19 14:00:00,7,14,35.96,99.0,0.0,99.0,3.86,22.95
2022-07-19 15:00:00,7,15,34.39,126.0,292.91,71.0,3.24,26.95
2022-07-19 16:00:00,7,16,32.52,0.0,0.0,0.0,2.34,31.55
2022-07-19 17:00:00,7,17,30.82,0.0,-0.0,0.0,1.72,35.85
2022-07-19 18:00:00,7,18,29.21,0.0,-0.0,0.0,1.52,39.35
2022-07-19 19:00:00,7,19,27.03,0.0,-0.0,0.0,1.24,46.25
2022-07-19 20:00:00,7,20,26.76,0.0,-0.0,0.0,1.03,44.7
2022-07-19 21:00:00,7,21,27.16,0.0,-0.0,0.0,0.76,41.8
2022-07-19 22:00:00,7,22,26.66,0.0,-0.0,0.0,0.62,43.15
2022-07-19 23:00:00,7,23,26.12,0.0,-0.0,0.0,0.48,44.55
2022-07-20 00:00:00,7,0,25.67,0.0,-0.0,0.0,0.69,46.0
2022-07-20 01:00:00,7,1,24.42,0.0,-0.0,0.0,1.1,50.7
2022-07-20 02:00:00,7,2,22.9,32.0,95.28,25.0,1.31,55.9
2022-07-20 03:00:00,7,3,24.1,33.0,0.0,33.0,0.9,52.5
2022-07-20 04:00:00,7,4,27.09,198.0,40.22,180.0,0.62,43.3
2022-07-20 05:00:00,7,5,28.92,444.0,273.45,275.0,0.97,39.25
2022-07-20 06:00:00,7,6,30.53,656.0,496.28,278.0,1.45,35.7
2022-07-20 07:00:00,7,7,32.1,818.0,652.72,251.0,2.14,33.8
2022-07-20 08:00:00,7,8,33.5,886.0,661.14,270.0,2.62,32.9
2022-07-20 09:00:00,7,9,34.6,918.0,705.72,250.0,3.1,29.9
2022-07-20 10:00:00,7,10,35.41,878.0,693.98,245.0,3.52,28.15
2022-07-20 11:00:00,7,11,35.79,784.0,664.42,232.0,3.79,27.3
2022-07-20 12:00:00,7,12,35.61,641.0,601.59,215.0,4.0,28.15
2022-07-20 13:00:00,7,13,34.84,471.0,524.95,181.0,4.07,30.05
2022-07-20 14:00:00,7,14,33.59,286.0,400.67,136.0,4.07,32.9
2022-07-20 15:00:00,7,15,31.9,108.0,188.12,73.0,3.66,36.1
2022-07-20 16:00:00,7,16,30.15,0.0,0.0,0.0,2.62,39.65
2022-07-20 17:00:00,7,17,28.69,0.0,-0.0,0.0,1.93,45.05
2022-07-20 18:00:00,7,18,27.51,0.0,-0.0,0.0,1.59,48.0
2022-07-20 19:00:00,7,19,25.89,0.0,-0.0,0.0,1.31,52.85
2022-07-20 20:00:00,7,20,25.18,0.0,-0.0,0.0,0.97,54.55
2022-07-20 21:00:00,7,21,25.38,0.0,-0.0,0.0,0.83,52.75
2022-07-20 22:00:00,7,22,25.1,0.0,-0.0,0.0,0.62,52.75
2022-07-20 23:00:00,7,23,24.63,0.0,-0.0,0.0,0.41,54.45
2022-07-21 00:00:00,7,0,24.16,0.0,-0.0,0.0,0.28,56.25
2022-07-21 01:00:00,7,1,23.79,0.0,-0.0,0.0,0.14,58.1
2022-07-21 02:00:00,7,2,23.42,30.0,84.34,24.0,0.07,58.0
2022-07-21 03:00:00,7,3,23.66,47.0,0.0,47.0,0.14,58.1
2022-07-21 04:00:00,7,4,25.36,305.0,255.79,191.0,0.48,49.2
2022-07-21 05:00:00,7,5,27.05,507.0,449.38,230.0,1.03,41.8
2022-07-21 06:00:00,7,6,28.68,682.0,572.17,247.0,1.66,39.25
2022-07-21 07:00:00,7,7,30.39,820.0,662.88,245.0,2.28,35.7
2022-07-21 08:00:00,7,8,31.71,903.0,712.43,240.0,2.62,31.4
2022-07-21 09:00:00,7,9,32.79,920.0,717.08,242.0,2.83,29.55
2022-07-21 10:00:00,7,10,33.52,880.0,705.76,237.0,2.97,27.65
2022-07-21 11:00:00,7,11,34.03,781.0,661.69,232.0,3.24,26.8
2022-07-21 12:00:00,7,12,33.95,642.0,611.12,210.0,3.59,26.8
2022-07-21 13:00:00,7,13,33.53,469.0,520.82,182.0,3.72,27.65
2022-07-21 14:00:00,7,14,32.66,287.0,413.11,133.0,3.72,28.5
2022-07-21 15:00:00,7,15,31.26,106.0,184.55,72.0,3.38,32.4
2022-07-21 16:00:00,7,16,29.68,0.0,-0.0,0.0,2.48,36.85
2022-07-21 17:00:00,7,17,28.21,0.0,-0.0,0.0,1.52,41.95
2022-07-21 18:00:00,7,18,26.7,0.0,-0.0,0.0,1.17,46.25
2022-07-21 19:00:00,7,19,26.56,0.0,-0.0,0.0,0.69,44.7
2022-07-21 20:00:00,7,20,26.25,0.0,-0.0,0.0,0.69,46.15
2022-07-21 21:00:00,7,21,25.69,0.0,-0.0,0.0,0.83,47.65
2022-07-21 22:00:00,7,22,25.15,0.0,-0.0,0.0,0.83,49.2
2022-07-21 23:00:00,7,23,24.53,0.0,-0.0,0.0,0.83,50.8
2022-07-22 00:00:00,7,0,23.87,0.0,-0.0,0.0,0.76,54.2
2022-07-22 01:00:00,7,1,23.37,0.0,-0.0,0.0,0.76,56.0
2022-07-22 02:00:00,7,2,23.0,29.0,87.24,23.0,0.76,56.0
2022-07-22 03:00:00,7,3,23.24,16.0,0.0,16.0,0.34,56.0
2022-07-22 04:00:00,7,4,25.39,43.0,0.0,43.0,0.48,50.95
2022-07-22 05:00:00,7,5,27.17,491.0,401.79,244.0,1.38,41.8
2022-07-22 06:00:00,7,6,28.48,686.0,587.76,240.0,2.21,40.5
2022-07-22 07:00:00,7,7,30.37,811.0,639.61,257.0,2.55,36.95
2022-07-22 08:00:00,7,8,31.26,877.0,644.46,278.0,2.9,34.75
2022-07-22 09:00:00,7,9,32.35,901.0,666.03,272.0,3.1,32.65
2022-07-22 10:00:00,7,10,32.79,866.0,667.05,259.0,3.24,31.65
2022-07-22 11:00:00,7,11,33.0,763.0,610.72,257.0,3.52,31.65
2022-07-22 12:00:00,7,12,32.81,635.0,589.56,219.0,4.07,31.65
2022-07-22 13:00:00,7,13,31.97,453.0,465.8,197.0,3.86,34.9
2022-07-22 14:00:00,7,14,31.06,272.0,347.61,143.0,3.52,37.1
2022-07-22 15:00:00,7,15,29.99,104.0,175.51,72.0,2.9,40.9
2022-07-22 16:00:00,7,16,28.82,0.0,-0.0,0.0,1.86,43.55
2022-07-22 17:00:00,7,17,27.79,0.0,-0.0,0.0,1.52,46.5
2022-07-22 18:00:00,7,18,26.54,0.0,-0.0,0.0,1.24,49.55
2022-07-22 19:00:00,7,19,24.97,0.0,-0.0,0.0,1.17,58.35
2022-07-22 20:00:00,7,20,23.99,0.0,-0.0,0.0,1.17,62.25
2022-07-22 21:00:00,7,21,24.07,0.0,-0.0,0.0,0.97,58.2
2022-07-22 22:00:00,7,22,24.33,0.0,-0.0,0.0,0.76,58.2
2022-07-22 23:00:00,7,23,24.06,0.0,-0.0,0.0,0.41,58.2
2022-07-23 00:00:00,7,0,23.86,0.0,-0.0,0.0,0.34,60.15
2022-07-23 01:00:00,7,1,23.52,0.0,-0.0,0.0,0.48,60.15
2022-07-23 02:00:00,7,2,23.3,27.0,75.32,22.0,0.34,62.15
2022-07-23 03:00:00,7,3,23.5,16.0,0.0,16.0,0.14,64.3
2022-07-23 04:00:00,7,4,24.57,33.0,0.0,33.0,0.97,56.35
2022-07-23 05:00:00,7,5,25.81,99.0,0.0,99.0,1.86,51.05
2022-07-23 06:00:00,7,6,26.52,462.0,129.4,364.0,2.21,49.45
2022-07-23 07:00:00,7,7,27.53,745.0,477.54,332.0,2.55,48.0
2022-07-23 08:00:00,7,8,28.27,891.0,686.23,254.0,2.62,44.95
2022-07-23 09:00:00,7,9,28.69,924.0,732.56,233.0,2.48,43.55
2022-07-23 10:00:00,7,10,29.02,879.0,706.4,237.0,2.55,42.05
2022-07-23 11:00:00,7,11,29.33,788.0,688.98,218.0,2.83,40.75
2022-07-23 12:00:00,7,12,29.78,640.0,610.58,210.0,3.17,39.5
2022-07-23 13:00:00,7,13,29.84,467.0,521.85,181.0,3.24,39.5
2022-07-23 14:00:00,7,14,29.37,288.0,427.78,130.0,3.17,40.75
2022-07-23 15:00:00,7,15,28.81,100.0,160.82,71.0,3.03,43.55
2022-07-23 16:00:00,7,16,27.88,0.0,-0.0,0.0,2.34,46.5
2022-07-23 17:00:00,7,17,26.9,0.0,-0.0,0.0,2.0,49.55
2022-07-23 18:00:00,7,18,26.05,0.0,-0.0,0.0,1.59,52.95
2022-07-23 19:00:00,7,19,25.1,0.0,-0.0,0.0,1.17,58.45
2022-07-23 20:00:00,7,20,24.23,0.0,-0.0,0.0,1.03,64.5
2022-07-23 21:00:00,7,21,23.93,0.0,-0.0,0.0,0.83,66.65
2022-07-23 22:00:00,7,22,24.3,0.0,-0.0,0.0,0.48,64.5
2022-07-23 23:00:00,7,23,23.91,0.0,-0.0,0.0,0.14,66.65
2022-07-24 00:00:00,7,0,23.62,0.0,-0.0,0.0,0.14,66.65
2022-07-24 01:00:00,7,1,23.19,0.0,-0.0,0.0,0.21,68.85
2022-07-24 02:00:00,7,2,22.98,26.0,78.19,21.0,0.48,71.15
2022-07-24 03:00:00,7,3,22.06,16.0,0.0,16.0,1.03,76.1
2022-07-24 04:00:00,7,4,23.27,32.0,0.0,32.0,1.93,54.1
2022-07-24 05:00:00,7,5,23.93,157.0,0.0,157.0,2.0,47.15
2022-07-24 06:00:00,7,6,24.43,454.0,120.39,363.0,2.0,44.05
2022-07-24 07:00:00,7,7,25.15,744.0,477.12,332.0,2.07,42.75
2022-07-24 08:00:00,7,8,25.86,667.0,236.24,448.0,2.28,41.4
2022-07-24 09:00:00,7,9,25.93,886.0,635.83,287.0,2.55,41.4
2022-07-24 10:00:00,7,10,26.78,858.0,652.25,266.0,3.17,38.85
2022-07-24 11:00:00,7,11,26.1,765.0,624.68,249.0,3.24,40.1
2022-07-24 12:00:00,7,12,26.37,624.0,562.02,229.0,3.45,40.1
2022-07-24 13:00:00,7,13,25.87,320.0,126.27,251.0,3.38,41.4
2022-07-24 14:00:00,7,14,24.96,86.0,0.0,86.0,3.17,45.75
2022-07-24 15:00:00,7,15,23.68,76.0,56.11,66.0,2.83,50.55
2022-07-24 16:00:00,7,16,22.47,0.0,-0.0,0.0,2.14,57.75
2022-07-24 17:00:00,7,17,21.18,0.0,-0.0,0.0,1.38,66.15
2022-07-24 18:00:00,7,18,19.97,0.0,-0.0,0.0,1.03,83.9
2022-07-24 19:00:00,7,19,20.83,0.0,-0.0,0.0,1.17,89.9
2022-07-24 20:00:00,7,20,20.69,0.0,-0.0,0.0,1.03,89.9
2022-07-24 21:00:00,7,21,20.58,0.0,-0.0,0.0,0.83,89.9
2022-07-24 22:00:00,7,22,20.67,0.0,-0.0,0.0,0.62,92.95
2022-07-24 23:00:00,7,23,20.7,0.0,-0.0,0.0,0.62,92.95
2022-07-25 00:00:00,7,0,20.63,0.0,-0.0,0.0,0.76,92.95
2022-07-25 01:00:00,7,1,20.35,0.0,-0.0,0.0,0.9,92.95
2022-07-25 02:00:00,7,2,20.28,24.0,65.06,20.0,1.1,92.95
2022-07-25 03:00:00,7,3,20.17,16.0,0.0,16.0,1.1,92.95
2022-07-25 04:00:00,7,4,20.01,42.0,0.0,42.0,1.17,89.85
2022-07-25 05:00:00,7,5,19.71,112.0,0.0,112.0,1.31,92.9
2022-07-25 06:00:00,7,6,19.73,207.0,0.0,207.0,1.45,89.85
2022-07-25 07:00:00,7,7,22.33,451.0,59.15,400.0,2.14,68.7
2022-07-25 08:00:00,7,8,23.4,527.0,86.41,447.0,2.07,62.15
2022-07-25 09:00:00,7,9,24.46,348.0,5.31,343.0,1.93,58.2
2022-07-25 10:00:00,7,10,25.01,347.0,7.72,340.0,1.93,54.45
2022-07-25 11:00:00,7,11,25.37,0.0,0.0,0.0,1.79,52.75
2022-07-25 12:00:00,7,12,25.85,637.0,610.28,209.0,1.59,51.05
2022-07-25 13:00:00,7,13,25.79,466.0,530.54,177.0,1.66,51.05
2022-07-25 14:00:00,7,14,25.67,285.0,432.2,127.0,1.93,52.85
2022-07-25 15:00:00,7,15,25.16,105.0,210.17,68.0,2.07,54.55
2022-07-25 16:00:00,7,16,24.59,0.0,-0.0,0.0,1.72,56.35
2022-07-25 17:00:00,7,17,23.65,0.0,-0.0,0.0,1.31,62.25
2022-07-25 18:00:00,7,18,22.58,0.0,-0.0,0.0,0.9,68.75
2022-07-25 19:00:00,7,19,21.97,0.0,-0.0,0.0,0.83,76.0
2022-07-25 20:00:00,7,20,21.55,0.0,-0.0,0.0,0.9,76.0
2022-07-25 21:00:00,7,21,20.87,0.0,-0.0,0.0,1.03,81.2
2022-07-25 22:00:00,7,22,20.92,0.0,-0.0,0.0,0.9,81.2
2022-07-25 23:00:00,7,23,21.43,0.0,-0.0,0.0,0.62,75.95
2022-07-26 00:00:00,7,0,21.29,0.0,-0.0,0.0,0.62,75.95
2022-07-26 01:00:00,7,1,20.76,0.0,-0.0,0.0,0.83,78.5
2022-07-26 02:00:00,7,2,20.58,23.0,67.81,19.0,0.83,78.5
2022-07-26 03:00:00,7,3,21.36,15.0,0.0,15.0,0.48,78.55
2022-07-26 04:00:00,7,4,22.52,32.0,0.0,32.0,0.07,68.75
2022-07-26 05:00:00,7,5,23.85,141.0,0.0,141.0,0.83,62.25
2022-07-26 06:00:00,7,6,24.95,495.0,176.68,362.0,1.31,56.35
2022-07-26 07:00:00,7,7,25.81,706.0,397.33,364.0,1.38,56.6
2022-07-26 08:00:00,7,8,26.9,865.0,621.98,290.0,1.59,53.1
2022-07-26 09:00:00,7,9,28.09,918.0,720.54,241.0,1.79,49.8
2022-07-26 10:00:00,7,10,29.34,877.0,708.25,236.0,2.0,45.2
2022-07-26 11:00:00,7,11,29.95,778.0,664.44,231.0,2.41,43.8
2022-07-26 12:00:00,7,12,30.09,631.0,588.79,219.0,3.24,42.45
2022-07-26 13:00:00,7,13,29.21,461.0,512.02,183.0,3.52,45.2
2022-07-26 14:00:00,7,14,28.81,282.0,420.85,129.0,3.24,46.65
2022-07-26 15:00:00,7,15,27.96,84.0,97.83,67.0,2.55,48.15
2022-07-26 16:00:00,7,16,26.61,0.0,-0.0,0.0,1.52,53.1
2022-07-26 17:00:00,7,17,25.27,0.0,-0.0,0.0,0.48,62.55
2022-07-26 18:00:00,7,18,24.19,0.0,-0.0,0.0,0.97,62.35
2022-07-26 19:00:00,7,19,22.69,0.0,-0.0,0.0,1.24,68.75
2022-07-26 20:00:00,7,20,22.17,0.0,-0.0,0.0,1.17,68.7
2022-07-26 21:00:00,7,21,22.45,0.0,-0.0,0.0,0.97,68.7
2022-07-26 22:00:00,7,22,22.43,0.0,-0.0,0.0,0.69,68.7
2022-07-26 23:00:00,7,23,21.93,0.0,-0.0,0.0,0.48,71.0
2022-07-27 00:00:00,7,0,21.43,0.0,-0.0,0.0,0.34,73.35
2022-07-27 01:00:00,7,1,20.89,0.0,-0.0,0.0,0.21,75.85
2022-07-27 02:00:00,7,2,20.55,21.0,53.14,18.0,0.14,75.85
2022-07-27 03:00:00,7,3,20.81,15.0,0.0,15.0,0.07,75.85
2022-07-27 04:00:00,7,4,22.6,228.0,89.87,189.0,0.55,68.75
2022-07-27 05:00:00,7,5,24.45,328.0,85.79,276.0,0.83,60.25
2022-07-27 06:00:00,7,6,26.08,691.0,628.34,219.0,1.38,51.2
2022-07-27 07:00:00,7,7,27.52,818.0,684.27,230.0,2.14,51.45
2022-07-27 08:00:00,7,8,28.89,898.0,721.47,232.0,2.41,48.25
2022-07-27 09:00:00,7,9,29.97,926.0,749.27,223.0,2.55,45.35
2022-07-27 10:00:00,7,10,30.73,875.0,714.86,229.0,2.69,42.6
2022-07-27 11:00:00,7,11,30.88,776.0,670.51,225.0,2.9,44.05
2022-07-27 12:00:00,7,12,31.03,617.0,557.23,228.0,3.1,44.05
2022-07-27 13:00:00,7,13,30.56,455.0,504.54,182.0,3.38,45.45
2022-07-27 14:00:00,7,14,30.13,272.0,387.34,132.0,3.17,45.45
2022-07-27 15:00:00,7,15,29.32,102.0,210.03,66.0,2.41,48.4
2022-07-27 16:00:00,7,16,28.16,0.0,-0.0,0.0,1.66,53.35
2022-07-27 17:00:00,7,17,26.71,0.0,-0.0,0.0,1.1,58.8
2022-07-27 18:00:00,7,18,26.81,0.0,-0.0,0.0,0.34,56.85
2022-07-27 19:00:00,7,19,26.5,0.0,-0.0,0.0,0.41,58.7
2022-07-27 20:00:00,7,20,25.37,0.0,-0.0,0.0,1.03,62.55
2022-07-27 21:00:00,7,21,24.29,0.0,-0.0,0.0,1.1,66.75
2022-07-27 22:00:00,7,22,23.48,0.0,-0.0,0.0,1.17,71.25
2022-07-27 23:00:00,7,23,22.72,0.0,-0.0,0.0,1.17,73.6
2022-07-28 00:00:00,7,0,21.8,0.0,-0.0,0.0,1.17,78.65
2022-07-28 01:00:00,7,1,21.48,0.0,-0.0,0.0,1.1,78.55
2022-07-28 02:00:00,7,2,21.4,19.0,55.66,16.0,0.97,78.55
2022-07-28 03:00:00,7,3,22.79,15.0,0.0,15.0,0.55,73.6
2022-07-28 04:00:00,7,4,24.84,287.0,236.15,185.0,0.21,71.5
2022-07-28 05:00:00,7,5,26.96,505.0,481.54,214.0,0.83,56.85
2022-07-28 06:00:00,7,6,28.31,678.0,599.0,229.0,1.38,49.8
2022-07-28 07:00:00,7,7,29.64,813.0,679.61,230.0,1.79,43.8
2022-07-28 08:00:00,7,8,31.06,868.0,649.87,269.0,2.28,41.15
2022-07-28 09:00:00,7,9,31.93,890.0,668.18,264.0,2.76,40.0
2022-07-28 10:00:00,7,10,32.63,841.0,631.75,271.0,3.1,37.65
2022-07-28 11:00:00,7,11,33.13,753.0,615.69,248.0,3.38,36.5
2022-07-28 12:00:00,7,12,33.36,620.0,577.28,218.0,3.31,36.5
2022-07-28 13:00:00,7,13,32.75,453.0,508.22,179.0,3.72,38.95
2022-07-28 14:00:00,7,14,31.41,273.0,403.62,128.0,3.72,45.7
2022-07-28 15:00:00,7,15,30.06,90.0,147.98,65.0,3.1,51.9
2022-07-28 16:00:00,7,16,28.74,0.0,-0.0,0.0,1.66,55.3
2022-07-28 17:00:00,7,17,27.37,0.0,-0.0,0.0,1.31,60.9
2022-07-28 18:00:00,7,18,25.65,0.0,-0.0,0.0,1.38,67.05
2022-07-28 19:00:00,7,19,23.95,0.0,-0.0,0.0,1.52,76.3
2022-07-28 20:00:00,7,20,22.93,0.0,-0.0,0.0,1.38,81.45
2022-07-28 21:00:00,7,21,22.77,0.0,-0.0,0.0,1.1,81.45
2022-07-28 22:00:00,7,22,23.12,0.0,-0.0,0.0,0.9,78.85
2022-07-28 23:00:00,7,23,23.13,0.0,-0.0,0.0,0.76,78.85
2022-07-29 00:00:00,7,0,22.85,0.0,-0.0,0.0,0.62,81.45
2022-07-29 01:00:00,7,1,22.48,0.0,-0.0,0.0,0.48,84.15
2022-07-29 02:00:00,7,2,22.22,18.0,58.46,15.0,0.48,84.15
2022-07-29 03:00:00,7,3,22.42,15.0,0.0,15.0,0.55,84.15
2022-07-29 04:00:00,7,4,23.63,222.0,83.75,186.0,0.83,71.35
2022-07-29 05:00:00,7,5,25.07,429.0,267.23,268.0,1.1,62.55
2022-07-29 06:00:00,7,6,26.1,671.0,576.25,240.0,1.59,56.7
2022-07-29 07:00:00,7,7,27.25,686.0,367.84,371.0,1.93,49.7
2022-07-29 08:00:00,7,8,28.74,855.0,616.1,288.0,2.07,45.05
2022-07-29 09:00:00,7,9,29.88,908.0,713.02,241.0,2.28,42.3
2022-07-29 10:00:00,7,10,30.93,872.0,713.84,229.0,2.55,38.4
2022-07-29 11:00:00,7,11,31.66,772.0,669.43,224.0,2.97,36.1
2022-07-29 12:00:00,7,12,31.88,628.0,603.25,209.0,3.24,36.1
2022-07-29 13:00:00,7,13,31.52,454.0,512.0,179.0,3.31,37.25
2022-07-29 14:00:00,7,14,30.87,268.0,383.79,131.0,3.24,39.75
2022-07-29 15:00:00,7,15,29.7,96.0,186.3,65.0,2.9,43.8
2022-07-29 16:00:00,7,16,28.23,0.0,-0.0,0.0,2.41,49.8
2022-07-29 17:00:00,7,17,26.83,0.0,-0.0,0.0,1.45,54.95
2022-07-29 18:00:00,7,18,25.42,0.0,-0.0,0.0,1.1,62.55
2022-07-29 19:00:00,7,19,23.59,0.0,-0.0,0.0,1.17,68.95
2022-07-29 20:00:00,7,20,22.89,0.0,-0.0,0.0,1.17,73.6
2022-07-29 21:00:00,7,21,22.94,0.0,-0.0,0.0,0.97,73.6
2022-07-29 22:00:00,7,22,23.31,0.0,-0.0,0.0,0.48,71.25
2022-07-29 23:00:00,7,23,22.86,0.0,-0.0,0.0,0.21,73.6
2022-07-30 00:00:00,7,0,22.32,0.0,-0.0,0.0,0.21,76.1
2022-07-30 01:00:00,7,1,21.89,0.0,-0.0,0.0,0.21,78.65
2022-07-30 02:00:00,7,2,21.54,16.0,41.06,14.0,0.34,78.65
2022-07-30 03:00:00,7,3,21.64,19.0,0.0,19.0,0.28,78.65
2022-07-30 04:00:00,7,4,23.25,310.0,322.59,172.0,0.62,71.25
2022-07-30 05:00:00,7,5,25.04,497.0,466.18,217.0,1.03,58.45
2022-07-30 06:00:00,7,6,26.73,644.0,505.17,267.0,1.72,51.3
2022-07-30 07:00:00,7,7,28.48,803.0,655.11,243.0,2.14,51.55
2022-07-30 08:00:00,7,8,29.92,897.0,731.36,225.0,2.41,46.9
2022-07-30 09:00:00,7,9,31.09,861.0,596.37,304.0,2.62,42.7
2022-07-30 10:00:00,7,10,32.14,865.0,698.38,237.0,2.83,38.8
2022-07-30 11:00:00,7,11,32.67,774.0,679.38,219.0,3.1,37.65
2022-07-30 12:00:00,7,12,32.86,625.0,602.0,208.0,3.38,36.35
2022-07-30 13:00:00,7,13,32.51,456.0,528.97,173.0,3.45,37.5
2022-07-30 14:00:00,7,14,31.7,270.0,403.28,127.0,3.45,38.7
2022-07-30 15:00:00,7,15,30.48,93.0,183.2,63.0,3.24,43.95
2022-07-30 16:00:00,7,16,28.96,0.0,-0.0,0.0,2.55,49.95
2022-07-30 17:00:00,7,17,27.56,0.0,-0.0,0.0,1.59,51.55
2022-07-30 18:00:00,7,18,26.43,0.0,-0.0,0.0,1.17,56.7
2022-07-30 19:00:00,7,19,25.13,0.0,-0.0,0.0,0.97,62.55
2022-07-30 20:00:00,7,20,24.56,0.0,-0.0,0.0,0.97,62.45
2022-07-30 21:00:00,7,21,23.91,0.0,-0.0,0.0,1.1,66.65
2022-07-30 22:00:00,7,22,24.7,0.0,-0.0,0.0,0.62,62.45
2022-07-30 23:00:00,7,23,24.36,0.0,-0.0,0.0,0.41,64.5
2022-07-31 00:00:00,7,0,23.82,0.0,-0.0,0.0,0.69,66.65
2022-07-31 01:00:00,7,1,22.36,0.0,-0.0,0.0,0.97,76.1
2022-07-31 02:00:00,7,2,21.56,13.0,0.0,13.0,1.1,78.65
2022-07-31 03:00:00,7,3,21.91,14.0,0.0,14.0,0.83,84.1
2022-07-31 04:00:00,7,4,23.69,69.0,0.0,69.0,0.9,71.35
2022-07-31 05:00:00,7,5,25.27,212.0,8.35,207.0,0.69,60.45
2022-07-31 06:00:00,7,6,27.06,548.0,283.38,337.0,0.97,51.45
2022-07-31 07:00:00,7,7,29.51,623.0,262.53,399.0,1.79,45.2
2022-07-31 08:00:00,7,8,30.76,882.0,700.95,239.0,2.48,41.15
2022-07-31 09:00:00,7,9,31.54,895.0,692.79,249.0,3.17,41.3
2022-07-31 10:00:00,7,10,32.12,864.0,707.43,229.0,3.59,38.8
2022-07-31 11:00:00,7,11,32.39,747.0,613.37,247.0,3.93,38.8
2022-07-31 12:00:00,7,12,31.88,603.0,538.55,231.0,3.38,38.7
2022-07-31 13:00:00,7,13,31.79,373.0,264.63,232.0,3.38,38.7
2022-07-31 14:00:00,7,14,31.38,269.0,408.94,125.0,3.31,37.25
2022-07-31 15:00:00,7,15,30.39,88.0,155.25,63.0,2.97,39.65
2022-07-31 16:00:00,7,16,25.67,0.0,-0.0,0.0,1.07,51.84
2022-07-31 17:00:00,7,17,25.59,0.0,-0.0,0.0,1.06,52.66
2022-07-31 18:00:00,7,18,25.5,0.0,-0.0,0.0,1.06,53.47
2022-07-31 19:00:00,7,19,25.42,0.0,-0.0,0.0,1.05,54.28
2022-07-31 20:00:00,7,20,25.33,0.0,-0.0,0.0,1.05,55.1
2022-07-31 21:00:00,7,21,25.25,0.0,-0.0,0.0,1.04,55.91
2022-07-31 22:00:00,7,22,25.17,0.0,-0.0,0.0,1.04,56.72
2022-07-31 23:00:00,7,23,25.08,0.0,-0.0,0.0,1.03,57.54
2022-08-01 00:00:00,8,0,25.0,0.0,-0.0,0.0,1.03,58.35
2022-08-01 01:00:00,8,1,24.91,0.0,-0.0,0.0,1.02,59.16
2022-08-01 02:00:00,8,2,24.83,13.0,0.0,13.0,1.02,59.98
2022-08-01 03:00:00,8,3,24.75,106.0,63.89,91.0,1.01,60.79
2022-08-01 04:00:00,8,4,24.66,284.0,243.18,181.0,1.01,61.6
2022-08-01 05:00:00,8,5,24.58,361.0,140.74,277.0,1.0,62.42
2022-08-01 06:00:00,8,6,24.49,538.0,266.53,340.0,1.0,63.23
2022-08-01 07:00:00,8,7,24.41,707.0,427.41,343.0,0.99,64.04
2022-08-01 08:00:00,8,8,30.39,876.0,694.49,240.0,2.34,45.45
2022-08-01 09:00:00,8,9,31.62,919.0,768.08,204.0,2.69,41.4
2022-08-01 10:00:00,8,10,32.45,878.0,755.62,201.0,2.83,38.8
2022-08-01 11:00:00,8,11,33.17,773.0,699.57,204.0,3.03,36.5
2022-08-01 12:00:00,8,12,33.27,636.0,660.65,181.0,2.97,35.25
2022-08-01 13:00:00,8,13,33.0,459.0,567.35,158.0,2.97,36.35
2022-08-01 14:00:00,8,14,32.29,270.0,431.94,119.0,3.17,37.5
2022-08-01 15:00:00,8,15,31.21,91.0,195.94,60.0,2.97,39.9
2022-08-01 16:00:00,8,16,29.71,0.0,-0.0,0.0,2.21,43.8
2022-08-01 17:00:00,8,17,28.39,0.0,-0.0,0.0,1.24,48.15
2022-08-01 18:00:00,8,18,26.91,0.0,-0.0,0.0,0.9,53.1
2022-08-01 19:00:00,8,19,25.85,0.0,-0.0,0.0,0.9,54.7
2022-08-01 20:00:00,8,20,25.05,0.0,-0.0,0.0,1.03,56.5
2022-08-01 21:00:00,8,21,24.42,0.0,-0.0,0.0,1.1,60.25
2022-08-01 22:00:00,8,22,25.04,0.0,-0.0,0.0,0.83,54.55
2022-08-01 23:00:00,8,23,24.57,0.0,-0.0,0.0,0.41,58.35
2022-08-02 00:00:00,8,0,24.0,0.0,-0.0,0.0,0.07,62.25
2022-08-02 01:00:00,8,1,23.37,0.0,-0.0,0.0,0.21,64.3
2022-08-02 02:00:00,8,2,22.92,11.0,0.0,11.0,0.41,66.45
2022-08-02 03:00:00,8,3,22.94,70.0,8.61,68.0,0.34,68.75
2022-08-02 04:00:00,8,4,24.5,293.0,280.01,175.0,0.34,64.5
2022-08-02 05:00:00,8,5,26.53,498.0,487.45,208.0,0.55,52.95
2022-08-02 06:00:00,8,6,28.4,696.0,684.1,189.0,1.24,46.5
2022-08-02 07:00:00,8,7,30.27,825.0,739.99,196.0,2.14,45.45
2022-08-02 08:00:00,8,8,31.41,911.0,785.4,193.0,2.48,45.7
2022-08-02 09:00:00,8,9,32.69,924.0,780.18,199.0,2.69,41.65
2022-08-02 10:00:00,8,10,33.36,883.0,768.25,196.0,2.9,41.8
2022-08-02 11:00:00,8,11,33.95,786.0,736.93,188.0,3.24,39.2
2022-08-02 12:00:00,8,12,33.93,638.0,672.86,176.0,3.38,39.2
2022-08-02 13:00:00,8,13,33.35,460.0,579.35,154.0,3.45,40.4
2022-08-02 14:00:00,8,14,32.65,269.0,432.33,119.0,3.45,41.65
2022-08-02 15:00:00,8,15,31.57,91.0,206.06,59.0,3.03,45.7
2022-08-02 16:00:00,8,16,30.08,0.0,-0.0,0.0,2.41,48.65
2022-08-02 17:00:00,8,17,28.7,0.0,-0.0,0.0,1.52,53.45
2022-08-02 18:00:00,8,18,27.37,0.0,-0.0,0.0,1.1,58.9
2022-08-02 19:00:00,8,19,25.93,0.0,-0.0,0.0,1.03,62.65
2022-08-02 20:00:00,8,20,25.05,0.0,-0.0,0.0,1.1,64.7
2022-08-02 21:00:00,8,21,24.95,0.0,-0.0,0.0,0.97,66.85
2022-08-02 22:00:00,8,22,25.15,0.0,-0.0,0.0,0.55,64.7
2022-08-02 23:00:00,8,23,24.66,0.0,-0.0,0.0,0.69,66.85
2022-08-03 00:00:00,8,0,23.55,0.0,-0.0,0.0,0.9,73.75
2022-08-03 01:00:00,8,1,22.51,0.0,-0.0,0.0,1.03,78.75
2022-08-03 02:00:00,8,2,23.12,10.0,0.0,10.0,0.76,76.2
2022-08-03 03:00:00,8,3,23.35,14.0,0.0,14.0,0.41,78.85
2022-08-03 04:00:00,8,4,24.59,130.0,4.77,128.0,0.34,71.5
2022-08-03 05:00:00,8,5,26.43,400.0,222.6,268.0,0.83,60.7
2022-08-03 06:00:00,8,6,27.92,578.0,363.84,309.0,1.59,53.35
2022-08-03 07:00:00,8,7,29.8,679.0,379.56,357.0,2.62,51.9
2022-08-03 08:00:00,8,8,30.88,790.0,494.22,339.0,2.97,50.45
2022-08-03 09:00:00,8,9,32.05,879.0,678.09,250.0,2.83,47.4
2022-08-03 10:00:00,8,10,33.01,863.0,735.05,207.0,2.83,43.1
2022-08-03 11:00:00,8,11,33.55,768.0,704.12,198.0,3.38,41.8
2022-08-03 12:00:00,8,12,33.02,623.0,638.48,186.0,3.86,43.1
2022-08-03 13:00:00,8,13,32.71,448.0,545.9,161.0,3.66,41.65
2022-08-03 14:00:00,8,14,32.22,220.0,220.78,144.0,3.38,40.15
2022-08-03 15:00:00,8,15,31.34,93.0,236.38,57.0,2.76,38.55
2022-08-03 16:00:00,8,16,30.13,0.0,-0.0,0.0,2.0,39.65
2022-08-03 17:00:00,8,17,28.95,0.0,-0.0,0.0,1.45,43.55
2022-08-03 18:00:00,8,18,27.66,0.0,-0.0,0.0,1.24,44.95
2022-08-03 19:00:00,8,19,26.23,0.0,-0.0,0.0,0.9,47.75
2022-08-03 20:00:00,8,20,26.73,0.0,-0.0,0.0,0.34,46.25
2022-08-03 21:00:00,8,21,26.23,0.0,-0.0,0.0,0.34,47.75
2022-08-03 22:00:00,8,22,25.64,0.0,-0.0,0.0,0.41,49.3
2022-08-03 23:00:00,8,23,25.07,0.0,-0.0,0.0,0.21,50.95
2022-08-04 00:00:00,8,0,24.65,0.0,-0.0,0.0,0.14,54.45
2022-08-04 01:00:00,8,1,24.51,0.0,-0.0,0.0,0.28,54.45
2022-08-04 02:00:00,8,2,24.23,9.0,0.0,9.0,0.48,56.25
2022-08-04 03:00:00,8,3,24.2,14.0,0.0,14.0,0.41,56.25
2022-08-04 04:00:00,8,4,25.48,31.0,0.0,31.0,0.34,58.45
2022-08-04 05:00:00,8,5,27.72,236.0,16.92,226.0,0.83,37.75
2022-08-04 06:00:00,8,6,29.3,608.0,435.23,287.0,1.31,34.2
2022-08-04 07:00:00,8,7,30.96,787.0,641.36,244.0,1.79,32.25
2022-08-04 08:00:00,8,8,32.21,890.0,747.63,209.0,2.28,30.45
2022-08-04 09:00:00,8,9,33.18,908.0,753.88,210.0,2.69,29.65
2022-08-04 10:00:00,8,10,33.93,867.0,741.06,207.0,3.03,29.8
2022-08-04 11:00:00,8,11,34.4,775.0,721.99,192.0,3.24,28.9
2022-08-04 12:00:00,8,12,34.27,629.0,656.72,181.0,3.31,27.9
2022-08-04 13:00:00,8,13,34.13,446.0,540.89,163.0,3.31,27.9
2022-08-04 14:00:00,8,14,33.57,168.0,76.15,142.0,3.17,28.65
2022-08-04 15:00:00,8,15,32.61,86.0,194.36,57.0,2.55,29.55
2022-08-04 16:00:00,8,16,31.15,0.0,-0.0,0.0,1.93,32.4
2022-08-04 17:00:00,8,17,29.56,0.0,-0.0,0.0,1.17,38.0
2022-08-04 18:00:00,8,18,27.72,0.0,-0.0,0.0,1.03,41.95
2022-08-04 19:00:00,8,19,26.11,0.0,-0.0,0.0,1.17,46.15
2022-08-04 20:00:00,8,20,25.74,0.0,-0.0,0.0,1.03,47.65
2022-08-04 21:00:00,8,21,25.77,0.0,-0.0,0.0,0.9,47.65
2022-08-04 22:00:00,8,22,25.83,0.0,-0.0,0.0,0.69,47.65
2022-08-04 23:00:00,8,23,25.27,0.0,-0.0,0.0,0.48,49.2
2022-08-05 00:00:00,8,0,24.84,0.0,-0.0,0.0,0.34,50.8
2022-08-05 01:00:00,8,1,24.37,0.0,-0.0,0.0,0.34,50.7
2022-08-05 02:00:00,8,2,24.08,8.0,0.0,8.0,0.28,50.7
2022-08-05 03:00:00,8,3,24.0,25.0,0.0,25.0,0.21,54.2
2022-08-05 04:00:00,8,4,25.37,288.0,274.8,174.0,0.41,52.75
2022-08-05 05:00:00,8,5,27.38,506.0,527.99,195.0,0.9,38.95
2022-08-05 06:00:00,8,6,28.93,691.0,676.9,193.0,1.45,36.6
2022-08-05 07:00:00,8,7,30.41,821.0,733.81,201.0,1.93,34.5
2022-08-05 08:00:00,8,8,31.75,911.0,790.84,192.0,2.55,32.55
2022-08-05 09:00:00,8,9,32.8,924.0,785.63,198.0,2.97,30.6
2022-08-05 10:00:00,8,10,33.56,877.0,762.9,199.0,3.38,29.65
2022-08-05 11:00:00,8,11,33.88,780.0,731.31,191.0,3.59,28.75
2022-08-05 12:00:00,8,12,33.74,636.0,676.62,176.0,3.66,28.75
2022-08-05 13:00:00,8,13,33.5,459.0,591.61,151.0,3.52,28.65
2022-08-05 14:00:00,8,14,32.86,263.0,434.22,116.0,3.45,29.55
2022-08-05 15:00:00,8,15,31.82,85.0,198.58,56.0,2.76,31.4
2022-08-05 16:00:00,8,16,30.42,0.0,-0.0,0.0,2.28,34.5
2022-08-05 17:00:00,8,17,29.12,0.0,-0.0,0.0,1.52,36.7
2022-08-05 18:00:00,8,18,27.57,0.0,-0.0,0.0,1.17,40.5
2022-08-05 19:00:00,8,19,25.76,0.0,-0.0,0.0,1.17,51.05
2022-08-05 20:00:00,8,20,25.35,0.0,-0.0,0.0,1.03,52.75
2022-08-05 21:00:00,8,21,25.51,0.0,-0.0,0.0,0.9,52.75
2022-08-05 22:00:00,8,22,24.57,0.0,-0.0,0.0,0.97,54.45
2022-08-05 23:00:00,8,23,24.24,0.0,-0.0,0.0,0.9,58.2
2022-08-06 00:00:00,8,0,23.86,0.0,-0.0,0.0,0.83,60.15
2022-08-06 01:00:00,8,1,23.58,0.0,-0.0,0.0,0.76,60.15
2022-08-06 02:00:00,8,2,23.29,7.0,0.0,7.0,0.55,62.15
2022-08-06 03:00:00,8,3,23.31,83.0,26.96,77.0,0.21,64.3
2022-08-06 04:00:00,8,4,24.39,301.0,332.03,164.0,0.48,60.25
2022-08-06 05:00:00,8,5,25.89,509.0,553.65,184.0,1.17,54.7
2022-08-06 06:00:00,8,6,27.38,692.0,693.6,183.0,2.0,49.7
2022-08-06 07:00:00,8,7,28.72,827.0,759.08,187.0,1.93,48.25
2022-08-06 08:00:00,8,8,29.79,899.0,772.54,198.0,2.48,46.9
2022-08-06 09:00:00,8,9,30.81,907.0,754.66,211.0,2.97,44.05
2022-08-06 10:00:00,8,10,31.26,827.0,634.9,264.0,3.45,42.7
2022-08-06 11:00:00,8,11,31.58,756.0,672.28,216.0,3.52,39.9
2022-08-06 12:00:00,8,12,31.61,625.0,658.36,179.0,3.66,36.1
2022-08-06 13:00:00,8,13,31.47,438.0,519.38,169.0,3.72,34.75
2022-08-06 14:00:00,8,14,30.95,254.0,399.34,120.0,3.66,34.6
2022-08-06 15:00:00,8,15,29.82,50.0,28.02,46.0,2.83,38.15
2022-08-06 16:00:00,8,16,28.59,0.0,-0.0,0.0,2.0,42.05
2022-08-06 17:00:00,8,17,27.37,0.0,-0.0,0.0,1.38,46.4
2022-08-06 18:00:00,8,18,26.3,0.0,-0.0,0.0,1.59,52.95
2022-08-06 19:00:00,8,19,24.71,0.0,-0.0,0.0,1.66,62.45
2022-08-06 20:00:00,8,20,23.77,0.0,-0.0,0.0,1.59,68.95
2022-08-06 21:00:00,8,21,22.7,0.0,-0.0,0.0,1.45,73.6
2022-08-06 22:00:00,8,22,22.07,0.0,-0.0,0.0,1.38,76.1
2022-08-06 23:00:00,8,23,21.23,0.0,-0.0,0.0,1.38,84.05
2022-08-07 00:00:00,8,0,20.75,0.0,-0.0,0.0,1.24,86.9
2022-08-07 01:00:00,8,1,20.59,0.0,-0.0,0.0,1.03,84.05
2022-08-07 02:00:00,8,2,20.5,5.0,0.0,5.0,0.9,84.05
2022-08-07 03:00:00,8,3,20.63,13.0,0.0,13.0,0.97,84.05
2022-08-07 04:00:00,8,4,22.12,51.0,0.0,51.0,0.97,73.55
2022-08-07 05:00:00,8,5,23.38,308.0,76.93,263.0,1.24,66.55
2022-08-07 06:00:00,8,6,24.23,483.0,185.8,347.0,1.79,62.35
2022-08-07 07:00:00,8,7,27.21,535.0,150.95,408.0,2.34,48.0
2022-08-07 08:00:00,8,8,28.32,563.0,132.51,443.0,2.76,46.5
2022-08-07 09:00:00,8,9,29.35,543.0,103.22,448.0,2.97,42.2
2022-08-07 10:00:00,8,10,30.03,557.0,140.16,433.0,3.03,39.5
2022-08-07 11:00:00,8,11,30.42,532.0,183.52,385.0,3.24,38.3
2022-08-07 12:00:00,8,12,30.56,349.0,65.19,305.0,3.59,36.95
2022-08-07 13:00:00,8,13,30.22,281.0,97.06,231.0,3.93,36.95
2022-08-07 14:00:00,8,14,29.45,106.0,6.02,104.0,3.72,39.35
2022-08-07 15:00:00,8,15,28.38,47.0,21.52,44.0,3.1,41.95
2022-08-07 16:00:00,8,16,27.1,0.0,-0.0,0.0,2.62,43.3
2022-08-07 17:00:00,8,17,25.93,0.0,-0.0,0.0,2.34,49.3
2022-08-07 18:00:00,8,18,24.89,0.0,-0.0,0.0,2.07,54.45
2022-08-07 19:00:00,8,19,23.86,0.0,-0.0,0.0,1.52,58.1
2022-08-07 20:00:00,8,20,22.97,0.0,-0.0,0.0,1.31,64.2
2022-08-07 21:00:00,8,21,22.08,0.0,-0.0,0.0,1.17,66.35
2022-08-07 22:00:00,8,22,22.59,0.0,-0.0,0.0,0.76,62.05
2022-08-07 23:00:00,8,23,22.54,0.0,-0.0,0.0,0.55,62.05
2022-08-08 00:00:00,8,0,22.26,0.0,-0.0,0.0,0.48,64.1
2022-08-08 01:00:00,8,1,22.07,0.0,-0.0,0.0,0.69,64.1
2022-08-08 02:00:00,8,2,21.86,4.0,0.0,4.0,0.69,66.25
2022-08-08 03:00:00,8,3,21.89,13.0,0.0,13.0,0.55,66.25
2022-08-08 04:00:00,8,4,22.94,30.0,0.0,30.0,0.21,59.95
2022-08-08 05:00:00,8,5,24.64,184.0,1.72,183.0,0.62,49.05
2022-08-08 06:00:00,8,6,26.12,299.0,16.44,287.0,1.24,46.15
2022-08-08 07:00:00,8,7,27.34,516.0,128.65,408.0,2.0,43.3
2022-08-08 08:00:00,8,8,29.22,743.0,402.77,379.0,2.48,39.35
2022-08-08 09:00:00,8,9,30.03,771.0,433.34,373.0,2.9,38.15
2022-08-08 10:00:00,8,10,30.74,748.0,454.32,347.0,3.03,35.85
2022-08-08 11:00:00,8,11,30.75,660.0,425.69,320.0,3.38,35.85
2022-08-08 12:00:00,8,12,30.8,343.0,59.49,303.0,3.45,35.85
2022-08-08 13:00:00,8,13,30.5,214.0,25.38,201.0,3.45,35.7
2022-08-08 14:00:00,8,14,30.22,62.0,0.0,62.0,3.52,35.7
2022-08-08 15:00:00,8,15,29.26,54.0,51.48,47.0,3.1,38.0
2022-08-08 16:00:00,8,16,27.85,0.0,-0.0,0.0,2.9,40.5
2022-08-08 17:00:00,8,17,26.5,0.0,-0.0,0.0,2.07,46.15
2022-08-08 18:00:00,8,18,25.31,0.0,-0.0,0.0,1.17,49.2
2022-08-08 19:00:00,8,19,23.93,0.0,-0.0,0.0,1.31,58.1
2022-08-08 20:00:00,8,20,22.73,0.0,-0.0,0.0,1.24,64.2
2022-08-08 21:00:00,8,21,21.73,0.0,-0.0,0.0,1.24,68.6
2022-08-08 22:00:00,8,22,21.58,0.0,-0.0,0.0,1.03,68.6
2022-08-08 23:00:00,8,23,22.1,0.0,-0.0,0.0,0.83,66.35
2022-08-09 00:00:00,8,0,21.75,0.0,-0.0,0.0,0.83,68.6
2022-08-09 01:00:00,8,1,21.19,0.0,-0.0,0.0,0.97,70.9
2022-08-09 02:00:00,8,2,20.8,0.0,0.0,0.0,0.97,73.3
2022-08-09 03:00:00,8,3,21.6,13.0,0.0,13.0,0.69,68.6
2022-08-09 04:00:00,8,4,22.78,30.0,0.0,30.0,0.97,62.05
2022-08-09 05:00:00,8,5,23.83,69.0,0.0,69.0,1.24,58.1
2022-08-09 06:00:00,8,6,24.59,246.0,2.75,244.0,1.72,54.45
2022-08-09 07:00:00,8,7,25.73,376.0,25.07,355.0,2.0,52.85
2022-08-09 08:00:00,8,8,26.68,485.0,65.42,426.0,2.28,47.9
2022-08-09 09:00:00,8,9,27.25,628.0,195.32,449.0,2.28,46.4
2022-08-09 10:00:00,8,10,28.03,667.0,295.29,407.0,2.14,44.95
2022-08-09 11:00:00,8,11,28.12,572.0,249.9,373.0,2.21,44.95
2022-08-09 12:00:00,8,12,28.22,473.0,247.86,307.0,2.41,44.95
2022-08-09 13:00:00,8,13,27.85,327.0,188.47,231.0,2.41,44.95
2022-08-09 14:00:00,8,14,27.44,233.0,328.12,126.0,2.14,46.4
2022-08-09 15:00:00,8,15,26.91,80.0,226.48,50.0,1.79,47.9
2022-08-09 16:00:00,8,16,26.2,0.0,-0.0,0.0,1.38,49.45
2022-08-09 17:00:00,8,17,25.27,0.0,-0.0,0.0,1.17,54.55
2022-08-09 18:00:00,8,18,24.17,0.0,-0.0,0.0,1.1,60.25
2022-08-09 19:00:00,8,19,23.07,0.0,-0.0,0.0,1.1,60.05
2022-08-09 20:00:00,8,20,22.35,0.0,-0.0,0.0,1.1,66.35
2022-08-09 21:00:00,8,21,21.84,0.0,-0.0,0.0,1.03,68.6
2022-08-09 22:00:00,8,22,21.72,0.0,-0.0,0.0,0.97,68.6
2022-08-09 23:00:00,8,23,21.9,0.0,-0.0,0.0,0.83,68.6
2022-08-10 00:00:00,8,0,21.53,0.0,-0.0,0.0,0.9,68.6
2022-08-10 01:00:00,8,1,20.91,0.0,-0.0,0.0,0.9,70.8
2022-08-10 02:00:00,8,2,20.97,0.0,0.0,0.0,0.83,70.8
2022-08-10 03:00:00,8,3,20.92,110.0,117.67,85.0,0.55,70.8
2022-08-10 04:00:00,8,4,22.57,325.0,473.32,134.0,0.14,66.45
2022-08-10 05:00:00,8,5,24.39,536.0,666.97,150.0,0.62,52.5
2022-08-10 06:00:00,8,6,25.92,699.0,725.76,172.0,1.24,49.3
2022-08-10 07:00:00,8,7,27.46,829.0,774.22,182.0,1.72,44.8
2022-08-10 08:00:00,8,8,28.84,906.0,798.98,187.0,2.21,42.05
2022-08-10 09:00:00,8,9,29.96,914.0,783.01,198.0,2.55,38.15
2022-08-10 10:00:00,8,10,30.96,866.0,759.46,199.0,2.83,35.85
2022-08-10 11:00:00,8,11,31.44,768.0,728.07,190.0,3.17,34.75
2022-08-10 12:00:00,8,12,31.48,615.0,647.66,183.0,3.38,33.55
2022-08-10 13:00:00,8,13,31.24,434.0,541.14,160.0,3.45,33.55
2022-08-10 14:00:00,8,14,30.42,247.0,412.05,114.0,3.31,35.7
2022-08-10 15:00:00,8,15,29.25,71.0,170.73,49.0,2.76,39.35
2022-08-10 16:00:00,8,16,27.87,0.0,-0.0,0.0,2.14,43.4
2022-08-10 17:00:00,8,17,26.57,0.0,-0.0,0.0,1.52,47.9
2022-08-10 18:00:00,8,18,25.03,0.0,-0.0,0.0,1.17,54.55
2022-08-10 19:00:00,8,19,23.57,0.0,-0.0,0.0,1.03,62.25
2022-08-10 20:00:00,8,20,23.24,0.0,-0.0,0.0,0.97,64.3
2022-08-10 21:00:00,8,21,23.73,0.0,-0.0,0.0,0.55,62.25
2022-08-10 22:00:00,8,22,23.22,0.0,-0.0,0.0,0.21,64.3
2022-08-10 23:00:00,8,23,22.73,0.0,-0.0,0.0,0.07,66.45
2022-08-11 00:00:00,8,0,22.27,0.0,-0.0,0.0,0.21,68.7
2022-08-11 01:00:00,8,1,21.75,0.0,-0.0,0.0,0.21,71.0
2022-08-11 02:00:00,8,2,21.37,0.0,0.0,0.0,0.21,73.35
2022-08-11 03:00:00,8,3,21.41,25.0,0.0,25.0,0.14,75.95
2022-08-11 04:00:00,8,4,22.84,282.0,296.6,163.0,0.48,68.75
2022-08-11 05:00:00,8,5,24.38,498.0,554.96,178.0,1.03,62.35
2022-08-11 06:00:00,8,6,26.01,674.0,672.53,187.0,1.79,56.6
2022-08-11 07:00:00,8,7,27.33,808.0,740.05,191.0,2.55,56.95
2022-08-11 08:00:00,8,8,28.09,884.0,765.11,197.0,3.03,57.05
2022-08-11 09:00:00,8,9,28.59,897.0,759.6,204.0,3.1,53.45
2022-08-11 10:00:00,8,10,29.52,845.0,720.34,214.0,2.9,51.8
2022-08-11 11:00:00,8,11,30.04,744.0,676.05,209.0,2.76,48.5
2022-08-11 12:00:00,8,12,29.93,601.0,623.29,187.0,2.62,46.9
2022-08-11 13:00:00,8,13,30.54,423.0,516.65,163.0,2.48,43.95
2022-08-11 14:00:00,8,14,30.08,237.0,378.86,116.0,2.41,43.95
2022-08-11 15:00:00,8,15,29.4,65.0,143.81,47.0,2.21,46.75
2022-08-11 16:00:00,8,16,28.27,0.0,-0.0,0.0,1.79,49.8
2022-08-11 17:00:00,8,17,27.02,0.0,-0.0,0.0,1.38,53.1
2022-08-11 18:00:00,8,18,25.68,0.0,-0.0,0.0,1.17,58.55
2022-08-11 19:00:00,8,19,24.69,0.0,-0.0,0.0,0.9,60.35
2022-08-11 20:00:00,8,20,24.8,0.0,-0.0,0.0,0.69,62.45
2022-08-11 21:00:00,8,21,24.45,0.0,-0.0,0.0,0.48,64.5
2022-08-11 22:00:00,8,22,23.96,0.0,-0.0,0.0,0.48,66.65
2022-08-11 23:00:00,8,23,23.45,0.0,-0.0,0.0,0.41,68.85
2022-08-12 00:00:00,8,0,23.07,0.0,-0.0,0.0,0.41,71.25
2022-08-12 01:00:00,8,1,22.67,0.0,-0.0,0.0,0.34,73.6
2022-08-12 02:00:00,8,2,22.43,0.0,0.0,0.0,0.34,76.1
2022-08-12 03:00:00,8,3,22.48,12.0,0.0,12.0,0.34,76.1
2022-08-12 04:00:00,8,4,23.49,248.0,185.52,174.0,0.14,76.2
2022-08-12 05:00:00,8,5,24.89,478.0,478.7,203.0,0.76,69.15
2022-08-12 06:00:00,8,6,26.81,498.0,220.19,339.0,1.38,58.8
2022-08-12 07:00:00,8,7,27.25,734.0,531.42,292.0,2.0,60.9
2022-08-12 08:00:00,8,8,28.48,877.0,746.76,208.0,2.41,59.0
2022-08-12 09:00:00,8,9,29.48,889.0,737.23,218.0,2.55,55.4
2022-08-12 10:00:00,8,10,29.98,750.0,472.74,337.0,2.9,51.9
2022-08-12 11:00:00,8,11,30.5,709.0,571.78,258.0,2.83,47.0
2022-08-12 12:00:00,8,12,31.12,518.0,367.43,275.0,2.48,41.3
2022-08-12 13:00:00,8,13,31.6,184.0,12.0,178.0,2.28,34.9
2022-08-12 14:00:00,8,14,31.54,75.0,0.0,75.0,2.0,31.3
2022-08-12 15:00:00,8,15,30.89,47.0,41.19,42.0,1.52,31.15
2022-08-12 16:00:00,8,16,29.56,0.0,-0.0,0.0,1.17,34.2
2022-08-12 17:00:00,8,17,27.43,0.0,-0.0,0.0,1.38,37.6
2022-08-12 18:00:00,8,18,25.38,0.0,-0.0,0.0,1.31,45.9
2022-08-12 19:00:00,8,19,23.65,0.0,-0.0,0.0,1.45,50.55
2022-08-12 20:00:00,8,20,22.8,0.0,-0.0,0.0,1.38,55.9
2022-08-12 21:00:00,8,21,22.58,0.0,-0.0,0.0,1.17,57.9
2022-08-12 22:00:00,8,22,23.53,0.0,-0.0,0.0,0.83,54.2
2022-08-12 23:00:00,8,23,22.95,0.0,-0.0,0.0,0.69,57.9
2022-08-13 00:00:00,8,0,22.45,0.0,-0.0,0.0,0.69,59.8
2022-08-13 01:00:00,8,1,21.95,0.0,-0.0,0.0,0.83,61.85
2022-08-13 02:00:00,8,2,20.83,0.0,0.0,0.0,0.97,66.05
2022-08-13 03:00:00,8,3,20.4,36.0,0.0,36.0,0.9,68.3
2022-08-13 04:00:00,8,4,22.78,281.0,292.53,165.0,0.34,66.45
2022-08-13 05:00:00,8,5,25.91,501.0,553.9,184.0,0.14,44.45
2022-08-13 06:00:00,8,6,27.79,678.0,669.4,196.0,1.03,39.1
2022-08-13 07:00:00,8,7,29.62,809.0,726.77,206.0,1.86,39.5
2022-08-13 08:00:00,8,8,30.92,889.0,764.16,206.0,2.48,37.1
2022-08-13 09:00:00,8,9,31.99,902.0,754.44,217.0,2.97,36.1
2022-08-13 10:00:00,8,10,32.71,863.0,756.41,204.0,3.31,33.95
2022-08-13 11:00:00,8,11,33.27,755.0,697.11,207.0,3.45,32.9
2022-08-13 12:00:00,8,12,33.67,607.0,631.84,191.0,3.45,29.8
2022-08-13 13:00:00,8,13,33.75,425.0,527.38,163.0,3.45,26.8
2022-08-13 14:00:00,8,14,33.22,235.0,384.22,115.0,3.38,25.75
2022-08-13 15:00:00,8,15,31.93,60.0,136.12,44.0,2.69,26.3
2022-08-13 16:00:00,8,16,29.98,0.0,-0.0,0.0,2.21,29.8
2022-08-13 17:00:00,8,17,28.31,0.0,-0.0,0.0,1.59,32.75
2022-08-13 18:00:00,8,18,26.24,0.0,-0.0,0.0,1.38,38.7
2022-08-13 19:00:00,8,19,24.77,0.0,-0.0,0.0,1.31,47.4
2022-08-13 20:00:00,8,20,24.47,0.0,-0.0,0.0,1.1,48.95
2022-08-13 21:00:00,8,21,25.12,0.0,-0.0,0.0,0.83,45.9
2022-08-13 22:00:00,8,22,24.38,0.0,-0.0,0.0,0.55,50.7
2022-08-13 23:00:00,8,23,23.73,0.0,-0.0,0.0,0.55,52.35
2022-08-14 00:00:00,8,0,23.16,0.0,-0.0,0.0,0.48,54.1
2022-08-14 01:00:00,8,1,22.58,0.0,-0.0,0.0,0.48,55.9
2022-08-14 02:00:00,8,2,21.97,0.0,0.0,0.0,0.62,59.7
2022-08-14 03:00:00,8,3,21.2,53.0,4.95,52.0,0.83,63.9
2022-08-14 04:00:00,8,4,23.3,297.0,362.78,154.0,0.34,64.3
2022-08-14 05:00:00,8,5,26.52,519.0,627.94,161.0,0.14,44.55
2022-08-14 06:00:00,8,6,28.48,691.0,711.74,180.0,0.83,37.75
2022-08-14 07:00:00,8,7,30.16,820.0,757.58,193.0,1.79,35.7
2022-08-14 08:00:00,8,8,31.46,896.0,781.68,199.0,2.41,33.55
2022-08-14 09:00:00,8,9,32.51,909.0,774.0,208.0,2.83,32.65
2022-08-14 10:00:00,8,10,33.34,865.0,760.86,204.0,3.17,31.8
2022-08-14 11:00:00,8,11,33.79,760.0,716.14,199.0,3.24,30.85
2022-08-14 12:00:00,8,12,33.97,610.0,648.5,185.0,3.24,30.85
2022-08-14 13:00:00,8,13,33.84,429.0,553.25,156.0,3.17,29.8
2022-08-14 14:00:00,8,14,33.26,235.0,395.25,113.0,2.97,29.65
2022-08-14 15:00:00,8,15,32.16,60.0,149.64,43.0,2.21,30.45
2022-08-14 16:00:00,8,16,30.55,0.0,-0.0,0.0,1.66,33.3
2022-08-14 17:00:00,8,17,28.8,0.0,-0.0,0.0,1.17,36.6
2022-08-14 18:00:00,8,18,27.61,0.0,-0.0,0.0,1.03,37.75
2022-08-14 19:00:00,8,19,27.25,0.0,-0.0,0.0,0.9,38.95
2022-08-14 20:00:00,8,20,26.46,0.0,-0.0,0.0,0.9,41.55
2022-08-14 21:00:00,8,21,25.51,0.0,-0.0,0.0,0.9,45.9
2022-08-14 22:00:00,8,22,24.87,0.0,-0.0,0.0,0.83,47.4
2022-08-14 23:00:00,8,23,24.28,0.0,-0.0,0.0,0.69,48.95
2022-08-15 00:00:00,8,0,23.65,0.0,-0.0,0.0,0.62,52.35
2022-08-15 01:00:00,8,1,22.93,0.0,-0.0,0.0,0.62,55.9
2022-08-15 02:00:00,8,2,22.2,0.0,0.0,0.0,0.76,57.75
2022-08-15 03:00:00,8,3,22.03,56.0,5.01,55.0,0.69,57.75
2022-08-15 04:00:00,8,4,23.78,295.0,359.88,154.0,0.14,66.65
2022-08-15 05:00:00,8,5,27.16,522.0,644.48,156.0,0.41,41.8
2022-08-15 06:00:00,8,6,29.21,692.0,719.44,177.0,0.97,36.7
2022-08-15 07:00:00,8,7,31.02,821.0,766.78,188.0,1.79,34.6
2022-08-15 08:00:00,8,8,32.38,903.0,801.58,190.0,2.48,32.65
2022-08-15 09:00:00,8,9,33.35,910.0,785.95,200.0,2.97,31.8
2022-08-15 10:00:00,8,10,33.96,861.0,759.63,203.0,3.17,33.05
2022-08-15 11:00:00,8,11,34.44,757.0,713.59,200.0,3.38,33.2
2022-08-15 12:00:00,8,12,34.52,606.0,645.46,185.0,3.45,33.2
2022-08-15 13:00:00,8,13,34.21,425.0,550.99,155.0,3.31,33.2
2022-08-15 14:00:00,8,14,33.58,231.0,393.53,111.0,2.97,34.05
2022-08-15 15:00:00,8,15,32.51,56.0,136.87,41.0,2.14,35.0
2022-08-15 16:00:00,8,16,30.96,0.0,-0.0,0.0,1.52,38.4
2022-08-15 17:00:00,8,17,29.37,0.0,-0.0,0.0,1.1,42.2
2022-08-15 18:00:00,8,18,29.43,0.0,-0.0,0.0,0.69,40.75
2022-08-15 19:00:00,8,19,28.65,0.0,-0.0,0.0,0.69,43.55
2022-08-15 20:00:00,8,20,27.58,0.0,-0.0,0.0,0.83,44.95
2022-08-15 21:00:00,8,21,26.74,0.0,-0.0,0.0,0.9,47.9
2022-08-15 22:00:00,8,22,26.28,0.0,-0.0,0.0,0.83,49.45
2022-08-15 23:00:00,8,23,25.46,0.0,-0.0,0.0,0.69,54.55
2022-08-16 00:00:00,8,0,24.73,0.0,-0.0,0.0,0.62,56.35
2022-08-16 01:00:00,8,1,24.14,0.0,-0.0,0.0,0.62,58.2
2022-08-16 02:00:00,8,2,23.47,0.0,0.0,0.0,0.62,62.15
2022-08-16 03:00:00,8,3,23.43,51.0,5.08,50.0,0.62,64.3
2022-08-16 04:00:00,8,4,24.95,304.0,410.89,144.0,0.21,71.5
2022-08-16 05:00:00,8,5,28.13,511.0,611.67,165.0,0.41,46.5
2022-08-16 06:00:00,8,6,30.14,685.0,708.99,179.0,0.97,38.3
2022-08-16 07:00:00,8,7,31.86,814.0,755.42,192.0,1.66,37.35
2022-08-16 08:00:00,8,8,33.23,895.0,790.07,194.0,2.28,34.05
2022-08-16 09:00:00,8,9,34.28,907.0,784.7,200.0,2.83,33.2
2022-08-16 10:00:00,8,10,34.95,858.0,758.44,203.0,3.24,34.45
2022-08-16 11:00:00,8,11,35.37,753.0,712.37,199.0,3.52,33.45
2022-08-16 12:00:00,8,12,35.38,603.0,644.0,185.0,3.59,33.45
2022-08-16 13:00:00,8,13,35.17,419.0,536.46,158.0,3.45,32.3
2022-08-16 14:00:00,8,14,34.69,227.0,388.55,110.0,3.31,30.05
2022-08-16 15:00:00,8,15,33.65,39.0,0.0,39.0,2.41,29.8
2022-08-16 16:00:00,8,16,32.06,0.0,-0.0,0.0,1.66,31.4
2022-08-16 17:00:00,8,17,30.25,0.0,-0.0,0.0,1.03,35.7
2022-08-16 18:00:00,8,18,29.82,0.0,-0.0,0.0,0.76,35.6
2022-08-16 19:00:00,8,19,28.92,0.0,-0.0,0.0,0.83,37.9
2022-08-16 20:00:00,8,20,28.22,0.0,-0.0,0.0,0.83,39.1
2022-08-16 21:00:00,8,21,27.31,0.0,-0.0,0.0,0.76,41.8
2022-08-16 22:00:00,8,22,26.54,0.0,-0.0,0.0,0.69,43.15
2022-08-16 23:00:00,8,23,25.94,0.0,-0.0,0.0,0.62,47.65
2022-08-17 00:00:00,8,0,25.33,0.0,-0.0,0.0,0.62,49.2
2022-08-17 01:00:00,8,1,24.73,0.0,-0.0,0.0,0.55,50.8
2022-08-17 02:00:00,8,2,24.16,0.0,-0.0,0.0,0.55,54.35
2022-08-17 03:00:00,8,3,23.91,39.0,0.0,39.0,0.62,56.15
2022-08-17 04:00:00,8,4,24.8,293.0,377.27,147.0,0.28,66.85
2022-08-17 05:00:00,8,5,28.07,492.0,555.55,179.0,0.55,43.4
2022-08-17 06:00:00,8,6,29.95,666.0,660.57,196.0,1.38,39.5
2022-08-17 07:00:00,8,7,31.18,792.0,705.07,213.0,2.28,39.9
2022-08-17 08:00:00,8,8,32.34,881.0,769.5,200.0,2.76,40.15
2022-08-17 09:00:00,8,9,33.35,893.0,762.34,208.0,3.24,39.05
2022-08-17 10:00:00,8,10,34.16,839.0,721.3,218.0,3.52,36.75
2022-08-17 11:00:00,8,11,34.85,740.0,689.27,206.0,3.66,34.45
2022-08-17 12:00:00,8,12,35.39,591.0,622.48,189.0,3.59,29.15
2022-08-17 13:00:00,8,13,35.34,407.0,505.24,163.0,3.59,23.65
2022-08-17 14:00:00,8,14,34.46,220.0,366.72,111.0,3.59,22.55
2022-08-17 15:00:00,8,15,32.95,38.0,0.0,38.0,3.03,23.85
2022-08-17 16:00:00,8,16,30.86,0.0,-0.0,0.0,2.28,28.0
2022-08-17 17:00:00,8,17,29.27,0.0,-0.0,0.0,1.72,33.05
2022-08-17 18:00:00,8,18,27.7,0.0,-0.0,0.0,1.52,36.45
2022-08-17 19:00:00,8,19,25.85,0.0,-0.0,0.0,1.17,44.45
2022-08-17 20:00:00,8,20,25.89,0.0,-0.0,0.0,0.9,44.45
2022-08-17 21:00:00,8,21,25.3,0.0,-0.0,0.0,0.9,45.9
2022-08-17 22:00:00,8,22,24.76,0.0,-0.0,0.0,0.83,49.05
2022-08-17 23:00:00,8,23,24.21,0.0,-0.0,0.0,0.83,50.7
2022-08-18 00:00:00,8,0,23.57,0.0,-0.0,0.0,0.62,52.35
2022-08-18 01:00:00,8,1,23.01,0.0,-0.0,0.0,0.28,54.1
2022-08-18 02:00:00,8,2,22.55,0.0,-0.0,0.0,0.21,55.9
2022-08-18 03:00:00,8,3,22.35,12.0,0.0,12.0,0.34,57.75
2022-08-18 04:00:00,8,4,23.31,226.0,143.02,171.0,0.07,71.25
2022-08-18 05:00:00,8,5,26.27,313.0,96.23,259.0,0.41,44.55
2022-08-18 06:00:00,8,6,28.22,173.0,0.0,173.0,1.03,40.5
2022-08-18 07:00:00,8,7,30.11,756.0,598.31,266.0,1.79,39.65
2022-08-18 08:00:00,8,8,31.56,850.0,679.76,250.0,2.41,37.25
2022-08-18 09:00:00,8,9,32.6,911.0,803.53,191.0,3.03,33.95
2022-08-18 10:00:00,8,10,33.46,851.0,756.23,202.0,3.45,32.9
2022-08-18 11:00:00,8,11,33.91,733.0,668.64,217.0,3.66,30.85
2022-08-18 12:00:00,8,12,34.24,588.0,616.37,192.0,3.59,26.95
2022-08-18 13:00:00,8,13,34.17,400.0,481.97,169.0,3.17,23.4
2022-08-18 14:00:00,8,14,33.43,217.0,364.86,110.0,2.9,20.8
2022-08-18 15:00:00,8,15,32.17,36.0,0.0,36.0,2.48,19.8
2022-08-18 16:00:00,8,16,30.35,0.0,-0.0,0.0,1.79,20.85
2022-08-18 17:00:00,8,17,28.59,0.0,-0.0,0.0,1.31,22.9
2022-08-18 18:00:00,8,18,26.6,0.0,-0.0,0.0,1.31,27.1
2022-08-18 19:00:00,8,19,24.94,0.0,-0.0,0.0,1.38,31.95
2022-08-18 20:00:00,8,20,24.55,0.0,-0.0,0.0,1.24,31.95
2022-08-18 21:00:00,8,21,25.01,0.0,-0.0,0.0,0.9,31.95
2022-08-18 22:00:00,8,22,24.75,0.0,-0.0,0.0,0.62,33.15
2022-08-18 23:00:00,8,23,24.08,0.0,-0.0,0.0,0.55,34.25
2022-08-19 00:00:00,8,0,23.4,0.0,-0.0,0.0,0.41,37.9
2022-08-19 01:00:00,8,1,22.77,0.0,-0.0,0.0,0.34,39.15
2022-08-19 02:00:00,8,2,22.29,0.0,-0.0,0.0,0.34,41.95
2022-08-19 03:00:00,8,3,22.06,11.0,0.0,11.0,0.48,41.95
2022-08-19 04:00:00,8,4,23.14,57.0,0.0,57.0,0.07,56.0
2022-08-19 05:00:00,8,5,26.45,424.0,325.68,242.0,0.48,34.8
2022-08-19 06:00:00,8,6,28.47,684.0,715.64,178.0,0.9,31.6
2022-08-19 07:00:00,8,7,30.46,800.0,721.19,211.0,1.59,32.15
2022-08-19 08:00:00,8,8,31.87,865.0,715.67,235.0,2.28,30.35
2022-08-19 09:00:00,8,9,32.74,871.0,691.66,253.0,2.97,30.6
2022-08-19 10:00:00,8,10,33.14,340.0,9.35,332.0,3.59,31.8
2022-08-19 11:00:00,8,11,33.45,577.0,278.42,363.0,3.79,31.8
2022-08-19 12:00:00,8,12,33.31,574.0,564.89,213.0,3.72,29.65
2022-08-19 13:00:00,8,13,33.2,403.0,498.38,166.0,3.59,26.7
2022-08-19 14:00:00,8,14,32.65,216.0,373.42,108.0,3.17,23.85
2022-08-19 15:00:00,8,15,31.51,32.0,0.0,32.0,2.62,22.65
2022-08-19 16:00:00,8,16,29.73,0.0,-0.0,0.0,2.14,22.3
2022-08-19 17:00:00,8,17,28.35,0.0,-0.0,0.0,1.52,23.6
2022-08-19 18:00:00,8,18,26.49,0.0,-0.0,0.0,1.59,26.95
2022-08-19 19:00:00,8,19,24.55,0.0,-0.0,0.0,1.31,33.15
2022-08-19 20:00:00,8,20,24.07,0.0,-0.0,0.0,1.1,34.25
2022-08-19 21:00:00,8,21,24.25,0.0,-0.0,0.0,0.97,34.25
2022-08-19 22:00:00,8,22,23.91,0.0,-0.0,0.0,0.76,35.4
2022-08-19 23:00:00,8,23,23.15,0.0,-0.0,0.0,0.62,37.9
2022-08-20 00:00:00,8,0,22.42,0.0,-0.0,0.0,0.69,41.95
2022-08-20 01:00:00,8,1,21.77,0.0,-0.0,0.0,0.62,44.95
2022-08-20 02:00:00,8,2,21.01,0.0,-0.0,0.0,0.76,46.5
2022-08-20 03:00:00,8,3,20.2,96.0,118.1,74.0,0.83,51.5
2022-08-20 04:00:00,8,4,21.67,330.0,568.94,114.0,0.28,64.0
2022-08-20 05:00:00,8,5,26.11,525.0,679.24,147.0,0.34,36.05
2022-08-20 06:00:00,8,6,28.18,692.0,739.23,171.0,1.17,32.75
2022-08-20 07:00:00,8,7,29.94,819.0,776.03,187.0,2.0,32.0
2022-08-20 08:00:00,8,8,31.29,896.0,800.8,193.0,2.55,28.15
2022-08-20 09:00:00,8,9,32.29,902.0,782.37,205.0,3.17,27.4
2022-08-20 10:00:00,8,10,33.01,842.0,726.06,223.0,3.66,27.55
2022-08-20 11:00:00,8,11,33.45,637.0,406.29,326.0,4.0,26.7
2022-08-20 12:00:00,8,12,33.62,586.0,615.19,195.0,4.14,25.0
2022-08-20 13:00:00,8,13,33.34,392.0,466.37,172.0,4.21,23.15
2022-08-20 14:00:00,8,14,32.38,236.0,501.58,93.0,4.14,22.9
2022-08-20 15:00:00,8,15,30.94,28.0,0.0,28.0,3.52,24.25
2022-08-20 16:00:00,8,16,28.91,0.0,-0.0,0.0,2.76,28.5
2022-08-20 17:00:00,8,17,27.21,0.0,-0.0,0.0,2.07,32.65
2022-08-20 18:00:00,8,18,25.68,0.0,-0.0,0.0,1.66,39.95
2022-08-20 19:00:00,8,19,23.5,0.0,-0.0,0.0,1.52,48.8
2022-08-20 20:00:00,8,20,22.4,0.0,-0.0,0.0,1.31,55.8
2022-08-20 21:00:00,8,21,22.68,0.0,-0.0,0.0,1.03,54.0
2022-08-20 22:00:00,8,22,22.93,0.0,-0.0,0.0,0.62,55.9
2022-08-20 23:00:00,8,23,22.41,0.0,-0.0,0.0,0.41,57.75
2022-08-21 00:00:00,8,0,21.93,0.0,-0.0,0.0,0.34,59.7
2022-08-21 01:00:00,8,1,21.44,0.0,-0.0,0.0,0.21,61.7
2022-08-21 02:00:00,8,2,21.04,0.0,-0.0,0.0,0.14,61.7
2022-08-21 03:00:00,8,3,20.85,11.0,0.0,11.0,0.14,61.6
2022-08-21 04:00:00,8,4,22.0,184.0,63.63,160.0,0.07,59.8
2022-08-21 05:00:00,8,5,24.14,489.0,563.02,177.0,0.48,48.95
2022-08-21 06:00:00,8,6,26.07,657.0,643.43,205.0,1.03,43.05
2022-08-21 07:00:00,8,7,28.07,786.0,700.69,217.0,1.59,40.5
2022-08-21 08:00:00,8,8,29.54,870.0,751.65,212.0,2.21,38.0
2022-08-21 09:00:00,8,9,30.62,871.0,713.79,237.0,2.9,34.6
2022-08-21 10:00:00,8,10,31.43,822.0,687.37,238.0,3.45,34.75
2022-08-21 11:00:00,8,11,31.75,717.0,641.54,228.0,3.79,33.7
2022-08-21 12:00:00,8,12,31.86,558.0,537.97,218.0,3.93,32.55
2022-08-21 13:00:00,8,13,31.57,386.0,461.69,170.0,3.93,32.4
2022-08-21 14:00:00,8,14,30.77,191.0,270.55,115.0,3.86,32.25
2022-08-21 15:00:00,8,15,29.39,27.0,0.0,27.0,3.45,35.45
2022-08-21 16:00:00,8,16,27.53,0.0,-0.0,0.0,3.03,41.8
2022-08-21 17:00:00,8,17,25.95,0.0,-0.0,0.0,2.28,47.65
2022-08-21 18:00:00,8,18,24.64,0.0,-0.0,0.0,1.66,50.8
2022-08-21 19:00:00,8,19,23.27,0.0,-0.0,0.0,1.52,58.0
2022-08-21 20:00:00,8,20,21.77,0.0,-0.0,0.0,1.31,64.0
2022-08-21 21:00:00,8,21,21.05,0.0,-0.0,0.0,1.17,66.15
2022-08-21 22:00:00,8,22,20.76,0.0,-0.0,0.0,1.03,68.4
2022-08-21 23:00:00,8,23,20.91,0.0,-0.0,0.0,0.83,68.4
2022-08-22 00:00:00,8,0,20.65,0.0,-0.0,0.0,0.62,70.8
2022-08-22 01:00:00,8,1,20.23,0.0,-0.0,0.0,0.21,73.2
2022-08-22 02:00:00,8,2,19.97,0.0,-0.0,0.0,0.0,73.2
2022-08-22 03:00:00,8,3,19.88,11.0,0.0,11.0,0.14,75.7
2022-08-22 04:00:00,8,4,20.79,259.0,269.56,158.0,0.0,75.85
2022-08-22 05:00:00,8,5,23.31,467.0,489.33,197.0,0.41,54.1
2022-08-22 06:00:00,8,6,25.39,645.0,615.59,214.0,1.1,45.9
2022-08-22 07:00:00,8,7,27.29,773.0,670.64,230.0,1.86,40.35
2022-08-22 08:00:00,8,8,28.7,866.0,748.09,213.0,2.41,36.6
2022-08-22 09:00:00,8,9,29.81,876.0,738.58,222.0,2.9,33.15
2022-08-22 10:00:00,8,10,30.65,826.0,712.25,223.0,3.31,31.15
2022-08-22 11:00:00,8,11,31.04,721.0,666.74,215.0,3.52,30.05
2022-08-22 12:00:00,8,12,31.19,567.0,585.64,199.0,3.59,28.15
2022-08-22 13:00:00,8,13,30.99,385.0,476.42,164.0,3.59,27.0
2022-08-22 14:00:00,8,14,30.27,198.0,328.94,107.0,3.45,25.95
2022-08-22 15:00:00,8,15,28.92,27.0,0.0,27.0,2.9,29.55
2022-08-22 16:00:00,8,16,27.06,0.0,-0.0,0.0,2.41,32.65
2022-08-22 17:00:00,8,17,25.51,0.0,-0.0,0.0,1.79,41.25
2022-08-22 18:00:00,8,18,24.03,0.0,-0.0,0.0,1.45,45.6
2022-08-22 19:00:00,8,19,22.31,0.0,-0.0,0.0,1.31,53.85
2022-08-22 20:00:00,8,20,21.44,0.0,-0.0,0.0,1.24,57.55
2022-08-22 21:00:00,8,21,21.39,0.0,-0.0,0.0,1.03,59.6
2022-08-22 22:00:00,8,22,21.61,0.0,-0.0,0.0,0.76,57.65
2022-08-22 23:00:00,8,23,21.12,0.0,-0.0,0.0,0.69,61.7
2022-08-23 00:00:00,8,0,20.63,0.0,-0.0,0.0,0.48,63.8
2022-08-23 01:00:00,8,1,20.23,0.0,-0.0,0.0,0.41,68.3
2022-08-23 02:00:00,8,2,19.79,0.0,-0.0,0.0,0.28,70.65
2022-08-23 03:00:00,8,3,19.54,11.0,0.0,11.0,0.14,70.65
2022-08-23 04:00:00,8,4,20.2,280.0,362.73,145.0,0.14,75.75
2022-08-23 05:00:00,8,5,22.54,489.0,577.01,172.0,0.41,55.9
2022-08-23 06:00:00,8,6,24.68,662.0,672.13,193.0,0.9,45.75
2022-08-23 07:00:00,8,7,26.82,793.0,730.89,203.0,1.66,37.5
2022-08-23 08:00:00,8,8,28.35,873.0,768.69,204.0,2.21,31.6
2022-08-23 09:00:00,8,9,29.5,883.0,759.03,213.0,2.83,26.65
2022-08-23 10:00:00,8,10,30.31,828.0,717.2,223.0,3.24,24.1
2022-08-23 11:00:00,8,11,30.65,722.0,671.04,215.0,3.66,22.55
2022-08-23 12:00:00,8,12,30.7,567.0,590.71,198.0,3.72,22.55
2022-08-23 13:00:00,8,13,30.39,386.0,489.3,161.0,3.59,24.1
2022-08-23 14:00:00,8,14,29.76,197.0,337.86,105.0,3.31,25.8
2022-08-23 15:00:00,8,15,28.54,26.0,0.0,26.0,2.69,30.5
2022-08-23 16:00:00,8,16,26.82,0.0,-0.0,0.0,2.28,33.7
2022-08-23 17:00:00,8,17,25.27,0.0,-0.0,0.0,1.79,38.45
2022-08-23 18:00:00,8,18,23.4,0.0,-0.0,0.0,1.31,47.0
2022-08-23 19:00:00,8,19,21.87,0.0,-0.0,0.0,1.17,53.75
2022-08-23 20:00:00,8,20,21.56,0.0,-0.0,0.0,1.03,53.75
2022-08-23 21:00:00,8,21,22.02,0.0,-0.0,0.0,0.76,52.0
2022-08-23 22:00:00,8,22,21.48,0.0,-0.0,0.0,0.48,55.55
2022-08-23 23:00:00,8,23,20.97,0.0,-0.0,0.0,0.28,59.5
2022-08-24 00:00:00,8,0,20.45,0.0,-0.0,0.0,0.34,61.5
2022-08-24 01:00:00,8,1,20.05,0.0,-0.0,0.0,0.34,61.5
2022-08-24 02:00:00,8,2,19.65,0.0,-0.0,0.0,0.28,63.6
2022-08-24 03:00:00,8,3,19.4,16.0,0.0,16.0,0.34,65.75
2022-08-24 04:00:00,8,4,20.22,316.0,543.76,115.0,0.14,68.3
2022-08-24 05:00:00,8,5,22.57,508.0,654.52,150.0,0.21,50.3
2022-08-24 06:00:00,8,6,24.66,673.0,714.72,176.0,0.9,44.15
2022-08-24 07:00:00,8,7,26.39,803.0,761.71,190.0,1.66,40.1
2022-08-24 08:00:00,8,8,27.83,879.0,785.99,197.0,2.21,35.2
2022-08-24 09:00:00,8,9,28.94,894.0,791.04,198.0,2.69,32.9
2022-08-24 10:00:00,8,10,29.79,833.0,735.34,215.0,3.1,29.8
2022-08-24 11:00:00,8,11,30.18,718.0,662.15,220.0,3.31,28.9
2022-08-24 12:00:00,8,12,30.26,563.0,583.04,201.0,3.38,27.85
2022-08-24 13:00:00,8,13,29.95,382.0,482.73,162.0,3.24,27.75
2022-08-24 14:00:00,8,14,29.31,192.0,328.48,104.0,2.97,26.65
2022-08-24 15:00:00,8,15,28.17,24.0,0.0,24.0,2.14,27.35
2022-08-24 16:00:00,8,16,26.63,0.0,-0.0,0.0,1.52,28.1
2022-08-24 17:00:00,8,17,24.69,0.0,-0.0,0.0,1.17,33.15
2022-08-24 18:00:00,8,18,24.12,0.0,-0.0,0.0,0.97,33.0
2022-08-24 19:00:00,8,19,22.49,0.0,-0.0,0.0,1.17,39.05
2022-08-24 20:00:00,8,20,21.09,0.0,-0.0,0.0,1.24,43.25
2022-08-24 21:00:00,8,21,20.59,0.0,-0.0,0.0,1.17,44.7
2022-08-24 22:00:00,8,22,20.43,0.0,-0.0,0.0,0.97,46.2
2022-08-24 23:00:00,8,23,20.12,0.0,-0.0,0.0,0.9,46.2
2022-08-25 00:00:00,8,0,19.7,0.0,-0.0,0.0,0.76,47.8
2022-08-25 01:00:00,8,1,19.17,0.0,-0.0,0.0,0.76,51.25
2022-08-25 02:00:00,8,2,18.58,0.0,-0.0,0.0,0.76,53.0
2022-08-25 03:00:00,8,3,18.19,102.0,196.76,68.0,0.69,54.85
2022-08-25 04:00:00,8,4,20.35,320.0,574.76,109.0,0.14,51.5
2022-08-25 05:00:00,8,5,23.03,518.0,697.86,138.0,0.48,42.25
2022-08-25 06:00:00,8,6,24.96,677.0,731.67,170.0,1.17,36.95
2022-08-25 07:00:00,8,7,26.62,808.0,780.3,182.0,1.59,34.9
2022-08-25 08:00:00,8,8,27.97,880.0,794.2,193.0,2.07,32.75
2022-08-25 09:00:00,8,9,29.15,890.0,789.1,198.0,2.41,30.75
2022-08-25 10:00:00,8,10,29.99,833.0,747.7,207.0,2.69,29.8
2022-08-25 11:00:00,8,11,30.49,713.0,659.91,219.0,2.9,27.85
2022-08-25 12:00:00,8,12,30.61,561.0,591.54,196.0,3.03,26.05
2022-08-25 13:00:00,8,13,30.33,376.0,469.48,164.0,3.1,25.95
2022-08-25 14:00:00,8,14,29.54,188.0,322.67,103.0,2.9,26.65
2022-08-25 15:00:00,8,15,28.24,20.0,0.0,20.0,2.14,27.35
2022-08-25 16:00:00,8,16,26.56,0.0,-0.0,0.0,1.59,29.15
2022-08-25 17:00:00,8,17,24.61,0.0,-0.0,0.0,1.17,34.4
2022-08-25 18:00:00,8,18,23.79,0.0,-0.0,0.0,1.03,35.4
2022-08-25 19:00:00,8,19,22.26,0.0,-0.0,0.0,1.24,40.5
2022-08-25 20:00:00,8,20,21.14,0.0,-0.0,0.0,1.24,43.25
2022-08-25 21:00:00,8,21,20.53,0.0,-0.0,0.0,1.17,44.7
2022-08-25 22:00:00,8,22,20.27,0.0,-0.0,0.0,0.97,46.2
2022-08-25 23:00:00,8,23,20.09,0.0,-0.0,0.0,0.83,47.9
2022-08-26 00:00:00,8,0,19.48,0.0,-0.0,0.0,0.83,49.55
2022-08-26 01:00:00,8,1,18.62,0.0,-0.0,0.0,0.76,53.0
2022-08-26 02:00:00,8,2,17.7,0.0,-0.0,0.0,0.76,56.75
2022-08-26 03:00:00,8,3,17.36,119.0,346.92,60.0,0.69,56.75
2022-08-26 04:00:00,8,4,18.81,320.0,578.8,109.0,0.21,65.65
2022-08-26 05:00:00,8,5,23.16,523.0,717.65,134.0,0.48,40.75
2022-08-26 06:00:00,8,6,25.26,689.0,767.59,159.0,1.03,35.8
2022-08-26 07:00:00,8,7,27.13,809.0,785.29,181.0,1.59,31.5
2022-08-26 08:00:00,8,8,28.57,881.0,799.03,192.0,2.0,28.5
2022-08-26 09:00:00,8,9,29.7,891.0,792.92,198.0,2.41,27.75
2022-08-26 10:00:00,8,10,30.46,834.0,751.81,207.0,2.76,27.85
2022-08-26 11:00:00,8,11,30.78,713.0,664.43,218.0,2.9,29.0
2022-08-26 12:00:00,8,12,30.84,560.0,593.69,196.0,3.03,29.0
2022-08-26 13:00:00,8,13,30.45,372.0,465.0,164.0,2.97,29.95
2022-08-26 14:00:00,8,14,29.58,185.0,324.47,101.0,2.83,29.8
2022-08-26 15:00:00,8,15,28.23,18.0,0.0,18.0,2.07,31.6
2022-08-26 16:00:00,8,16,26.6,0.0,-0.0,0.0,1.38,32.5
2022-08-26 17:00:00,8,17,24.89,0.0,-0.0,0.0,0.97,38.3
2022-08-26 18:00:00,8,18,25.16,0.0,-0.0,0.0,0.48,34.5
2022-08-26 19:00:00,8,19,24.51,0.0,-0.0,0.0,0.9,39.55
2022-08-26 20:00:00,8,20,22.71,0.0,-0.0,0.0,1.1,43.65
2022-08-26 21:00:00,8,21,21.66,0.0,-0.0,0.0,1.17,46.6
2022-08-26 22:00:00,8,22,20.85,0.0,-0.0,0.0,1.1,51.65
2022-08-26 23:00:00,8,23,20.31,0.0,-0.0,0.0,1.03,53.35
2022-08-27 00:00:00,8,0,19.65,0.0,-0.0,0.0,0.9,55.2
2022-08-27 01:00:00,8,1,18.82,0.0,-0.0,0.0,0.83,59.05
2022-08-27 02:00:00,8,2,18.14,0.0,-0.0,0.0,0.76,63.3
2022-08-27 03:00:00,8,3,18.05,107.0,262.95,63.0,0.62,63.3
2022-08-27 04:00:00,8,4,20.12,317.0,574.62,109.0,0.14,61.5
2022-08-27 05:00:00,8,5,23.83,518.0,709.84,135.0,0.62,47.15
2022-08-27 06:00:00,8,6,25.98,682.0,754.4,163.0,1.1,39.95
2022-08-27 07:00:00,8,7,28.26,806.0,782.84,182.0,1.72,33.95
2022-08-27 08:00:00,8,8,29.69,877.0,796.96,192.0,2.21,30.9
2022-08-27 09:00:00,8,9,30.76,882.0,778.45,204.0,2.62,31.15
2022-08-27 10:00:00,8,10,31.41,820.0,721.11,221.0,2.97,31.3
2022-08-27 11:00:00,8,11,31.71,708.0,662.3,217.0,3.1,31.4
2022-08-27 12:00:00,8,12,31.69,550.0,571.31,202.0,3.1,32.55
2022-08-27 13:00:00,8,13,31.27,371.0,478.56,159.0,3.03,33.55
2022-08-27 14:00:00,8,14,30.48,183.0,334.28,98.0,2.83,34.5
2022-08-27 15:00:00,8,15,29.12,16.0,0.0,16.0,2.21,35.45
2022-08-27 16:00:00,8,16,27.47,0.0,-0.0,0.0,1.66,37.6
2022-08-27 17:00:00,8,17,25.7,0.0,-0.0,0.0,1.17,41.4
2022-08-27 18:00:00,8,18,25.91,0.0,-0.0,0.0,0.76,41.4
2022-08-27 19:00:00,8,19,24.27,0.0,-0.0,0.0,0.97,45.6
2022-08-27 20:00:00,8,20,22.96,0.0,-0.0,0.0,1.17,50.3
2022-08-27 21:00:00,8,21,22.3,0.0,-0.0,0.0,1.1,53.85
2022-08-27 22:00:00,8,22,21.92,0.0,-0.0,0.0,1.03,55.65
2022-08-27 23:00:00,8,23,21.66,0.0,-0.0,0.0,0.9,55.65
2022-08-28 00:00:00,8,0,21.23,0.0,-0.0,0.0,0.76,57.55
2022-08-28 01:00:00,8,1,20.71,0.0,-0.0,0.0,0.76,59.5
2022-08-28 02:00:00,8,2,20.14,0.0,-0.0,0.0,0.69,61.5
2022-08-28 03:00:00,8,3,19.81,105.0,261.26,62.0,0.69,63.6
2022-08-28 04:00:00,8,4,21.73,314.0,573.2,108.0,0.14,57.65
2022-08-28 05:00:00,8,5,24.41,512.0,692.69,140.0,0.48,48.95
2022-08-28 06:00:00,8,6,26.64,678.0,746.97,166.0,0.9,37.5
2022-08-28 07:00:00,8,7,28.51,801.0,775.37,185.0,1.59,35.2
2022-08-28 08:00:00,8,8,29.94,872.0,789.08,196.0,2.14,30.9
2022-08-28 09:00:00,8,9,30.99,881.0,781.21,203.0,2.62,30.05
2022-08-28 10:00:00,8,10,31.65,824.0,737.36,214.0,2.97,29.3
2022-08-28 11:00:00,8,11,31.97,711.0,676.48,212.0,3.24,29.3
2022-08-28 12:00:00,8,12,31.96,550.0,583.4,197.0,3.31,29.3
2022-08-28 13:00:00,8,13,31.56,368.0,478.78,158.0,3.24,29.15
2022-08-28 14:00:00,8,14,30.73,176.0,308.48,99.0,2.97,28.0
2022-08-28 15:00:00,8,15,29.38,14.0,0.0,14.0,2.14,29.7
2022-08-28 16:00:00,8,16,27.78,0.0,-0.0,0.0,1.52,29.4
2022-08-28 17:00:00,8,17,25.97,0.0,-0.0,0.0,1.1,34.65
2022-08-28 18:00:00,8,18,26.5,0.0,-0.0,0.0,0.62,31.2
2022-08-28 19:00:00,8,19,24.82,0.0,-0.0,0.0,1.1,36.95
2022-08-28 20:00:00,8,20,22.96,0.0,-0.0,0.0,1.31,42.1
2022-08-28 21:00:00,8,21,21.8,0.0,-0.0,0.0,1.38,44.95
2022-08-28 22:00:00,8,22,20.97,0.0,-0.0,0.0,1.24,49.8
2022-08-28 23:00:00,8,23,19.9,0.0,-0.0,0.0,1.17,53.25
2022-08-29 00:00:00,8,0,19.0,0.0,-0.0,0.0,1.03,57.1
2022-08-29 01:00:00,8,1,18.12,0.0,-0.0,0.0,0.97,61.05
2022-08-29 02:00:00,8,2,17.43,0.0,-0.0,0.0,0.9,63.2
2022-08-29 03:00:00,8,3,17.3,94.0,191.56,63.0,0.83,65.45
2022-08-29 04:00:00,8,4,21.02,294.0,493.31,118.0,0.34,53.6
2022-08-29 05:00:00,8,5,24.66,505.0,679.15,142.0,0.28,42.65
2022-08-29 06:00:00,8,6,27.08,670.0,733.68,169.0,0.83,33.8
2022-08-29 07:00:00,8,7,29.3,796.0,771.68,185.0,1.38,25.7
2022-08-29 08:00:00,8,8,30.76,867.0,785.89,196.0,1.93,23.4
2022-08-29 09:00:00,8,9,31.81,876.0,777.11,204.0,2.48,22.8
2022-08-29 10:00:00,8,10,32.38,814.0,719.81,221.0,2.9,24.6
2022-08-29 11:00:00,8,11,32.61,705.0,673.16,211.0,3.1,26.55
2022-08-29 12:00:00,8,12,32.51,545.0,579.09,197.0,3.17,28.4
2022-08-29 13:00:00,8,13,32.0,364.0,483.69,154.0,3.17,29.3
2022-08-29 14:00:00,8,14,31.05,173.0,314.44,96.0,2.9,30.05
2022-08-29 15:00:00,8,15,29.59,10.0,0.0,10.0,2.21,30.9
2022-08-29 16:00:00,8,16,27.91,0.0,-0.0,0.0,1.66,32.75
2022-08-29 17:00:00,8,17,26.04,0.0,-0.0,0.0,1.17,36.05
2022-08-29 18:00:00,8,18,26.57,0.0,-0.0,0.0,0.69,33.7
2022-08-29 19:00:00,8,19,23.39,0.0,-0.0,0.0,1.38,45.35
2022-08-29 20:00:00,8,20,22.09,0.0,-0.0,0.0,1.45,48.45
2022-08-29 21:00:00,8,21,21.73,0.0,-0.0,0.0,1.17,50.05
2022-08-29 22:00:00,8,22,21.08,0.0,-0.0,0.0,1.1,51.75
2022-08-29 23:00:00,8,23,20.23,0.0,-0.0,0.0,1.03,55.3
2022-08-30 00:00:00,8,0,19.33,0.0,-0.0,0.0,1.1,59.15
2022-08-30 01:00:00,8,1,18.3,0.0,-0.0,0.0,1.1,63.3
2022-08-30 02:00:00,8,2,17.57,0.0,-0.0,0.0,1.03,65.45
2022-08-30 03:00:00,8,3,17.35,34.0,0.0,34.0,0.97,65.45
2022-08-30 04:00:00,8,4,21.31,284.0,446.14,126.0,0.48,53.6
2022-08-30 05:00:00,8,5,25.19,490.0,635.44,152.0,0.14,38.45
2022-08-30 06:00:00,8,6,27.62,661.0,714.44,175.0,0.76,29.4
2022-08-30 07:00:00,8,7,29.61,790.0,762.95,188.0,1.38,23.15
2022-08-30 08:00:00,8,8,31.03,861.0,774.49,202.0,2.0,20.95
2022-08-30 09:00:00,8,9,32.02,869.0,763.74,211.0,2.41,20.45
2022-08-30 10:00:00,8,10,32.64,816.0,735.08,213.0,2.83,21.45
2022-08-30 11:00:00,8,11,32.86,698.0,660.27,216.0,2.97,23.05
2022-08-30 12:00:00,8,12,32.78,544.0,589.86,192.0,3.03,24.75
2022-08-30 13:00:00,8,13,32.31,361.0,484.11,153.0,3.1,25.5
2022-08-30 14:00:00,8,14,31.32,173.0,337.37,92.0,2.83,26.2
2022-08-30 15:00:00,8,15,29.8,10.0,0.0,10.0,2.07,28.75
2022-08-30 16:00:00,8,16,28.25,0.0,-0.0,0.0,1.31,29.4
2022-08-30 17:00:00,8,17,27.79,0.0,-0.0,0.0,0.55,29.4
2022-08-30 18:00:00,8,18,27.24,0.0,-0.0,0.0,0.69,30.35
2022-08-30 19:00:00,8,19,24.23,0.0,-0.0,0.0,1.45,38.15
2022-08-30 20:00:00,8,20,22.57,0.0,-0.0,0.0,1.59,42.1
2022-08-30 21:00:00,8,21,21.73,0.0,-0.0,0.0,1.45,44.95
2022-08-30 22:00:00,8,22,20.6,0.0,-0.0,0.0,1.31,48.05
2022-08-30 23:00:00,8,23,19.37,0.0,-0.0,0.0,1.17,53.15
2022-08-31 00:00:00,8,0,18.29,0.0,-0.0,0.0,1.17,56.85
2022-08-31 01:00:00,8,1,17.27,0.0,-0.0,0.0,1.17,58.8
2022-08-31 02:00:00,8,2,16.58,0.0,-0.0,0.0,1.17,60.85
2022-08-31 03:00:00,8,3,16.64,66.0,57.59,57.0,1.17,63.05
2022-08-31 04:00:00,8,4,20.81,283.0,452.34,124.0,0.76,55.45
2022-08-31 05:00:00,8,5,25.92,490.0,642.33,150.0,0.21,34.65
2022-08-31 06:00:00,8,6,28.62,654.0,700.99,179.0,0.48,24.65
2022-08-31 07:00:00,8,7,31.39,783.0,749.1,194.0,1.1,18.15
2022-08-31 08:00:00,8,8,32.85,857.0,772.5,202.0,1.66,15.95
2022-08-31 09:00:00,8,9,33.96,865.0,761.97,211.0,2.14,15.0
2022-08-31 10:00:00,8,10,34.63,807.0,719.93,219.0,2.55,14.65
2022-08-31 11:00:00,8,11,34.88,698.0,672.09,210.0,2.9,14.65
2022-08-31 12:00:00,8,12,34.64,537.0,577.22,195.0,3.03,15.2
2022-08-31 13:00:00,8,13,34.0,352.0,463.44,155.0,3.1,17.4
2022-08-31 14:00:00,8,14,32.76,168.0,323.07,92.0,2.76,20.65
2022-08-31 15:00:00,8,15,30.93,6.0,0.0,6.0,1.86,25.15
2022-08-31 16:00:00,8,16,25.27,0.0,-0.0,0.0,1.34,34.36
2022-08-31 17:00:00,8,17,25.02,0.0,-0.0,0.0,1.31,37.03
2022-08-31 18:00:00,8,18,24.78,0.0,-0.0,0.0,1.28,39.7
2022-08-31 19:00:00,8,19,24.54,0.0,-0.0,0.0,1.25,42.37
2022-08-31 20:00:00,8,20,24.3,0.0,-0.0,0.0,1.22,45.04
2022-08-31 21:00:00,8,21,24.06,0.0,-0.0,0.0,1.2,47.71
2022-08-31 22:00:00,8,22,23.82,0.0,-0.0,0.0,1.17,50.39
2022-08-31 23:00:00,8,23,23.58,0.0,-0.0,0.0,1.14,53.06
2010-09-01 00:00:00,9,0,23.33,0.0,-0.0,0.0,1.11,55.73
2010-09-01 01:00:00,9,1,23.09,0.0,-0.0,0.0,1.08,58.4
2010-09-01 02:00:00,9,2,22.85,0.0,-0.0,0.0,1.05,61.07
2010-09-01 03:00:00,9,3,22.61,102.0,306.19,55.0,1.03,63.74
2010-09-01 04:00:00,9,4,22.37,307.0,596.26,99.0,1.0,66.41
2010-09-01 05:00:00,9,5,22.13,511.0,736.67,123.0,0.97,69.08
2010-09-01 06:00:00,9,6,21.88,690.0,823.79,134.0,0.94,71.75
2010-09-01 07:00:00,9,7,21.64,817.0,857.74,145.0,0.91,74.42
2010-09-01 08:00:00,9,8,30.44,890.0,872.33,153.0,1.52,34.5
2010-09-01 09:00:00,9,9,31.2,903.0,876.04,154.0,2.07,33.55
2010-09-01 10:00:00,9,10,31.64,851.0,860.89,151.0,2.48,32.55
2010-09-01 11:00:00,9,11,31.81,748.0,843.36,139.0,2.69,33.7
2010-09-01 12:00:00,9,12,31.59,585.0,773.57,130.0,2.69,36.1
2010-09-01 13:00:00,9,13,31.13,388.0,651.69,114.0,2.55,38.55
2010-09-01 14:00:00,9,14,30.26,142.0,195.36,97.0,2.07,42.45
2010-09-01 15:00:00,9,15,28.46,6.0,0.0,6.0,1.24,55.15
2010-09-01 16:00:00,9,16,27.87,0.0,-0.0,0.0,0.9,49.8
2010-09-01 17:00:00,9,17,27.8,0.0,-0.0,0.0,0.76,48.15
2010-09-01 18:00:00,9,18,26.68,0.0,-0.0,0.0,1.03,51.3
2010-09-01 19:00:00,9,19,24.76,0.0,-0.0,0.0,1.24,58.35
2010-09-01 20:00:00,9,20,24.19,0.0,-0.0,0.0,1.17,60.25
2010-09-01 21:00:00,9,21,23.8,0.0,-0.0,0.0,1.03,60.15
2010-09-01 22:00:00,9,22,23.74,0.0,-0.0,0.0,0.83,60.15
2010-09-01 23:00:00,9,23,23.25,0.0,-0.0,0.0,0.62,62.15
2010-09-02 00:00:00,9,0,22.81,0.0,-0.0,0.0,0.48,64.2
2010-09-02 01:00:00,9,1,21.9,0.0,-0.0,0.0,0.34,66.25
2010-09-02 02:00:00,9,2,21.54,0.0,-0.0,0.0,0.48,66.25
2010-09-02 03:00:00,9,3,21.3,8.0,0.0,8.0,0.62,68.5
2010-09-02 04:00:00,9,4,22.49,239.0,280.21,142.0,0.21,71.05
2010-09-02 05:00:00,9,5,25.02,420.0,417.91,201.0,0.34,60.35
2010-09-02 06:00:00,9,6,26.73,618.0,627.77,196.0,0.69,54.95
2010-09-02 07:00:00,9,7,28.17,769.0,762.24,174.0,0.97,53.35
2010-09-02 08:00:00,9,8,29.55,837.0,775.74,184.0,1.24,48.4
2010-09-02 09:00:00,9,9,30.61,859.0,802.01,176.0,1.52,44.05
2010-09-02 10:00:00,9,10,31.34,813.0,796.87,168.0,1.66,44.2
2010-09-02 11:00:00,9,11,31.7,694.0,728.34,171.0,1.86,44.3
2010-09-02 12:00:00,9,12,31.61,322.0,87.36,271.0,1.93,44.3
2010-09-02 13:00:00,9,13,31.22,339.0,469.03,144.0,2.07,47.25
2010-09-02 14:00:00,9,14,30.16,130.0,164.16,93.0,1.86,50.3
2010-09-02 15:00:00,9,15,28.65,3.0,0.0,3.0,1.52,57.15
2010-09-02 16:00:00,9,16,26.79,0.0,-0.0,0.0,0.97,69.5
2010-09-02 17:00:00,9,17,26.68,0.0,-0.0,0.0,0.83,65.0
2010-09-02 18:00:00,9,18,25.15,0.0,-0.0,0.0,1.24,69.25
2010-09-02 19:00:00,9,19,24.73,0.0,-0.0,0.0,1.38,71.5
2010-09-02 20:00:00,9,20,22.92,0.0,-0.0,0.0,1.72,78.75
2010-09-02 21:00:00,9,21,21.77,0.0,-0.0,0.0,1.59,84.1
2010-09-02 22:00:00,9,22,21.09,0.0,-0.0,0.0,1.31,84.05
2010-09-02 23:00:00,9,23,20.91,0.0,-0.0,0.0,1.03,86.9
2010-09-03 00:00:00,9,0,21.16,0.0,-0.0,0.0,0.83,84.05
2010-09-03 01:00:00,9,1,21.78,0.0,-0.0,0.0,0.69,81.35
2010-09-03 02:00:00,9,2,21.92,0.0,-0.0,0.0,0.76,81.35
2010-09-03 03:00:00,9,3,22.56,23.0,0.0,23.0,0.76,76.15
2010-09-03 04:00:00,9,4,24.62,180.0,96.08,147.0,0.41,69.15
2010-09-03 05:00:00,9,5,27.25,428.0,458.41,189.0,0.48,63.0
2010-09-03 06:00:00,9,6,28.61,621.0,651.26,185.0,1.17,59.1
2010-09-03 07:00:00,9,7,29.07,756.0,736.8,183.0,1.59,61.25
2010-09-03 08:00:00,9,8,30.11,837.0,783.41,180.0,2.0,55.6
2010-09-03 09:00:00,9,9,30.83,858.0,809.96,171.0,2.48,52.15
2010-09-03 10:00:00,9,10,30.91,812.0,804.31,164.0,3.17,52.15
2010-09-03 11:00:00,9,11,31.29,707.0,774.54,154.0,3.24,47.25
2010-09-03 12:00:00,9,12,31.17,556.0,723.21,137.0,3.31,44.2
2010-09-03 13:00:00,9,13,30.96,359.0,583.93,119.0,3.24,41.15
2010-09-03 14:00:00,9,14,30.04,123.0,145.21,91.0,2.28,42.3
2010-09-03 15:00:00,9,15,28.55,0.0,0.0,0.0,1.79,44.95
2010-09-03 16:00:00,9,16,26.74,0.0,-0.0,0.0,1.66,49.55
2010-09-03 17:00:00,9,17,24.84,0.0,-0.0,0.0,1.59,60.35
2010-09-03 18:00:00,9,18,23.65,0.0,-0.0,0.0,1.45,64.4
2010-09-03 19:00:00,9,19,23.81,0.0,-0.0,0.0,1.17,64.4
2010-09-03 20:00:00,9,20,24.5,0.0,-0.0,0.0,0.97,60.25
2010-09-03 21:00:00,9,21,24.51,0.0,-0.0,0.0,0.76,60.25
2010-09-03 22:00:00,9,22,24.11,0.0,-0.0,0.0,0.55,60.25
2010-09-03 23:00:00,9,23,23.61,0.0,-0.0,0.0,0.48,62.25
2010-09-04 00:00:00,9,0,23.14,0.0,-0.0,0.0,0.48,62.15
2010-09-04 01:00:00,9,1,22.71,0.0,-0.0,0.0,0.55,64.2
2010-09-04 02:00:00,9,2,22.2,0.0,-0.0,0.0,0.62,66.35
2010-09-04 03:00:00,9,3,21.83,28.0,0.0,28.0,0.76,68.6
2010-09-04 04:00:00,9,4,23.01,247.0,322.82,137.0,0.48,66.55
2010-09-04 05:00:00,9,5,25.55,467.0,607.34,152.0,0.28,52.85
2010-09-04 06:00:00,9,6,26.97,645.0,721.49,164.0,0.62,47.9
2010-09-04 07:00:00,9,7,28.07,780.0,789.95,168.0,1.31,46.5
2010-09-04 08:00:00,9,8,29.12,854.0,815.13,173.0,1.79,43.65
2010-09-04 09:00:00,9,9,30.01,875.0,841.72,164.0,2.21,42.3
2010-09-04 10:00:00,9,10,30.72,819.0,814.37,166.0,2.48,39.75
2010-09-04 11:00:00,9,11,31.09,716.0,795.99,151.0,2.62,37.25
2010-09-04 12:00:00,9,12,31.05,556.0,727.13,138.0,2.69,37.1
2010-09-04 13:00:00,9,13,30.65,361.0,598.23,118.0,2.62,35.85
2010-09-04 14:00:00,9,14,29.74,126.0,167.19,90.0,2.14,39.5
2010-09-04 15:00:00,9,15,28.17,0.0,0.0,0.0,1.31,44.95
2010-09-04 16:00:00,9,16,27.09,0.0,-0.0,0.0,0.9,46.4
2010-09-04 17:00:00,9,17,27.26,0.0,-0.0,0.0,0.83,43.3
2010-09-04 18:00:00,9,18,26.28,0.0,-0.0,0.0,1.1,46.15
2010-09-04 19:00:00,9,19,23.11,0.0,-0.0,0.0,1.45,56.0
2010-09-04 20:00:00,9,20,22.35,0.0,-0.0,0.0,1.45,59.8
2010-09-04 21:00:00,9,21,21.9,0.0,-0.0,0.0,1.38,59.7
2010-09-04 22:00:00,9,22,21.41,0.0,-0.0,0.0,1.24,61.7
2010-09-04 23:00:00,9,23,20.48,0.0,-0.0,0.0,1.17,65.95
2010-09-05 00:00:00,9,0,19.22,0.0,-0.0,0.0,1.17,70.55
2010-09-05 01:00:00,9,1,18.15,0.0,-0.0,0.0,1.17,75.45
2010-09-05 02:00:00,9,2,17.29,0.0,-0.0,0.0,1.24,78.1
2010-09-05 03:00:00,9,3,17.26,56.0,42.18,50.0,1.17,78.1
2010-09-05 04:00:00,9,4,20.75,270.0,446.73,119.0,0.83,70.8
2010-09-05 05:00:00,9,5,25.46,492.0,705.54,128.0,0.41,50.95
2010-09-05 06:00:00,9,6,27.59,665.0,781.8,146.0,0.21,39.1
2010-09-05 07:00:00,9,7,29.07,792.0,820.23,159.0,0.83,36.7
2010-09-05 08:00:00,9,8,30.25,867.0,845.94,163.0,1.38,34.5
2010-09-05 09:00:00,9,9,31.12,883.0,861.91,158.0,1.79,32.4
2010-09-05 10:00:00,9,10,31.76,826.0,833.37,161.0,2.21,31.4
2010-09-05 11:00:00,9,11,32.01,718.0,805.0,150.0,2.48,31.4
2010-09-05 12:00:00,9,12,31.82,557.0,734.7,138.0,2.69,32.55
2010-09-05 13:00:00,9,13,31.19,361.0,612.94,115.0,2.76,34.75
2010-09-05 14:00:00,9,14,30.15,124.0,171.25,88.0,2.21,38.3
2010-09-05 15:00:00,9,15,28.52,0.0,0.0,0.0,1.31,44.95
2010-09-05 16:00:00,9,16,27.48,0.0,-0.0,0.0,0.9,48.0
2010-09-05 17:00:00,9,17,27.59,0.0,-0.0,0.0,0.83,43.4
2010-09-05 18:00:00,9,18,25.56,0.0,-0.0,0.0,1.24,51.05
2010-09-05 19:00:00,9,19,22.84,0.0,-0.0,0.0,1.59,64.2
2010-09-05 20:00:00,9,20,21.35,0.0,-0.0,0.0,1.59,70.9
2010-09-05 21:00:00,9,21,20.07,0.0,-0.0,0.0,1.45,73.2
2010-09-05 22:00:00,9,22,19.14,0.0,-0.0,0.0,1.38,78.3
2010-09-05 23:00:00,9,23,18.49,0.0,-0.0,0.0,1.38,81.0
2010-09-06 00:00:00,9,0,17.94,0.0,-0.0,0.0,1.38,83.7
2010-09-06 01:00:00,9,1,17.53,0.0,-0.0,0.0,1.38,80.85
2010-09-06 02:00:00,9,2,17.21,0.0,-0.0,0.0,1.38,80.85
2010-09-06 03:00:00,9,3,17.38,39.0,7.17,38.0,1.31,78.1
2010-09-06 04:00:00,9,4,20.89,251.0,363.91,129.0,0.9,70.8
2010-09-06 05:00:00,9,5,25.75,471.0,645.03,140.0,0.28,51.05
2010-09-06 06:00:00,9,6,27.87,647.0,745.85,154.0,0.41,43.4
2010-09-06 07:00:00,9,7,29.31,772.0,785.75,168.0,0.9,42.2
2010-09-06 08:00:00,9,8,30.51,845.0,810.7,173.0,1.38,38.3
2010-09-06 09:00:00,9,9,31.45,860.0,825.01,169.0,1.86,34.75
2010-09-06 10:00:00,9,10,32.14,808.0,808.53,166.0,2.14,30.45
2010-09-06 11:00:00,9,11,32.36,701.0,779.97,154.0,2.34,29.4
2010-09-06 12:00:00,9,12,32.24,539.0,700.03,143.0,2.55,29.4
2010-09-06 13:00:00,9,13,31.65,349.0,587.74,116.0,2.55,30.35
2010-09-06 14:00:00,9,14,30.65,116.0,151.17,85.0,2.14,33.4
2010-09-06 15:00:00,9,15,28.88,0.0,0.0,0.0,1.59,37.9
2010-09-06 16:00:00,9,16,26.57,0.0,-0.0,0.0,1.31,47.9
2010-09-06 17:00:00,9,17,27.55,0.0,-0.0,0.0,0.9,37.75
2010-09-06 18:00:00,9,18,26.58,0.0,-0.0,0.0,1.1,40.25
2010-09-06 19:00:00,9,19,23.25,0.0,-0.0,0.0,1.52,56.0
2010-09-06 20:00:00,9,20,21.93,0.0,-0.0,0.0,1.59,61.85
2010-09-06 21:00:00,9,21,21.06,0.0,-0.0,0.0,1.45,63.9
2010-09-06 22:00:00,9,22,20.42,0.0,-0.0,0.0,1.31,68.3
2010-09-06 23:00:00,9,23,19.63,0.0,-0.0,0.0,1.17,70.65
2010-09-07 00:00:00,9,0,18.83,0.0,-0.0,0.0,1.17,72.95
2010-09-07 01:00:00,9,1,18.19,0.0,-0.0,0.0,1.17,75.45
2010-09-07 02:00:00,9,2,17.74,0.0,-0.0,0.0,1.17,78.1
2010-09-07 03:00:00,9,3,17.83,8.0,0.0,8.0,1.1,78.1
2010-09-07 04:00:00,9,4,21.32,113.0,9.02,110.0,0.69,66.15
2010-09-07 05:00:00,9,5,25.47,427.0,470.26,187.0,0.28,49.2
2010-09-07 06:00:00,9,6,27.51,625.0,679.24,178.0,0.76,41.8
2010-09-07 07:00:00,9,7,29.42,758.0,753.65,181.0,1.17,34.2
2010-09-07 08:00:00,9,8,30.66,834.0,789.75,182.0,1.72,30.05
2010-09-07 09:00:00,9,9,31.48,854.0,815.44,174.0,2.28,30.2
2010-09-07 10:00:00,9,10,31.87,801.0,798.69,170.0,2.62,31.4
2010-09-07 11:00:00,9,11,32.1,702.0,790.57,151.0,2.69,32.65
2010-09-07 12:00:00,9,12,31.89,541.0,718.33,138.0,2.69,34.9
2010-09-07 13:00:00,9,13,31.31,347.0,592.63,115.0,2.55,35.95
2010-09-07 14:00:00,9,14,30.31,114.0,155.09,83.0,2.48,39.65
2010-09-07 15:00:00,9,15,28.75,0.0,-0.0,0.0,1.79,43.55
2010-09-07 16:00:00,9,16,26.8,0.0,-0.0,0.0,1.45,49.55
2010-09-07 17:00:00,9,17,24.99,0.0,-0.0,0.0,1.45,58.35
2010-09-07 18:00:00,9,18,23.75,0.0,-0.0,0.0,1.52,58.1
2010-09-07 19:00:00,9,19,23.1,0.0,-0.0,0.0,1.52,60.05
2010-09-07 20:00:00,9,20,22.21,0.0,-0.0,0.0,1.45,61.95
2010-09-07 21:00:00,9,21,21.83,0.0,-0.0,0.0,1.17,64.0
2010-09-07 22:00:00,9,22,21.78,0.0,-0.0,0.0,0.97,64.0
2010-09-07 23:00:00,9,23,21.88,0.0,-0.0,0.0,0.69,64.0
2010-09-08 00:00:00,9,0,21.53,0.0,-0.0,0.0,0.55,61.85
2010-09-08 01:00:00,9,1,21.13,0.0,-0.0,0.0,0.41,63.9
2010-09-08 02:00:00,9,2,20.95,0.0,-0.0,0.0,0.21,66.05
2010-09-08 03:00:00,9,3,20.95,7.0,0.0,7.0,0.14,66.05
2010-09-08 04:00:00,9,4,22.16,128.0,21.23,121.0,0.21,61.95
2010-09-08 05:00:00,9,5,24.4,402.0,394.06,202.0,0.76,54.35
2010-09-08 06:00:00,9,6,25.99,605.0,630.39,192.0,1.17,47.65
2010-09-08 07:00:00,9,7,26.63,731.0,687.24,207.0,1.79,44.7
2010-09-08 08:00:00,9,8,27.75,805.0,723.69,210.0,2.21,43.4
2010-09-08 09:00:00,9,9,28.46,829.0,769.69,190.0,2.41,44.95
2010-09-08 10:00:00,9,10,29.04,777.0,753.18,185.0,2.55,46.65
2010-09-08 11:00:00,9,11,29.21,672.0,727.72,168.0,2.97,46.75
2010-09-08 12:00:00,9,12,29.38,513.0,648.92,152.0,3.17,48.4
2010-09-08 13:00:00,9,13,28.57,327.0,527.85,123.0,3.1,51.65
2010-09-08 14:00:00,9,14,27.79,103.0,123.3,79.0,2.83,53.35
2010-09-08 15:00:00,9,15,26.5,0.0,-0.0,0.0,1.59,58.7
2010-09-08 16:00:00,9,16,25.5,0.0,-0.0,0.0,0.62,66.95
2010-09-08 17:00:00,9,17,25.72,0.0,-0.0,0.0,0.41,60.6
2010-09-08 18:00:00,9,18,24.1,0.0,-0.0,0.0,1.1,69.05
2010-09-08 19:00:00,9,19,23.9,0.0,-0.0,0.0,1.1,66.65
2010-09-08 20:00:00,9,20,23.55,0.0,-0.0,0.0,1.1,66.65
2010-09-08 21:00:00,9,21,22.32,0.0,-0.0,0.0,1.31,73.55
2010-09-08 22:00:00,9,22,21.25,0.0,-0.0,0.0,1.45,75.95
2010-09-08 23:00:00,9,23,20.79,0.0,-0.0,0.0,1.45,78.5
2010-09-09 00:00:00,9,0,21.91,0.0,-0.0,0.0,0.83,71.0
2010-09-09 01:00:00,9,1,22.25,0.0,-0.0,0.0,0.14,71.05
2010-09-09 02:00:00,9,2,21.73,0.0,-0.0,0.0,0.34,73.45
2010-09-09 03:00:00,9,3,21.35,7.0,0.0,7.0,0.62,78.55
2010-09-09 04:00:00,9,4,21.98,91.0,3.06,90.0,0.62,78.65
2010-09-09 05:00:00,9,5,23.44,392.0,376.48,202.0,0.69,73.7
2010-09-09 06:00:00,9,6,24.81,546.0,453.87,250.0,1.17,66.85
2010-09-09 07:00:00,9,7,25.87,689.0,578.17,250.0,1.72,62.65
2010-09-09 08:00:00,9,8,26.78,797.0,725.51,203.0,2.28,58.8
2010-09-09 09:00:00,9,9,27.35,811.0,742.95,197.0,2.41,55.05
2010-09-09 10:00:00,9,10,27.81,703.0,555.06,269.0,2.83,53.35
2010-09-09 11:00:00,9,11,28.0,652.0,688.82,178.0,2.83,51.55
2010-09-09 12:00:00,9,12,28.09,494.0,598.33,164.0,2.83,49.8
2010-09-09 13:00:00,9,13,27.83,313.0,490.27,126.0,3.03,49.8
2010-09-09 14:00:00,9,14,26.87,102.0,132.01,77.0,2.83,54.95
2010-09-09 15:00:00,9,15,25.72,0.0,-0.0,0.0,2.55,60.6
2010-09-09 16:00:00,9,16,24.34,0.0,-0.0,0.0,1.79,69.05
2010-09-09 17:00:00,9,17,23.29,0.0,-0.0,0.0,1.52,73.7
2010-09-09 18:00:00,9,18,22.11,0.0,-0.0,0.0,1.45,78.7
2010-09-09 19:00:00,9,19,21.56,0.0,-0.0,0.0,1.38,81.35
2010-09-09 20:00:00,9,20,20.9,0.0,-0.0,0.0,1.45,86.9
2010-09-09 21:00:00,9,21,20.17,0.0,-0.0,0.0,1.38,86.85
2010-09-09 22:00:00,9,22,19.61,0.0,-0.0,0.0,1.31,89.85
2010-09-09 23:00:00,9,23,19.42,0.0,-0.0,0.0,1.1,92.9
2010-09-10 00:00:00,9,0,19.37,0.0,-0.0,0.0,1.03,89.8
2010-09-10 01:00:00,9,1,19.1,0.0,-0.0,0.0,1.03,89.8
2010-09-10 02:00:00,9,2,18.8,0.0,-0.0,0.0,1.03,89.75
2010-09-10 03:00:00,9,3,19.02,7.0,0.0,7.0,1.17,86.8
2010-09-10 04:00:00,9,4,19.71,23.0,0.0,23.0,1.38,81.1
2010-09-10 05:00:00,9,5,20.3,44.0,0.0,44.0,1.59,78.45
2010-09-10 06:00:00,9,6,20.88,114.0,0.0,114.0,1.86,73.3
2010-09-10 07:00:00,9,7,22.01,172.0,0.0,172.0,2.0,61.95
2010-09-10 08:00:00,9,8,23.14,206.0,0.0,206.0,2.28,54.1
2010-09-10 09:00:00,9,9,23.53,217.0,0.0,217.0,2.21,50.55
2010-09-10 10:00:00,9,10,23.98,150.0,0.0,150.0,2.14,50.55
2010-09-10 11:00:00,9,11,24.36,133.0,0.0,133.0,2.28,47.25
2010-09-10 12:00:00,9,12,24.6,78.0,0.0,78.0,2.55,45.75
2010-09-10 13:00:00,9,13,24.16,45.0,0.0,45.0,2.83,47.25
2010-09-10 14:00:00,9,14,23.38,24.0,0.0,24.0,3.03,52.25
2010-09-10 15:00:00,9,15,22.12,0.0,-0.0,0.0,2.97,57.75
2010-09-10 16:00:00,9,16,20.61,0.0,-0.0,0.0,2.97,68.4
2010-09-10 17:00:00,9,17,19.56,0.0,-0.0,0.0,2.41,73.15
2010-09-10 18:00:00,9,18,18.82,0.0,-0.0,0.0,2.41,78.25
2010-09-10 19:00:00,9,19,18.76,0.0,-0.0,0.0,2.55,78.25
2010-09-10 20:00:00,9,20,18.13,0.0,-0.0,0.0,2.28,80.9
2010-09-10 21:00:00,9,21,17.72,0.0,-0.0,0.0,2.21,80.85
2010-09-10 22:00:00,9,22,17.27,0.0,-0.0,0.0,2.21,80.85
2010-09-10 23:00:00,9,23,16.87,0.0,-0.0,0.0,2.21,80.8
2010-09-11 00:00:00,9,0,16.57,0.0,-0.0,0.0,2.14,80.8
2010-09-11 01:00:00,9,1,15.92,0.0,-0.0,0.0,2.0,86.5
2010-09-11 02:00:00,9,2,15.51,0.0,-0.0,0.0,1.86,86.5
2010-09-11 03:00:00,9,3,15.3,6.0,0.0,6.0,1.72,89.55
2010-09-11 04:00:00,9,4,15.13,23.0,0.0,23.0,1.72,89.55
2010-09-11 05:00:00,9,5,15.22,40.0,0.0,40.0,1.79,86.5
2010-09-11 06:00:00,9,6,15.28,88.0,0.0,88.0,1.86,86.5
2010-09-11 07:00:00,9,7,16.33,134.0,0.0,134.0,2.34,86.55
2010-09-11 08:00:00,9,8,16.28,187.0,0.0,187.0,2.07,89.65
2010-09-11 09:00:00,9,9,16.46,163.0,0.0,163.0,2.41,86.6
2010-09-11 10:00:00,9,10,16.61,128.0,0.0,128.0,2.07,89.65
2010-09-11 11:00:00,9,11,16.76,119.0,0.0,119.0,2.28,86.6
2010-09-11 12:00:00,9,12,16.44,63.0,0.0,63.0,1.86,86.6
2010-09-11 13:00:00,9,13,16.13,32.0,0.0,32.0,1.86,89.65
2010-09-11 14:00:00,9,14,15.94,16.0,0.0,16.0,1.86,86.55
2010-09-11 15:00:00,9,15,15.53,0.0,-0.0,0.0,1.72,86.5
2010-09-11 16:00:00,9,16,15.3,0.0,-0.0,0.0,1.59,89.55
2010-09-11 17:00:00,9,17,15.14,0.0,-0.0,0.0,1.52,86.5
2010-09-11 18:00:00,9,18,15.18,0.0,-0.0,0.0,1.45,83.5
2010-09-11 19:00:00,9,19,14.75,0.0,-0.0,0.0,1.24,89.5
2010-09-11 20:00:00,9,20,14.7,0.0,-0.0,0.0,1.1,86.45
2010-09-11 21:00:00,9,21,14.71,0.0,-0.0,0.0,0.97,89.5
2010-09-11 22:00:00,9,22,14.63,0.0,-0.0,0.0,0.9,89.5
2010-09-11 23:00:00,9,23,14.54,0.0,-0.0,0.0,0.9,89.5
2010-09-12 00:00:00,9,0,14.37,0.0,-0.0,0.0,0.69,92.7
2010-09-12 01:00:00,9,1,14.54,0.0,-0.0,0.0,0.62,86.45
2010-09-12 02:00:00,9,2,14.41,0.0,-0.0,0.0,0.62,92.7
2010-09-12 03:00:00,9,3,14.45,6.0,0.0,6.0,0.62,86.45
2010-09-12 04:00:00,9,4,14.56,23.0,0.0,23.0,0.55,86.45
2010-09-12 05:00:00,9,5,15.11,89.0,0.0,89.0,0.41,80.6
2010-09-12 06:00:00,9,6,15.85,245.0,9.33,239.0,0.34,77.85
2010-09-12 07:00:00,9,7,16.91,347.0,29.35,325.0,0.34,75.3
2010-09-12 08:00:00,9,8,17.66,455.0,79.2,391.0,0.48,72.8
2010-09-12 09:00:00,9,9,18.39,704.0,467.58,323.0,0.76,70.35
2010-09-12 10:00:00,9,10,19.08,538.0,210.59,376.0,0.76,65.75
2010-09-12 11:00:00,9,11,19.6,361.0,68.2,315.0,0.9,63.6
2010-09-12 12:00:00,9,12,20.08,206.0,11.17,200.0,0.83,61.5
2010-09-12 13:00:00,9,13,20.25,127.0,8.2,124.0,0.62,59.35
2010-09-12 14:00:00,9,14,20.14,38.0,0.0,38.0,0.34,59.35
2010-09-12 15:00:00,9,15,19.41,0.0,-0.0,0.0,0.48,63.5
2010-09-12 16:00:00,9,16,18.55,0.0,-0.0,0.0,0.41,65.65
2010-09-12 17:00:00,9,17,18.26,0.0,-0.0,0.0,0.62,67.95
2010-09-12 18:00:00,9,18,17.39,0.0,-0.0,0.0,0.97,70.3
2010-09-12 19:00:00,9,19,14.95,0.0,-0.0,0.0,1.1,80.6
2010-09-12 20:00:00,9,20,14.67,0.0,-0.0,0.0,1.17,83.45
2010-09-12 21:00:00,9,21,14.27,0.0,-0.0,0.0,1.17,86.4
2010-09-12 22:00:00,9,22,14.04,0.0,-0.0,0.0,1.17,83.4
2010-09-12 23:00:00,9,23,13.73,0.0,-0.0,0.0,1.17,86.35
2010-09-13 00:00:00,9,0,13.66,0.0,-0.0,0.0,1.1,86.35
2010-09-13 01:00:00,9,1,12.81,0.0,-0.0,0.0,1.1,89.4
2010-09-13 02:00:00,9,2,12.59,0.0,-0.0,0.0,1.03,89.4
2010-09-13 03:00:00,9,3,12.96,26.0,0.0,26.0,0.9,86.3
2010-09-13 04:00:00,9,4,15.23,223.0,301.24,128.0,0.28,77.8
2010-09-13 05:00:00,9,5,17.67,437.0,586.26,148.0,0.34,67.85
2010-09-13 06:00:00,9,6,19.38,618.0,722.01,156.0,0.83,61.3
2010-09-13 07:00:00,9,7,21.75,748.0,782.71,164.0,1.03,55.65
2010-09-13 08:00:00,9,8,23.17,814.0,798.07,172.0,1.38,52.25
2010-09-13 09:00:00,9,9,24.32,827.0,811.48,169.0,1.66,48.95
2010-09-13 10:00:00,9,10,25.19,768.0,783.06,169.0,1.86,47.5
2010-09-13 11:00:00,9,11,25.65,652.0,730.04,163.0,2.21,46.0
2010-09-13 12:00:00,9,12,25.66,486.0,625.95,153.0,2.48,47.65
2010-09-13 13:00:00,9,13,25.09,302.0,509.96,118.0,2.48,47.5
2010-09-13 14:00:00,9,14,24.08,87.0,113.11,68.0,1.86,50.7
2010-09-13 15:00:00,9,15,22.66,0.0,-0.0,0.0,1.38,55.9
2010-09-13 16:00:00,9,16,21.06,0.0,-0.0,0.0,0.83,68.5
2010-09-13 17:00:00,9,17,21.21,0.0,-0.0,0.0,0.62,61.7
2010-09-13 18:00:00,9,18,20.87,0.0,-0.0,0.0,0.21,61.6
2010-09-13 19:00:00,9,19,20.68,0.0,-0.0,0.0,0.28,61.6
2010-09-13 20:00:00,9,20,20.28,0.0,-0.0,0.0,0.55,63.7
2010-09-13 21:00:00,9,21,19.92,0.0,-0.0,0.0,0.76,65.85
2010-09-13 22:00:00,9,22,19.54,0.0,-0.0,0.0,0.83,65.85
2010-09-13 23:00:00,9,23,19.25,0.0,-0.0,0.0,0.76,68.1
2010-09-14 00:00:00,9,0,18.81,0.0,-0.0,0.0,0.69,70.45
2010-09-14 01:00:00,9,1,18.96,0.0,-0.0,0.0,0.76,70.55
2010-09-14 02:00:00,9,2,18.58,0.0,-0.0,0.0,0.9,72.95
2010-09-14 03:00:00,9,3,17.49,18.0,0.0,18.0,0.97,75.4
2010-09-14 04:00:00,9,4,18.84,179.0,144.03,134.0,0.48,75.55
2010-09-14 05:00:00,9,5,20.77,363.0,318.4,207.0,0.34,68.4
2010-09-14 06:00:00,9,6,22.03,598.0,684.77,162.0,0.97,68.7
2010-09-14 07:00:00,9,7,23.1,725.0,744.56,172.0,1.17,66.55
2010-09-14 08:00:00,9,8,24.0,798.0,780.52,173.0,1.45,66.65
2010-09-14 09:00:00,9,9,25.22,789.0,734.97,196.0,1.79,60.45
2010-09-14 10:00:00,9,10,26.24,688.0,569.3,255.0,2.62,56.7
2010-09-14 11:00:00,9,11,26.59,433.0,168.39,321.0,3.24,54.95
2010-09-14 12:00:00,9,12,25.81,256.0,49.34,230.0,3.86,60.6
2010-09-14 13:00:00,9,13,24.67,204.0,129.37,158.0,3.1,66.85
2010-09-14 14:00:00,9,14,23.99,47.0,6.15,46.0,2.76,71.35
2010-09-14 15:00:00,9,15,23.19,0.0,-0.0,0.0,1.45,73.7
2010-09-14 16:00:00,9,16,22.07,0.0,-0.0,0.0,1.66,78.7
2010-09-14 17:00:00,9,17,21.13,0.0,-0.0,0.0,2.34,86.95
2010-09-14 18:00:00,9,18,20.06,0.0,-0.0,0.0,3.38,86.85
2010-09-14 19:00:00,9,19,19.35,0.0,-0.0,0.0,2.69,92.9
2010-09-14 20:00:00,9,20,18.74,0.0,-0.0,0.0,2.55,86.75
2010-09-14 21:00:00,9,21,17.52,0.0,-0.0,0.0,2.28,83.7
2010-09-14 22:00:00,9,22,16.45,0.0,-0.0,0.0,1.59,80.8
2010-09-14 23:00:00,9,23,15.77,0.0,-0.0,0.0,1.1,83.55
2010-09-15 00:00:00,9,0,15.28,0.0,-0.0,0.0,1.03,86.5
2010-09-15 01:00:00,9,1,15.29,0.0,-0.0,0.0,1.17,86.5
2010-09-15 02:00:00,9,2,15.02,0.0,-0.0,0.0,1.03,86.5
2010-09-15 03:00:00,9,3,14.89,6.0,0.0,6.0,0.76,92.7
2010-09-15 04:00:00,9,4,15.77,24.0,0.0,24.0,0.62,77.85
2010-09-15 05:00:00,9,5,16.37,64.0,0.0,64.0,0.76,72.65
2010-09-15 06:00:00,9,6,17.35,183.0,0.0,183.0,0.97,67.85
2010-09-15 07:00:00,9,7,19.08,425.0,90.63,358.0,1.03,59.15
2010-09-15 08:00:00,9,8,20.06,548.0,191.97,395.0,1.45,55.3
2010-09-15 09:00:00,9,9,21.1,732.0,560.56,282.0,1.72,49.95
2010-09-15 10:00:00,9,10,21.6,404.0,62.15,357.0,1.86,46.6
2010-09-15 11:00:00,9,11,22.29,460.0,216.54,317.0,2.0,43.5
2010-09-15 12:00:00,9,12,22.2,451.0,519.2,180.0,2.07,43.5
2010-09-15 13:00:00,9,13,22.02,290.0,502.42,114.0,2.14,41.95
2010-09-15 14:00:00,9,14,21.3,43.0,6.36,42.0,1.79,44.85
2010-09-15 15:00:00,9,15,19.89,0.0,-0.0,0.0,1.52,49.55
2010-09-15 16:00:00,9,16,18.17,0.0,-0.0,0.0,1.24,61.05
2010-09-15 17:00:00,9,17,17.14,0.0,-0.0,0.0,1.17,60.95
2010-09-15 18:00:00,9,18,16.55,0.0,-0.0,0.0,1.17,60.85
2010-09-15 19:00:00,9,19,16.16,0.0,-0.0,0.0,1.1,60.75
2010-09-15 20:00:00,9,20,15.79,0.0,-0.0,0.0,1.1,62.85
2010-09-15 21:00:00,9,21,15.84,0.0,-0.0,0.0,1.03,62.85
2010-09-15 22:00:00,9,22,15.72,0.0,-0.0,0.0,0.9,62.85
2010-09-15 23:00:00,9,23,15.65,0.0,-0.0,0.0,0.76,62.85
2010-09-16 00:00:00,9,0,15.35,0.0,-0.0,0.0,0.76,65.05
2010-09-16 01:00:00,9,1,14.95,0.0,-0.0,0.0,0.83,65.05
2010-09-16 02:00:00,9,2,14.77,0.0,-0.0,0.0,0.83,67.35
2010-09-16 03:00:00,9,3,14.44,19.0,0.0,19.0,0.83,69.85
2010-09-16 04:00:00,9,4,15.21,219.0,316.47,122.0,0.41,72.45
2010-09-16 05:00:00,9,5,17.49,438.0,622.11,137.0,0.14,60.95
2010-09-16 06:00:00,9,6,18.79,585.0,629.91,188.0,0.55,54.95
2010-09-16 07:00:00,9,7,20.16,609.0,400.94,314.0,1.17,57.3
2010-09-16 08:00:00,9,8,21.41,789.0,751.38,193.0,1.59,53.6
2010-09-16 09:00:00,9,9,22.32,778.0,697.43,221.0,1.93,50.2
2010-09-16 10:00:00,9,10,22.91,745.0,750.28,181.0,2.14,48.55
2010-09-16 11:00:00,9,11,23.27,630.0,695.53,174.0,2.28,47.0
2010-09-16 12:00:00,9,12,23.12,468.0,601.67,157.0,2.48,47.0
2010-09-16 13:00:00,9,13,22.78,285.0,486.96,117.0,2.55,48.55
2010-09-16 14:00:00,9,14,21.9,77.0,112.1,60.0,2.07,51.9
2010-09-16 15:00:00,9,15,20.68,0.0,-0.0,0.0,1.38,55.45
2010-09-16 16:00:00,9,16,19.45,0.0,-0.0,0.0,0.9,65.75
2010-09-16 17:00:00,9,17,19.97,0.0,-0.0,0.0,0.48,59.25
2010-09-16 18:00:00,9,18,19.4,0.0,-0.0,0.0,0.76,61.3
2010-09-16 19:00:00,9,19,17.48,0.0,-0.0,0.0,1.17,67.85
2010-09-16 20:00:00,9,20,16.33,0.0,-0.0,0.0,1.24,72.65
2010-09-16 21:00:00,9,21,15.14,0.0,-0.0,0.0,1.31,77.8
2010-09-16 22:00:00,9,22,14.52,0.0,-0.0,0.0,1.24,80.55
2010-09-16 23:00:00,9,23,14.13,0.0,-0.0,0.0,1.1,83.4
2010-09-17 00:00:00,9,0,14.01,0.0,-0.0,0.0,1.03,83.4
2010-09-17 01:00:00,9,1,13.97,0.0,-0.0,0.0,0.97,83.4
2010-09-17 02:00:00,9,2,13.99,0.0,-0.0,0.0,0.83,80.45
2010-09-17 03:00:00,9,3,13.87,15.0,0.0,15.0,0.76,83.35
2010-09-17 04:00:00,9,4,15.54,217.0,319.6,120.0,0.28,75.15
2010-09-17 05:00:00,9,5,18.05,433.0,619.89,135.0,0.28,67.95
2010-09-17 06:00:00,9,6,19.4,606.0,725.72,151.0,0.76,65.75
2010-09-17 07:00:00,9,7,21.32,731.0,777.08,162.0,1.24,61.7
2010-09-17 08:00:00,9,8,22.45,792.0,780.37,176.0,1.52,59.8
2010-09-17 09:00:00,9,9,23.18,790.0,760.25,186.0,1.93,56.0
2010-09-17 10:00:00,9,10,23.59,710.0,659.78,217.0,2.14,56.15
2010-09-17 11:00:00,9,11,23.7,609.0,646.9,188.0,2.41,56.15
2010-09-17 12:00:00,9,12,23.16,458.0,590.09,156.0,2.69,58.0
2010-09-17 13:00:00,9,13,22.82,275.0,465.15,117.0,2.48,59.95
2010-09-17 14:00:00,9,14,22.18,70.0,88.93,57.0,1.86,61.95
2010-09-17 15:00:00,9,15,21.37,0.0,-0.0,0.0,1.1,66.15
2010-09-17 16:00:00,9,16,20.13,0.0,-0.0,0.0,0.69,75.75
2010-09-17 17:00:00,9,17,19.92,0.0,-0.0,0.0,0.55,73.15
2010-09-17 18:00:00,9,18,19.21,0.0,-0.0,0.0,0.83,75.65
2010-09-17 19:00:00,9,19,18.8,0.0,-0.0,0.0,0.97,78.25
2010-09-17 20:00:00,9,20,18.17,0.0,-0.0,0.0,1.03,80.9
2010-09-17 21:00:00,9,21,17.89,0.0,-0.0,0.0,0.97,83.7
2010-09-17 22:00:00,9,22,18.14,0.0,-0.0,0.0,0.9,80.9
2010-09-17 23:00:00,9,23,18.1,0.0,-0.0,0.0,0.76,78.15
2010-09-18 00:00:00,9,0,17.72,0.0,-0.0,0.0,0.69,80.85
2010-09-18 01:00:00,9,1,17.22,0.0,-0.0,0.0,0.62,80.85
2010-09-18 02:00:00,9,2,16.99,0.0,-0.0,0.0,0.41,80.85
2010-09-18 03:00:00,9,3,16.85,5.0,0.0,5.0,0.41,83.65
2010-09-18 04:00:00,9,4,17.32,21.0,0.0,21.0,0.21,83.7
2010-09-18 05:00:00,9,5,18.79,155.0,4.19,153.0,0.55,75.55
2010-09-18 06:00:00,9,6,19.91,473.0,312.69,278.0,1.03,70.65
2010-09-18 07:00:00,9,7,21.45,693.0,672.48,203.0,1.52,66.15
2010-09-18 08:00:00,9,8,22.64,750.0,668.38,225.0,1.86,59.95
2010-09-18 09:00:00,9,9,23.33,646.0,380.88,345.0,2.14,58.0
2010-09-18 10:00:00,9,10,23.41,481.0,153.5,367.0,2.28,58.0
2010-09-18 11:00:00,9,11,23.33,232.0,4.64,229.0,2.48,58.0
2010-09-18 12:00:00,9,12,22.79,105.0,0.0,105.0,2.21,59.95
2010-09-18 13:00:00,9,13,22.73,58.0,0.0,58.0,1.86,59.95
2010-09-18 14:00:00,9,14,22.22,90.0,263.01,53.0,1.17,61.95
2010-09-18 15:00:00,9,15,21.49,0.0,-0.0,0.0,1.03,66.15
2010-09-18 16:00:00,9,16,21.46,0.0,-0.0,0.0,0.48,66.15
2010-09-18 17:00:00,9,17,19.89,0.0,-0.0,0.0,1.17,78.35
2010-09-18 18:00:00,9,18,19.41,0.0,-0.0,0.0,1.17,78.3
2010-09-18 19:00:00,9,19,19.44,0.0,-0.0,0.0,1.03,78.3
2010-09-18 20:00:00,9,20,19.22,0.0,-0.0,0.0,1.03,78.3
2010-09-18 21:00:00,9,21,18.73,0.0,-0.0,0.0,1.1,81.0
2010-09-18 22:00:00,9,22,18.37,0.0,-0.0,0.0,1.17,83.75
2010-09-18 23:00:00,9,23,18.65,0.0,-0.0,0.0,1.03,78.25
2010-09-19 00:00:00,9,0,18.75,0.0,-0.0,0.0,0.97,78.25
2010-09-19 01:00:00,9,1,18.71,0.0,-0.0,0.0,0.9,78.25
2010-09-19 02:00:00,9,2,18.78,0.0,-0.0,0.0,0.69,78.25
2010-09-19 03:00:00,9,3,18.98,5.0,0.0,5.0,0.55,75.65
2010-09-19 04:00:00,9,4,19.18,21.0,0.0,21.0,0.28,78.3
2010-09-19 05:00:00,9,5,20.32,197.0,23.19,186.0,0.07,73.2
2010-09-19 06:00:00,9,6,21.18,261.0,19.35,249.0,0.34,66.15
2010-09-19 07:00:00,9,7,22.28,323.0,23.45,306.0,0.9,59.8
2010-09-19 08:00:00,9,8,22.92,686.0,499.01,296.0,1.52,57.9
2010-09-19 09:00:00,9,9,23.54,768.0,722.64,200.0,1.86,54.2
2010-09-19 10:00:00,9,10,23.45,713.0,704.53,193.0,1.79,56.0
2010-09-19 11:00:00,9,11,23.79,602.0,662.99,177.0,1.52,54.2
2010-09-19 12:00:00,9,12,23.74,430.0,514.47,172.0,1.52,52.35
2010-09-19 13:00:00,9,13,23.36,252.0,392.16,123.0,1.45,54.1
2010-09-19 14:00:00,9,14,22.92,49.0,29.59,45.0,1.1,55.9
2010-09-19 15:00:00,9,15,22.0,0.0,-0.0,0.0,0.48,61.95
2010-09-19 16:00:00,9,16,21.8,0.0,-0.0,0.0,0.48,59.7
2010-09-19 17:00:00,9,17,21.65,0.0,-0.0,0.0,0.62,59.7
2010-09-19 18:00:00,9,18,19.4,0.0,-0.0,0.0,1.31,70.55
2010-09-19 19:00:00,9,19,18.97,0.0,-0.0,0.0,1.45,68.1
2010-09-19 20:00:00,9,20,18.84,0.0,-0.0,0.0,1.31,70.45
2010-09-19 21:00:00,9,21,19.0,0.0,-0.0,0.0,1.1,68.1
2010-09-19 22:00:00,9,22,18.32,0.0,-0.0,0.0,1.03,72.9
2010-09-19 23:00:00,9,23,17.23,0.0,-0.0,0.0,1.03,75.4
2010-09-20 00:00:00,9,0,16.01,0.0,-0.0,0.0,1.1,77.95
2010-09-20 01:00:00,9,1,14.77,0.0,-0.0,0.0,1.1,83.45
2010-09-20 02:00:00,9,2,14.23,0.0,-0.0,0.0,1.1,86.4
2010-09-20 03:00:00,9,3,13.91,12.0,0.0,12.0,1.17,86.35
2010-09-20 04:00:00,9,4,15.8,197.0,254.8,122.0,0.83,80.65
2010-09-20 05:00:00,9,5,19.57,408.0,549.65,149.0,0.41,68.2
2010-09-20 06:00:00,9,6,21.78,591.0,708.43,154.0,0.07,57.65
2010-09-20 07:00:00,9,7,23.59,683.0,659.88,207.0,0.55,45.5
2010-09-20 08:00:00,9,8,24.62,777.0,774.2,175.0,0.97,42.65
2010-09-20 09:00:00,9,9,25.48,783.0,776.51,176.0,1.38,41.25
2010-09-20 10:00:00,9,10,26.0,718.0,734.89,179.0,1.79,39.95
2010-09-20 11:00:00,9,11,26.24,599.0,664.99,176.0,2.14,40.1
2010-09-20 12:00:00,9,12,26.08,433.0,546.05,162.0,2.21,40.1
2010-09-20 13:00:00,9,13,25.59,85.0,0.0,85.0,2.34,42.9
2010-09-20 14:00:00,9,14,24.52,59.0,77.12,49.0,1.72,47.4
2010-09-20 15:00:00,9,15,22.87,0.0,-0.0,0.0,1.38,55.9
2010-09-20 16:00:00,9,16,21.46,0.0,-0.0,0.0,1.1,66.15
2010-09-20 17:00:00,9,17,21.83,0.0,-0.0,0.0,0.9,59.7
2010-09-20 18:00:00,9,18,21.43,0.0,-0.0,0.0,0.9,59.6
2010-09-20 19:00:00,9,19,19.78,0.0,-0.0,0.0,1.17,68.2
2010-09-20 20:00:00,9,20,18.03,0.0,-0.0,0.0,1.45,75.45
2010-09-20 21:00:00,9,21,17.07,0.0,-0.0,0.0,1.45,75.4
2010-09-20 22:00:00,9,22,16.44,0.0,-0.0,0.0,1.31,78.0
2010-09-20 23:00:00,9,23,16.02,0.0,-0.0,0.0,1.17,80.75
2010-09-21 00:00:00,9,0,16.02,0.0,-0.0,0.0,0.97,80.75
2010-09-21 01:00:00,9,1,15.46,0.0,-0.0,0.0,0.9,80.65
2010-09-21 02:00:00,9,2,15.24,0.0,-0.0,0.0,0.83,83.5
2010-09-21 03:00:00,9,3,15.06,4.0,0.0,4.0,0.83,83.5
2010-09-21 04:00:00,9,4,16.95,73.0,0.0,73.0,0.41,78.1
2010-09-21 05:00:00,9,5,20.27,398.0,519.26,155.0,0.21,68.3
2010-09-21 06:00:00,9,6,22.0,581.0,692.85,156.0,0.76,64.1
2010-09-21 07:00:00,9,7,23.64,703.0,744.11,169.0,1.38,60.15
2010-09-21 08:00:00,9,8,24.75,766.0,758.84,179.0,1.79,58.35
2010-09-21 09:00:00,9,9,25.56,771.0,760.27,180.0,2.07,54.7
2010-09-21 10:00:00,9,10,26.2,706.0,714.9,185.0,2.14,54.8
2010-09-21 11:00:00,9,11,26.54,591.0,657.55,176.0,2.21,53.1
2010-09-21 12:00:00,9,12,26.55,426.0,537.6,162.0,2.21,51.3
2010-09-21 13:00:00,9,13,26.19,248.0,421.18,114.0,2.14,52.95
2010-09-21 14:00:00,9,14,25.25,55.0,72.5,46.0,1.66,58.45
2010-09-21 15:00:00,9,15,23.74,0.0,-0.0,0.0,1.31,64.4
2010-09-21 16:00:00,9,16,21.98,0.0,-0.0,0.0,1.17,76.0
2010-09-21 17:00:00,9,17,22.0,0.0,-0.0,0.0,0.97,71.05
2010-09-21 18:00:00,9,18,22.51,0.0,-0.0,0.0,0.76,66.45
2010-09-21 19:00:00,9,19,21.47,0.0,-0.0,0.0,0.9,73.35
2010-09-21 20:00:00,9,20,20.33,0.0,-0.0,0.0,1.1,78.45
2010-09-21 21:00:00,9,21,19.65,0.0,-0.0,0.0,1.17,78.35
2010-09-21 22:00:00,9,22,20.16,0.0,-0.0,0.0,0.97,75.75
2010-09-21 23:00:00,9,23,19.98,0.0,-0.0,0.0,0.9,75.75
2010-09-22 00:00:00,9,0,19.67,0.0,-0.0,0.0,0.76,78.35
2010-09-22 01:00:00,9,1,19.3,0.0,-0.0,0.0,0.76,81.05
2010-09-22 02:00:00,9,2,18.82,0.0,-0.0,0.0,0.76,81.0
2010-09-22 03:00:00,9,3,18.13,11.0,0.0,11.0,0.83,83.75
2010-09-22 04:00:00,9,4,18.65,186.0,225.6,121.0,0.41,81.0
2010-09-22 05:00:00,9,5,21.25,405.0,563.8,143.0,0.21,75.95
2010-09-22 06:00:00,9,6,22.99,575.0,682.06,159.0,0.76,68.75
2010-09-22 07:00:00,9,7,24.45,700.0,743.83,169.0,0.97,64.5
2010-09-22 08:00:00,9,8,25.58,762.0,757.65,179.0,1.31,58.55
2010-09-22 09:00:00,9,9,26.64,767.0,760.71,179.0,1.79,56.85
2010-09-22 10:00:00,9,10,27.36,702.0,714.02,185.0,2.14,55.05
2010-09-22 11:00:00,9,11,27.7,586.0,658.01,174.0,2.48,53.35
2010-09-22 12:00:00,9,12,27.6,421.0,535.16,161.0,2.55,53.35
2010-09-22 13:00:00,9,13,27.1,244.0,418.89,113.0,2.41,55.05
2010-09-22 14:00:00,9,14,26.05,52.0,67.44,44.0,1.93,58.7
2010-09-22 15:00:00,9,15,24.43,0.0,-0.0,0.0,1.38,66.75
2010-09-22 16:00:00,9,16,23.0,0.0,-0.0,0.0,0.9,78.75
2010-09-22 17:00:00,9,17,23.03,0.0,-0.0,0.0,0.83,71.25
2010-09-22 18:00:00,9,18,22.36,0.0,-0.0,0.0,0.9,76.1
2010-09-22 19:00:00,9,19,22.26,0.0,-0.0,0.0,0.97,73.55
2010-09-22 20:00:00,9,20,22.18,0.0,-0.0,0.0,0.76,73.55
2010-09-22 21:00:00,9,21,21.85,0.0,-0.0,0.0,0.69,76.0
2010-09-22 22:00:00,9,22,21.58,0.0,-0.0,0.0,0.55,76.0
2010-09-22 23:00:00,9,23,21.29,0.0,-0.0,0.0,0.55,78.55
2010-09-23 00:00:00,9,0,21.02,0.0,-0.0,0.0,0.41,75.95
2010-09-23 01:00:00,9,1,20.61,0.0,-0.0,0.0,0.34,78.5
2010-09-23 02:00:00,9,2,20.27,0.0,-0.0,0.0,0.41,81.15
2010-09-23 03:00:00,9,3,20.02,4.0,0.0,4.0,0.34,81.15
2010-09-23 04:00:00,9,4,20.31,20.0,0.0,20.0,0.55,83.95
2010-09-23 05:00:00,9,5,21.61,70.0,0.0,70.0,1.1,81.35
2010-09-23 06:00:00,9,6,23.12,246.0,14.84,237.0,1.24,73.7
2010-09-23 07:00:00,9,7,23.82,566.0,366.16,306.0,1.17,73.75
2010-09-23 08:00:00,9,8,24.9,702.0,593.17,248.0,1.17,66.85
2010-09-23 09:00:00,9,9,25.78,553.0,239.42,369.0,1.31,62.65
2010-09-23 10:00:00,9,10,26.54,525.0,258.58,339.0,1.59,58.8
2010-09-23 11:00:00,9,11,26.54,429.0,217.35,294.0,2.48,58.8
2010-09-23 12:00:00,9,12,26.09,51.0,0.0,51.0,2.69,62.8
2010-09-23 13:00:00,9,13,25.23,65.0,0.0,65.0,1.79,66.95
2010-09-23 14:00:00,9,14,24.32,55.0,106.11,43.0,0.9,71.4
2010-09-23 15:00:00,9,15,23.19,0.0,-0.0,0.0,1.59,76.2
2010-09-23 16:00:00,9,16,22.17,0.0,-0.0,0.0,1.24,84.15
2010-09-23 17:00:00,9,17,21.12,0.0,-0.0,0.0,1.24,86.95
2010-09-23 18:00:00,9,18,19.72,0.0,-0.0,0.0,1.03,96.1
2010-09-23 19:00:00,9,19,18.99,0.0,-0.0,0.0,1.03,96.1
2010-09-23 20:00:00,9,20,18.24,0.0,-0.0,0.0,1.31,99.4
2010-09-23 21:00:00,9,21,18.22,0.0,-0.0,0.0,1.17,96.05
2010-09-23 22:00:00,9,22,17.99,0.0,-0.0,0.0,1.03,96.05
2010-09-23 23:00:00,9,23,17.47,0.0,-0.0,0.0,0.83,96.05
2010-09-24 00:00:00,9,0,17.82,0.0,-0.0,0.0,0.48,96.05
2010-09-24 01:00:00,9,1,18.34,0.0,-0.0,0.0,0.55,92.85
2010-09-24 02:00:00,9,2,17.72,0.0,-0.0,0.0,0.83,92.85
2010-09-24 03:00:00,9,3,16.51,4.0,0.0,4.0,1.17,89.65
2010-09-24 04:00:00,9,4,18.28,24.0,0.0,24.0,0.62,96.05
2010-09-24 05:00:00,9,5,20.76,107.0,0.0,107.0,0.28,81.2
2010-09-24 06:00:00,9,6,22.13,363.0,126.07,287.0,0.62,73.55
2010-09-24 07:00:00,9,7,22.84,555.0,344.08,312.0,0.83,71.15
2010-09-24 08:00:00,9,8,23.46,732.0,694.93,203.0,1.45,66.55
2010-09-24 09:00:00,9,9,24.1,727.0,668.79,216.0,2.07,62.35
2010-09-24 10:00:00,9,10,24.36,660.0,612.97,222.0,2.48,62.35
2010-09-24 11:00:00,9,11,24.51,363.0,112.0,294.0,2.76,60.25
2010-09-24 12:00:00,9,12,24.46,182.0,12.62,176.0,2.83,60.25
2010-09-24 13:00:00,9,13,23.92,251.0,510.17,97.0,2.76,62.25
2010-09-24 14:00:00,9,14,23.18,45.0,65.07,38.0,2.41,66.55
2010-09-24 15:00:00,9,15,22.13,0.0,-0.0,0.0,1.86,71.05
2010-09-24 16:00:00,9,16,21.14,0.0,-0.0,0.0,1.45,75.95
2010-09-24 17:00:00,9,17,20.26,0.0,-0.0,0.0,1.24,81.15
2010-09-24 18:00:00,9,18,19.26,0.0,-0.0,0.0,1.24,86.8
2010-09-24 19:00:00,9,19,18.29,0.0,-0.0,0.0,1.45,92.85
2010-09-24 20:00:00,9,20,17.7,0.0,-0.0,0.0,1.31,96.05
2010-09-24 21:00:00,9,21,17.57,0.0,-0.0,0.0,1.1,96.05
2010-09-24 22:00:00,9,22,17.49,0.0,-0.0,0.0,0.97,96.05
2010-09-24 23:00:00,9,23,17.42,0.0,-0.0,0.0,0.83,96.05
2010-09-25 00:00:00,9,0,17.41,0.0,-0.0,0.0,0.69,96.05
2010-09-25 01:00:00,9,1,16.87,0.0,-0.0,0.0,0.69,96.05
2010-09-25 02:00:00,9,2,16.82,0.0,-0.0,0.0,0.62,96.05
2010-09-25 03:00:00,9,3,16.65,4.0,0.0,4.0,0.62,96.05
2010-09-25 04:00:00,9,4,16.73,19.0,0.0,19.0,0.76,96.05
2010-09-25 05:00:00,9,5,17.23,73.0,0.0,73.0,0.9,92.85
2010-09-25 06:00:00,9,6,18.5,186.0,1.67,185.0,1.31,86.75
2010-09-25 07:00:00,9,7,20.48,384.0,74.04,332.0,1.52,78.5
2010-09-25 08:00:00,9,8,21.64,498.0,163.8,374.0,1.66,73.45
2010-09-25 09:00:00,9,9,22.29,489.0,148.77,376.0,2.07,71.05
2010-09-25 10:00:00,9,10,22.83,482.0,191.62,346.0,2.41,68.75
2010-09-25 11:00:00,9,11,22.7,263.0,21.28,250.0,2.97,68.75
2010-09-25 12:00:00,9,12,21.77,180.0,12.77,174.0,3.24,76.0
2010-09-25 13:00:00,9,13,20.86,45.0,0.0,45.0,2.9,81.2
2010-09-25 14:00:00,9,14,19.97,37.0,0.0,37.0,2.28,86.85
2010-09-25 15:00:00,9,15,19.28,0.0,-0.0,0.0,1.79,89.8
2010-09-25 16:00:00,9,16,18.88,0.0,-0.0,0.0,1.31,92.85
2010-09-25 17:00:00,9,17,18.68,0.0,-0.0,0.0,0.97,92.85
2010-09-25 18:00:00,9,18,18.59,0.0,-0.0,0.0,0.69,92.85
2010-09-25 19:00:00,9,19,18.61,0.0,-0.0,0.0,0.62,96.1
2010-09-25 20:00:00,9,20,18.48,0.0,-0.0,0.0,0.34,96.1
2010-09-25 21:00:00,9,21,18.27,0.0,-0.0,0.0,0.62,99.4
2010-09-25 22:00:00,9,22,18.07,0.0,-0.0,0.0,0.76,99.4
2010-09-25 23:00:00,9,23,17.88,0.0,-0.0,0.0,0.97,100.0
2010-09-26 00:00:00,9,0,17.69,0.0,-0.0,0.0,0.97,99.4
2010-09-26 01:00:00,9,1,17.83,0.0,-0.0,0.0,0.83,99.4
2010-09-26 02:00:00,9,2,17.75,0.0,-0.0,0.0,0.76,99.4
2010-09-26 03:00:00,9,3,17.75,3.0,0.0,3.0,0.69,99.4
2010-09-26 04:00:00,9,4,17.93,19.0,0.0,19.0,0.97,99.4
2010-09-26 05:00:00,9,5,18.22,252.0,104.15,205.0,0.97,96.05
2010-09-26 06:00:00,9,6,18.7,330.0,87.31,278.0,0.83,92.85
2010-09-26 07:00:00,9,7,19.96,507.0,254.85,329.0,1.86,89.85
2010-09-26 08:00:00,9,8,20.61,566.0,284.27,352.0,1.72,84.05
2010-09-26 09:00:00,9,9,21.35,346.0,27.81,325.0,1.45,81.3
2010-09-26 10:00:00,9,10,22.17,426.0,117.75,343.0,1.86,76.1
2010-09-26 11:00:00,9,11,22.79,260.0,21.46,247.0,2.41,73.6
2010-09-26 12:00:00,9,12,22.33,181.0,15.06,174.0,3.03,76.1
2010-09-26 13:00:00,9,13,21.2,151.0,92.79,124.0,2.76,84.05
2010-09-26 14:00:00,9,14,20.25,31.0,0.0,31.0,2.0,89.85
2010-09-26 15:00:00,9,15,19.45,0.0,-0.0,0.0,1.31,96.1
2010-09-26 16:00:00,9,16,18.94,0.0,-0.0,0.0,1.1,99.4
2010-09-26 17:00:00,9,17,18.55,0.0,-0.0,0.0,1.1,99.4
2010-09-26 18:00:00,9,18,18.29,0.0,-0.0,0.0,0.76,99.4
2010-09-26 19:00:00,9,19,18.01,0.0,-0.0,0.0,0.9,99.4
2010-09-26 20:00:00,9,20,17.8,0.0,-0.0,0.0,0.9,100.0
2010-09-26 21:00:00,9,21,17.7,0.0,-0.0,0.0,0.76,99.4
2010-09-26 22:00:00,9,22,17.74,0.0,-0.0,0.0,0.62,99.4
2010-09-26 23:00:00,9,23,17.66,0.0,-0.0,0.0,0.62,99.4
2010-09-27 00:00:00,9,0,17.49,0.0,-0.0,0.0,0.62,99.4
2010-09-27 01:00:00,9,1,17.63,0.0,-0.0,0.0,0.69,99.4
2010-09-27 02:00:00,9,2,17.56,0.0,-0.0,0.0,0.83,99.4
2010-09-27 03:00:00,9,3,17.42,3.0,0.0,3.0,0.76,99.4
2010-09-27 04:00:00,9,4,17.63,19.0,0.0,19.0,0.76,99.4
2010-09-27 05:00:00,9,5,18.33,155.0,6.7,152.0,0.9,96.05
2010-09-27 06:00:00,9,6,18.87,231.0,11.83,224.0,0.9,92.85
2010-09-27 07:00:00,9,7,19.45,495.0,236.15,331.0,1.03,89.8
2010-09-27 08:00:00,9,8,20.75,644.0,467.57,294.0,1.31,81.2
2010-09-27 09:00:00,9,9,21.53,700.0,626.29,230.0,1.86,76.0
2010-09-27 10:00:00,9,10,21.89,544.0,328.55,314.0,1.93,76.0
2010-09-27 11:00:00,9,11,22.25,447.0,291.3,272.0,2.21,73.55
2010-09-27 12:00:00,9,12,22.56,135.0,0.0,135.0,2.28,71.15
2010-09-27 13:00:00,9,13,22.21,77.0,0.0,77.0,2.34,73.55
2010-09-27 14:00:00,9,14,21.55,30.0,0.0,30.0,1.86,76.0
2010-09-27 15:00:00,9,15,20.74,0.0,-0.0,0.0,1.31,81.2
2010-09-27 16:00:00,9,16,19.68,0.0,-0.0,0.0,0.97,89.85
2010-09-27 17:00:00,9,17,19.47,0.0,-0.0,0.0,0.62,92.9
2010-09-27 18:00:00,9,18,19.69,0.0,-0.0,0.0,0.28,86.85
2010-09-27 19:00:00,9,19,18.62,0.0,-0.0,0.0,0.48,96.1
2010-09-27 20:00:00,9,20,18.37,0.0,-0.0,0.0,0.62,99.4
2010-09-27 21:00:00,9,21,18.15,0.0,-0.0,0.0,0.55,99.4
2010-09-27 22:00:00,9,22,17.96,0.0,-0.0,0.0,0.55,96.05
2010-09-27 23:00:00,9,23,17.7,0.0,-0.0,0.0,0.55,99.4
2010-09-28 00:00:00,9,0,17.8,0.0,-0.0,0.0,0.48,99.4
2010-09-28 01:00:00,9,1,17.8,0.0,-0.0,0.0,0.34,99.4
2010-09-28 02:00:00,9,2,17.8,0.0,-0.0,0.0,0.41,99.4
2010-09-28 03:00:00,9,3,17.84,3.0,0.0,3.0,0.28,99.4
2010-09-28 04:00:00,9,4,17.96,18.0,0.0,18.0,0.41,96.05
2010-09-28 05:00:00,9,5,18.49,95.0,0.0,95.0,0.34,92.85
2010-09-28 06:00:00,9,6,19.88,383.0,175.11,280.0,0.76,83.9
2010-09-28 07:00:00,9,7,21.7,648.0,653.17,197.0,1.03,76.0
2010-09-28 08:00:00,9,8,22.7,665.0,537.46,265.0,1.24,71.15
2010-09-28 09:00:00,9,9,23.44,724.0,718.66,188.0,1.52,66.55
2010-09-28 10:00:00,9,10,23.71,659.0,670.37,193.0,1.86,66.65
2010-09-28 11:00:00,9,11,24.04,541.0,601.06,183.0,2.28,64.5
2010-09-28 12:00:00,9,12,23.67,370.0,440.49,170.0,2.41,66.65
2010-09-28 13:00:00,9,13,22.94,226.0,474.88,93.0,2.0,71.15
2010-09-28 14:00:00,9,14,22.19,28.0,0.0,28.0,1.38,73.55
2010-09-28 15:00:00,9,15,21.32,0.0,-0.0,0.0,1.24,78.55
2010-09-28 16:00:00,9,16,20.31,0.0,-0.0,0.0,0.9,89.85
2010-09-28 17:00:00,9,17,20.51,0.0,-0.0,0.0,0.62,81.2
2010-09-28 18:00:00,9,18,20.3,0.0,-0.0,0.0,0.41,83.95
2010-09-28 19:00:00,9,19,20.36,0.0,-0.0,0.0,0.76,83.95
2010-09-28 20:00:00,9,20,19.95,0.0,-0.0,0.0,0.83,83.9
2010-09-28 21:00:00,9,21,18.77,0.0,-0.0,0.0,1.1,86.75
2010-09-28 22:00:00,9,22,19.19,0.0,-0.0,0.0,0.9,86.8
2010-09-28 23:00:00,9,23,19.18,0.0,-0.0,0.0,0.76,86.8
2010-09-29 00:00:00,9,0,18.66,0.0,-0.0,0.0,0.55,86.75
2010-09-29 01:00:00,9,1,17.92,0.0,-0.0,0.0,0.48,92.85
2010-09-29 02:00:00,9,2,17.53,0.0,-0.0,0.0,0.62,89.7
2010-09-29 03:00:00,9,3,17.07,3.0,0.0,3.0,0.83,86.65
2010-09-29 04:00:00,9,4,17.98,18.0,0.0,18.0,0.55,86.7
2010-09-29 05:00:00,9,5,20.27,174.0,18.15,166.0,0.14,81.15
2010-09-29 06:00:00,9,6,21.71,534.0,619.39,172.0,0.14,73.45
2010-09-29 07:00:00,9,7,23.48,660.0,708.0,174.0,0.62,68.85
2010-09-29 08:00:00,9,8,24.7,723.0,731.17,182.0,1.17,62.45
2010-09-29 09:00:00,9,9,25.56,721.0,719.11,188.0,1.79,58.55
2010-09-29 10:00:00,9,10,26.07,651.0,657.76,197.0,2.21,56.7
2010-09-29 11:00:00,9,11,26.13,534.0,589.37,186.0,2.55,56.7
2010-09-29 12:00:00,9,12,25.89,340.0,338.75,188.0,2.48,58.55
2010-09-29 13:00:00,9,13,25.17,209.0,396.89,100.0,2.41,60.45
2010-09-29 14:00:00,9,14,24.04,11.0,0.0,11.0,1.31,66.75
2010-09-29 15:00:00,9,15,22.49,0.0,-0.0,0.0,0.97,78.7
2010-09-29 16:00:00,9,16,22.59,0.0,-0.0,0.0,0.34,71.15
2010-09-29 17:00:00,9,17,22.16,0.0,-0.0,0.0,0.62,73.55
2010-09-29 18:00:00,9,18,21.72,0.0,-0.0,0.0,0.83,76.0
2010-09-29 19:00:00,9,19,21.39,0.0,-0.0,0.0,0.97,78.55
2010-09-29 20:00:00,9,20,21.17,0.0,-0.0,0.0,0.97,78.55
2010-09-29 21:00:00,9,21,21.01,0.0,-0.0,0.0,0.76,75.95
2010-09-29 22:00:00,9,22,20.67,0.0,-0.0,0.0,0.62,78.5
2010-09-29 23:00:00,9,23,20.33,0.0,-0.0,0.0,0.41,81.15
2010-09-30 00:00:00,9,0,19.92,0.0,-0.0,0.0,0.21,81.1
2010-09-30 01:00:00,9,1,19.44,0.0,-0.0,0.0,0.21,83.85
2010-09-30 02:00:00,9,2,19.03,0.0,-0.0,0.0,0.34,81.05
2010-09-30 03:00:00,9,3,18.68,4.0,0.0,4.0,0.55,83.8
2010-09-30 04:00:00,9,4,18.97,128.0,76.29,108.0,0.55,81.05
2010-09-30 05:00:00,9,5,21.17,334.0,361.28,176.0,0.28,78.55
2010-09-30 06:00:00,9,6,22.87,509.0,537.32,197.0,0.34,73.6
2010-09-30 07:00:00,9,7,24.62,634.0,627.23,206.0,0.62,64.6
2010-09-30 08:00:00,9,8,25.87,698.0,662.11,211.0,0.69,60.6
2010-09-30 09:00:00,9,9,26.89,704.0,676.15,206.0,0.9,56.85
2010-09-30 10:00:00,9,10,27.57,642.0,643.53,201.0,1.31,53.35
2010-09-30 11:00:00,9,11,27.77,531.0,597.99,181.0,1.79,53.35
2010-09-30 12:00:00,9,12,27.45,360.0,437.55,166.0,2.21,55.05
2010-09-30 13:00:00,9,13,26.67,197.0,349.18,103.0,1.79,58.8
2010-09-30 14:00:00,9,14,25.4,24.0,0.0,24.0,1.31,64.7
2010-09-30 15:00:00,9,15,23.45,0.0,-0.0,0.0,1.1,76.2
2010-09-30 16:00:00,9,16,20.14,0.0,-0.0,0.0,1.22,86.07
2010-09-30 17:00:00,9,17,19.61,0.0,-0.0,0.0,1.21,86.76
2010-09-30 18:00:00,9,18,19.08,0.0,-0.0,0.0,1.19,87.44
2010-09-30 19:00:00,9,19,18.55,0.0,-0.0,0.0,1.17,88.13
2010-09-30 20:00:00,9,20,18.02,0.0,-0.0,0.0,1.16,88.82
2010-09-30 21:00:00,9,21,17.49,0.0,-0.0,0.0,1.14,89.51
2010-09-30 22:00:00,9,22,16.96,0.0,-0.0,0.0,1.12,90.2
2010-09-30 23:00:00,9,23,16.43,0.0,-0.0,0.0,1.11,90.89
2013-10-01 00:00:00,10,0,15.9,0.0,-0.0,0.0,1.09,91.58
2013-10-01 01:00:00,10,1,15.37,0.0,-0.0,0.0,1.07,92.27
2013-10-01 02:00:00,10,2,14.84,0.0,-0.0,0.0,1.06,92.96
2013-10-01 03:00:00,10,3,14.31,3.0,0.0,3.0,1.04,93.65
2013-10-01 04:00:00,10,4,13.79,18.0,0.0,18.0,1.02,94.34
2013-10-01 05:00:00,10,5,13.26,138.0,2.31,137.0,1.01,95.02
2013-10-01 06:00:00,10,6,12.73,397.0,209.77,276.0,0.99,95.71
2013-10-01 07:00:00,10,7,12.2,459.0,184.3,334.0,0.98,96.4
2013-10-01 08:00:00,10,8,17.91,528.0,232.52,358.0,1.79,75.45
2013-10-01 09:00:00,10,9,18.74,421.0,86.09,358.0,2.07,70.55
2013-10-01 10:00:00,10,10,19.29,406.0,105.83,334.0,2.34,70.65
2013-10-01 11:00:00,10,11,19.24,316.0,74.12,273.0,2.69,70.65
2013-10-01 12:00:00,10,12,18.76,135.0,2.28,134.0,2.62,73.05
2013-10-01 13:00:00,10,13,17.64,137.0,90.99,113.0,2.55,80.85
2013-10-01 14:00:00,10,14,16.57,15.0,0.0,15.0,2.28,86.55
2013-10-01 15:00:00,10,15,15.76,0.0,-0.0,0.0,1.72,86.5
2013-10-01 16:00:00,10,16,15.4,0.0,-0.0,0.0,1.31,89.55
2013-10-01 17:00:00,10,17,15.32,0.0,-0.0,0.0,1.03,89.55
2013-10-01 18:00:00,10,18,15.14,0.0,-0.0,0.0,0.69,92.7
2013-10-01 19:00:00,10,19,14.87,0.0,-0.0,0.0,0.41,92.7
2013-10-01 20:00:00,10,20,14.78,0.0,-0.0,0.0,0.21,92.7
2013-10-01 21:00:00,10,21,13.8,0.0,-0.0,0.0,0.41,99.4
2013-10-01 22:00:00,10,22,13.53,0.0,-0.0,0.0,0.62,99.4
2013-10-01 23:00:00,10,23,13.36,0.0,-0.0,0.0,0.69,95.95
2013-10-02 00:00:00,10,0,12.9,0.0,-0.0,0.0,0.76,95.95
2013-10-02 01:00:00,10,1,12.59,0.0,-0.0,0.0,0.76,99.4
2013-10-02 02:00:00,10,2,12.39,0.0,-0.0,0.0,0.76,95.95
2013-10-02 03:00:00,10,3,12.31,3.0,0.0,3.0,0.83,92.6
2013-10-02 04:00:00,10,4,13.5,18.0,0.0,18.0,0.48,92.65
2013-10-02 05:00:00,10,5,16.07,331.0,344.06,183.0,0.34,83.55
2013-10-02 06:00:00,10,6,18.34,550.0,685.89,157.0,0.48,72.95
2013-10-02 07:00:00,10,7,21.05,676.0,761.0,163.0,0.48,63.9
2013-10-02 08:00:00,10,8,22.96,747.0,807.78,160.0,0.69,57.9
2013-10-02 09:00:00,10,9,24.55,744.0,797.68,164.0,1.03,52.5
2013-10-02 10:00:00,10,10,25.56,689.0,795.15,152.0,1.38,49.2
2013-10-02 11:00:00,10,11,25.9,572.0,754.87,138.0,1.66,47.65
2013-10-02 12:00:00,10,12,25.54,404.0,654.02,121.0,1.66,50.95
2013-10-02 13:00:00,10,13,24.51,218.0,526.37,82.0,1.59,56.25
2013-10-02 14:00:00,10,14,22.68,18.0,0.0,18.0,1.24,66.35
2013-10-02 15:00:00,10,15,20.67,0.0,-0.0,0.0,0.62,78.5
2013-10-02 16:00:00,10,16,20.34,0.0,-0.0,0.0,0.48,73.3
2013-10-02 17:00:00,10,17,17.92,0.0,-0.0,0.0,1.24,80.9
2013-10-02 18:00:00,10,18,15.86,0.0,-0.0,0.0,1.59,86.5
2013-10-02 19:00:00,10,19,14.59,0.0,-0.0,0.0,1.52,89.5
2013-10-02 20:00:00,10,20,13.58,0.0,-0.0,0.0,1.59,89.4
2013-10-02 21:00:00,10,21,13.09,0.0,-0.0,0.0,1.72,86.25
2013-10-02 22:00:00,10,22,12.74,0.0,-0.0,0.0,1.86,80.3
2013-10-02 23:00:00,10,23,12.41,0.0,-0.0,0.0,1.86,74.6
2013-10-03 00:00:00,10,0,12.11,0.0,-0.0,0.0,1.93,71.85
2013-10-03 01:00:00,10,1,12.19,0.0,-0.0,0.0,1.86,69.35
2013-10-03 02:00:00,10,2,11.9,0.0,-0.0,0.0,1.93,69.25
2013-10-03 03:00:00,10,3,11.62,3.0,0.0,3.0,1.93,71.85
2013-10-03 04:00:00,10,4,13.21,87.0,11.91,84.0,1.72,72.1
2013-10-03 05:00:00,10,5,19.12,270.0,164.11,200.0,1.31,55.05
2013-10-03 06:00:00,10,6,23.93,481.0,449.84,225.0,0.9,42.35
2013-10-03 07:00:00,10,7,26.69,619.0,586.62,226.0,0.21,33.55
2013-10-03 08:00:00,10,8,28.19,700.0,678.47,210.0,0.97,30.5
2013-10-03 09:00:00,10,9,28.97,713.0,719.86,193.0,1.31,29.7
2013-10-03 10:00:00,10,10,29.4,667.0,753.34,162.0,1.66,29.8
2013-10-03 11:00:00,10,11,29.3,559.0,731.91,142.0,1.93,32.0
2013-10-03 12:00:00,10,12,28.55,399.0,657.49,118.0,2.0,36.6
2013-10-03 13:00:00,10,13,27.21,202.0,462.49,85.0,1.79,41.65
2013-10-03 14:00:00,10,14,25.13,13.0,0.0,13.0,1.66,50.8
2013-10-03 15:00:00,10,15,22.74,0.0,-0.0,0.0,1.52,59.95
2013-10-03 16:00:00,10,16,22.39,0.0,-0.0,0.0,0.83,61.95
2013-10-03 17:00:00,10,17,21.08,0.0,-0.0,0.0,1.17,66.15
2013-10-03 18:00:00,10,18,18.09,0.0,-0.0,0.0,1.52,78.15
2013-10-03 19:00:00,10,19,18.6,0.0,-0.0,0.0,1.24,75.55
2013-10-03 20:00:00,10,20,17.61,0.0,-0.0,0.0,1.24,80.85
2013-10-03 21:00:00,10,21,16.84,0.0,-0.0,0.0,1.17,80.8
2013-10-03 22:00:00,10,22,16.99,0.0,-0.0,0.0,0.9,78.0
2013-10-03 23:00:00,10,23,16.87,0.0,-0.0,0.0,0.69,78.0
2013-10-04 00:00:00,10,0,17.09,0.0,-0.0,0.0,0.28,75.3
2013-10-04 01:00:00,10,1,16.95,0.0,-0.0,0.0,0.14,72.7
2013-10-04 02:00:00,10,2,16.93,0.0,-0.0,0.0,0.76,75.3
2013-10-04 03:00:00,10,3,16.25,2.0,0.0,2.0,0.9,80.75
2013-10-04 04:00:00,10,4,15.55,20.0,0.0,20.0,0.97,92.75
2013-10-04 05:00:00,10,5,17.7,71.0,0.0,71.0,1.59,86.7
2013-10-04 06:00:00,10,6,19.07,128.0,0.0,128.0,2.14,83.85
2013-10-04 07:00:00,10,7,19.77,191.0,0.0,191.0,2.55,75.75
2013-10-04 08:00:00,10,8,20.96,186.0,0.0,186.0,3.17,70.9
2013-10-04 09:00:00,10,9,21.43,163.0,0.0,163.0,4.14,68.6
2013-10-04 10:00:00,10,10,20.79,135.0,0.0,135.0,4.55,73.35
2013-10-04 11:00:00,10,11,19.45,114.0,0.0,114.0,4.07,81.1
2013-10-04 12:00:00,10,12,18.03,72.0,0.0,72.0,2.9,86.7
2013-10-04 13:00:00,10,13,17.07,58.0,0.0,58.0,2.34,86.6
2013-10-04 14:00:00,10,14,16.1,5.0,0.0,5.0,2.21,86.5
2013-10-04 15:00:00,10,15,15.22,0.0,-0.0,0.0,1.93,89.55
2013-10-04 16:00:00,10,16,14.61,0.0,-0.0,0.0,1.72,92.7
2013-10-04 17:00:00,10,17,14.18,0.0,-0.0,0.0,1.59,92.7
2013-10-04 18:00:00,10,18,13.91,0.0,-0.0,0.0,1.66,95.95
2013-10-04 19:00:00,10,19,13.42,0.0,-0.0,0.0,1.59,92.65
2013-10-04 20:00:00,10,20,13.25,0.0,-0.0,0.0,1.93,92.65
2013-10-04 21:00:00,10,21,12.95,0.0,-0.0,0.0,1.86,95.95
2013-10-04 22:00:00,10,22,12.62,0.0,-0.0,0.0,2.07,95.95
2013-10-04 23:00:00,10,23,12.17,0.0,-0.0,0.0,1.86,95.95
2013-10-05 00:00:00,10,0,11.75,0.0,-0.0,0.0,2.07,95.9
2013-10-05 01:00:00,10,1,11.6,0.0,-0.0,0.0,2.0,95.9
2013-10-05 02:00:00,10,2,11.3,0.0,-0.0,0.0,1.79,95.9
2013-10-05 03:00:00,10,3,11.18,2.0,0.0,2.0,1.79,95.9
2013-10-05 04:00:00,10,4,11.13,17.0,0.0,17.0,2.0,92.55
2013-10-05 05:00:00,10,5,11.28,50.0,0.0,50.0,2.28,92.55
2013-10-05 06:00:00,10,6,11.42,113.0,0.0,113.0,2.28,92.55
2013-10-05 07:00:00,10,7,10.99,195.0,0.0,195.0,2.21,92.55
2013-10-05 08:00:00,10,8,11.13,323.0,22.43,307.0,2.07,86.15
2013-10-05 09:00:00,10,9,10.81,339.0,30.86,317.0,2.0,89.3
2013-10-05 10:00:00,10,10,11.1,373.0,80.26,320.0,2.21,86.1
2013-10-05 11:00:00,10,11,10.91,195.0,3.58,193.0,2.0,83.05
2013-10-05 12:00:00,10,12,10.86,48.0,0.0,48.0,1.79,83.05
2013-10-05 13:00:00,10,13,10.67,38.0,0.0,38.0,1.45,86.1
2013-10-05 14:00:00,10,14,10.36,4.0,0.0,4.0,1.17,89.25
2013-10-05 15:00:00,10,15,10.13,0.0,-0.0,0.0,0.76,89.25
2013-10-05 16:00:00,10,16,10.12,0.0,-0.0,0.0,0.55,89.25
2013-10-05 17:00:00,10,17,10.12,0.0,-0.0,0.0,0.48,89.25
2013-10-05 18:00:00,10,18,10.1,0.0,-0.0,0.0,0.62,89.25
2013-10-05 19:00:00,10,19,10.3,0.0,-0.0,0.0,1.03,92.5
2013-10-05 20:00:00,10,20,10.24,0.0,-0.0,0.0,1.17,92.5
2013-10-05 21:00:00,10,21,10.12,0.0,-0.0,0.0,1.24,89.25
2013-10-05 22:00:00,10,22,10.05,0.0,-0.0,0.0,1.31,92.5
2013-10-05 23:00:00,10,23,9.89,0.0,-0.0,0.0,1.45,92.5
2013-10-06 00:00:00,10,0,9.79,0.0,-0.0,0.0,1.45,92.5
2013-10-06 01:00:00,10,1,9.82,0.0,-0.0,0.0,1.52,92.5
2013-10-06 02:00:00,10,2,9.78,0.0,-0.0,0.0,1.45,92.5
2013-10-06 03:00:00,10,3,9.69,2.0,0.0,2.0,1.59,92.5
2013-10-06 04:00:00,10,4,9.64,17.0,0.0,17.0,1.79,92.5
2013-10-06 05:00:00,10,5,9.69,42.0,0.0,42.0,2.0,92.5
2013-10-06 06:00:00,10,6,9.7,85.0,0.0,85.0,2.0,92.5
2013-10-06 07:00:00,10,7,9.92,159.0,0.0,159.0,1.93,92.5
2013-10-06 08:00:00,10,8,9.75,174.0,0.0,174.0,1.79,92.5
2013-10-06 09:00:00,10,9,9.65,154.0,0.0,154.0,2.0,92.5
2013-10-06 10:00:00,10,10,9.78,169.0,0.0,169.0,2.07,92.5
2013-10-06 11:00:00,10,11,10.16,92.0,0.0,92.0,2.14,89.25
2013-10-06 12:00:00,10,12,10.2,45.0,0.0,45.0,2.0,89.25
2013-10-06 13:00:00,10,13,10.31,42.0,0.0,42.0,2.0,92.5
2013-10-06 14:00:00,10,14,10.14,5.0,0.0,5.0,1.93,92.5
2013-10-06 15:00:00,10,15,9.97,0.0,-0.0,0.0,1.66,95.9
2013-10-06 16:00:00,10,16,9.87,0.0,-0.0,0.0,1.72,92.5
2013-10-06 17:00:00,10,17,9.76,0.0,-0.0,0.0,1.93,92.5
2013-10-06 18:00:00,10,18,9.63,0.0,-0.0,0.0,1.93,92.5
2013-10-06 19:00:00,10,19,9.85,0.0,-0.0,0.0,1.79,92.5
2013-10-06 20:00:00,10,20,9.7,0.0,-0.0,0.0,1.86,92.5
2013-10-06 21:00:00,10,21,9.51,0.0,-0.0,0.0,1.79,92.45
2013-10-06 22:00:00,10,22,9.41,0.0,-0.0,0.0,1.72,92.45
2013-10-06 23:00:00,10,23,9.26,0.0,-0.0,0.0,1.38,92.45
2013-10-07 00:00:00,10,0,9.13,0.0,-0.0,0.0,1.24,89.15
2013-10-07 01:00:00,10,1,9.18,0.0,-0.0,0.0,1.03,92.45
2013-10-07 02:00:00,10,2,9.19,0.0,-0.0,0.0,0.9,92.45
2013-10-07 03:00:00,10,3,9.14,2.0,0.0,2.0,0.9,92.45
2013-10-07 04:00:00,10,4,9.21,19.0,0.0,19.0,0.83,92.45
2013-10-07 05:00:00,10,5,9.15,84.0,0.0,84.0,0.83,92.45
2013-10-07 06:00:00,10,6,9.39,115.0,0.0,115.0,1.17,92.45
2013-10-07 07:00:00,10,7,9.67,151.0,0.0,151.0,1.24,89.2
2013-10-07 08:00:00,10,8,9.71,243.0,1.42,242.0,1.24,89.2
2013-10-07 09:00:00,10,9,9.99,204.0,0.0,204.0,1.1,89.2
2013-10-07 10:00:00,10,10,9.94,71.0,0.0,71.0,0.83,89.2
2013-10-07 11:00:00,10,11,10.01,54.0,0.0,54.0,0.76,89.2
2013-10-07 12:00:00,10,12,9.97,33.0,0.0,33.0,0.69,89.2
2013-10-07 13:00:00,10,13,9.82,16.0,0.0,16.0,0.76,89.2
2013-10-07 14:00:00,10,14,9.74,2.0,0.0,2.0,0.76,89.2
2013-10-07 15:00:00,10,15,9.64,0.0,-0.0,0.0,0.76,92.5
2013-10-07 16:00:00,10,16,9.55,0.0,-0.0,0.0,0.9,95.85
2013-10-07 17:00:00,10,17,9.5,0.0,-0.0,0.0,1.1,92.45
2013-10-07 18:00:00,10,18,9.32,0.0,-0.0,0.0,1.1,92.45
2013-10-07 19:00:00,10,19,9.34,0.0,-0.0,0.0,1.45,92.45
2013-10-07 20:00:00,10,20,9.23,0.0,-0.0,0.0,1.38,92.45
2013-10-07 21:00:00,10,21,9.06,0.0,-0.0,0.0,1.24,92.45
2013-10-07 22:00:00,10,22,8.93,0.0,-0.0,0.0,1.17,89.1
2013-10-07 23:00:00,10,23,8.71,0.0,-0.0,0.0,1.31,89.1
2013-10-08 00:00:00,10,0,8.51,0.0,-0.0,0.0,1.45,92.4
2013-10-08 01:00:00,10,1,8.4,0.0,-0.0,0.0,1.45,92.4
2013-10-08 02:00:00,10,2,8.28,0.0,-0.0,0.0,1.38,89.1
2013-10-08 03:00:00,10,3,8.15,1.0,0.0,1.0,1.31,89.1
2013-10-08 04:00:00,10,4,8.18,16.0,0.0,16.0,1.31,89.1
2013-10-08 05:00:00,10,5,8.6,42.0,0.0,42.0,1.17,82.85
2013-10-08 06:00:00,10,6,8.8,160.0,0.0,160.0,0.97,82.85
2013-10-08 07:00:00,10,7,9.59,150.0,0.0,150.0,0.76,79.95
2013-10-08 08:00:00,10,8,10.07,304.0,17.16,292.0,0.62,79.95
2013-10-08 09:00:00,10,9,10.41,241.0,1.43,240.0,0.55,77.15
2013-10-08 10:00:00,10,10,10.86,230.0,3.1,228.0,0.55,74.45
2013-10-08 11:00:00,10,11,11.08,205.0,7.36,201.0,0.41,71.75
2013-10-08 12:00:00,10,12,11.21,336.0,458.95,152.0,0.28,69.25
2013-10-08 13:00:00,10,13,11.11,176.0,415.27,82.0,0.21,69.25
2013-10-08 14:00:00,10,14,10.83,6.0,0.0,6.0,0.14,71.75
2013-10-08 15:00:00,10,15,10.53,0.0,-0.0,0.0,0.14,74.4
2013-10-08 16:00:00,10,16,10.19,0.0,-0.0,0.0,0.62,74.4
2013-10-08 17:00:00,10,17,9.05,0.0,-0.0,0.0,1.03,82.85
2013-10-08 18:00:00,10,18,8.28,0.0,-0.0,0.0,1.24,85.9
2013-10-08 19:00:00,10,19,8.15,0.0,-0.0,0.0,1.24,85.9
2013-10-08 20:00:00,10,20,7.47,0.0,-0.0,0.0,1.17,89.0
2013-10-08 21:00:00,10,21,7.31,0.0,-0.0,0.0,1.03,89.0
2013-10-08 22:00:00,10,22,6.93,0.0,-0.0,0.0,1.03,89.0
2013-10-08 23:00:00,10,23,6.33,0.0,-0.0,0.0,1.1,88.95
2013-10-09 00:00:00,10,0,5.59,0.0,-0.0,0.0,1.24,88.9
2013-10-09 01:00:00,10,1,5.44,0.0,-0.0,0.0,1.24,95.75
2013-10-09 02:00:00,10,2,4.99,0.0,-0.0,0.0,1.31,95.75
2013-10-09 03:00:00,10,3,4.46,4.0,0.0,4.0,1.38,95.75
2013-10-09 04:00:00,10,4,5.61,185.0,463.34,78.0,1.17,88.9
2013-10-09 05:00:00,10,5,9.76,389.0,702.81,105.0,0.97,74.3
2013-10-09 06:00:00,10,6,12.41,552.0,777.89,128.0,0.9,64.45
2013-10-09 07:00:00,10,7,13.53,671.0,822.68,141.0,0.62,60.05
2013-10-09 08:00:00,10,8,14.72,734.0,847.66,145.0,0.21,56.15
2013-10-09 09:00:00,10,9,15.58,729.0,836.38,149.0,0.41,52.25
2013-10-09 10:00:00,10,10,16.13,667.0,821.65,141.0,0.9,50.5
2013-10-09 11:00:00,10,11,16.43,543.0,766.81,130.0,1.38,48.8
2013-10-09 12:00:00,10,12,16.14,348.0,533.28,137.0,1.79,52.4
2013-10-09 13:00:00,10,13,15.46,181.0,483.89,74.0,1.79,54.25
2013-10-09 14:00:00,10,14,14.2,4.0,0.0,4.0,1.45,58.1
2013-10-09 15:00:00,10,15,12.26,0.0,-0.0,0.0,1.1,74.6
2013-10-09 16:00:00,10,16,12.74,0.0,-0.0,0.0,0.62,64.55
2013-10-09 17:00:00,10,17,12.41,0.0,-0.0,0.0,0.55,66.85
2013-10-09 18:00:00,10,18,11.86,0.0,-0.0,0.0,1.03,69.25
2013-10-09 19:00:00,10,19,10.22,0.0,-0.0,0.0,1.31,71.7
2013-10-09 20:00:00,10,20,9.37,0.0,-0.0,0.0,1.31,74.2
2013-10-09 21:00:00,10,21,8.29,0.0,-0.0,0.0,1.38,76.85
2013-10-09 22:00:00,10,22,7.32,0.0,-0.0,0.0,1.31,82.65
2013-10-09 23:00:00,10,23,6.31,0.0,-0.0,0.0,1.24,85.7
2013-10-10 00:00:00,10,0,5.6,0.0,-0.0,0.0,1.17,85.65
2013-10-10 01:00:00,10,1,4.9,0.0,-0.0,0.0,1.17,88.85
2013-10-10 02:00:00,10,2,4.45,0.0,-0.0,0.0,1.17,92.2
2013-10-10 03:00:00,10,3,4.09,3.0,0.0,3.0,1.17,88.8
2013-10-10 04:00:00,10,4,5.97,182.0,457.47,78.0,0.9,85.65
2013-10-10 05:00:00,10,5,10.34,385.0,699.56,105.0,0.48,74.4
2013-10-10 06:00:00,10,6,13.44,547.0,770.86,130.0,0.14,62.3
2013-10-10 07:00:00,10,7,14.97,661.0,803.3,147.0,0.34,56.15
2013-10-10 08:00:00,10,8,15.99,728.0,840.32,148.0,0.69,52.4
2013-10-10 09:00:00,10,9,16.81,722.0,829.21,151.0,1.17,50.75
2013-10-10 10:00:00,10,10,17.24,657.0,802.99,147.0,1.59,50.85
2013-10-10 11:00:00,10,11,17.41,537.0,759.23,132.0,1.86,50.85
2013-10-10 12:00:00,10,12,17.11,346.0,545.53,133.0,2.0,54.6
2013-10-10 13:00:00,10,13,16.29,178.0,490.92,72.0,1.86,58.6
2013-10-10 14:00:00,10,14,14.97,2.0,0.0,2.0,1.31,67.35
2013-10-10 15:00:00,10,15,13.11,0.0,-0.0,0.0,0.97,80.3
2013-10-10 16:00:00,10,16,13.49,0.0,-0.0,0.0,0.48,72.1
2013-10-10 17:00:00,10,17,13.2,0.0,-0.0,0.0,0.62,72.1
2013-10-10 18:00:00,10,18,12.25,0.0,-0.0,0.0,1.1,74.6
2013-10-10 19:00:00,10,19,11.06,0.0,-0.0,0.0,1.31,77.2
2013-10-10 20:00:00,10,20,10.35,0.0,-0.0,0.0,1.24,80.05
2013-10-10 21:00:00,10,21,9.28,0.0,-0.0,0.0,1.31,82.9
2013-10-10 22:00:00,10,22,8.61,0.0,-0.0,0.0,1.24,82.85
2013-10-10 23:00:00,10,23,7.83,0.0,-0.0,0.0,1.24,89.05
2013-10-11 00:00:00,10,0,7.22,0.0,-0.0,0.0,1.17,89.0
2013-10-11 01:00:00,10,1,7.12,0.0,-0.0,0.0,1.03,89.0
2013-10-11 02:00:00,10,2,6.33,0.0,-0.0,0.0,1.1,92.3
2013-10-11 03:00:00,10,3,5.84,2.0,0.0,2.0,1.1,92.3
2013-10-11 04:00:00,10,4,7.51,148.0,241.38,94.0,0.76,89.0
2013-10-11 05:00:00,10,5,11.41,360.0,605.47,120.0,0.34,80.15
2013-10-11 06:00:00,10,6,14.35,530.0,730.22,138.0,0.28,64.85
2013-10-11 07:00:00,10,7,15.87,649.0,783.69,151.0,0.76,62.85
2013-10-11 08:00:00,10,8,16.91,718.0,829.98,149.0,0.97,60.85
2013-10-11 09:00:00,10,9,17.74,708.0,807.33,156.0,1.31,58.9
2013-10-11 10:00:00,10,10,18.11,643.0,782.43,150.0,1.72,58.9
2013-10-11 11:00:00,10,11,18.16,527.0,747.71,132.0,2.0,61.05
2013-10-11 12:00:00,10,12,17.8,340.0,547.69,129.0,2.0,61.05
2013-10-11 13:00:00,10,13,16.93,171.0,474.49,71.0,1.66,67.75
2013-10-11 14:00:00,10,14,15.6,0.0,0.0,0.0,1.24,75.1
2013-10-11 15:00:00,10,15,14.02,0.0,-0.0,0.0,0.76,83.35
2013-10-11 16:00:00,10,16,14.13,0.0,-0.0,0.0,0.55,80.4
2013-10-11 17:00:00,10,17,12.69,0.0,-0.0,0.0,1.17,83.25
2013-10-11 18:00:00,10,18,11.6,0.0,-0.0,0.0,1.24,86.15
2013-10-11 19:00:00,10,19,11.48,0.0,-0.0,0.0,1.31,83.1
2013-10-11 20:00:00,10,20,10.45,0.0,-0.0,0.0,1.31,86.05
2013-10-11 21:00:00,10,21,9.51,0.0,-0.0,0.0,1.31,89.15
2013-10-11 22:00:00,10,22,8.93,0.0,-0.0,0.0,1.31,89.1
2013-10-11 23:00:00,10,23,8.01,0.0,-0.0,0.0,1.38,92.4
2013-10-12 00:00:00,10,0,7.39,0.0,-0.0,0.0,1.31,92.35
2013-10-12 01:00:00,10,1,6.82,0.0,-0.0,0.0,1.31,92.35
2013-10-12 02:00:00,10,2,6.44,0.0,-0.0,0.0,1.24,92.3
2013-10-12 03:00:00,10,3,6.14,1.0,0.0,1.0,1.24,92.3
2013-10-12 04:00:00,10,4,7.66,159.0,331.71,86.0,0.9,85.85
2013-10-12 05:00:00,10,5,11.94,364.0,639.5,113.0,0.41,83.1
2013-10-12 06:00:00,10,6,15.2,523.0,719.03,140.0,0.21,67.45
2013-10-12 07:00:00,10,7,16.73,592.0,594.27,217.0,0.69,63.05
2013-10-12 08:00:00,10,8,17.79,628.0,546.34,256.0,1.03,61.05
2013-10-12 09:00:00,10,9,18.47,725.0,873.53,132.0,1.45,59.05
2013-10-12 10:00:00,10,10,18.91,638.0,780.74,150.0,1.79,59.15
2013-10-12 11:00:00,10,11,19.08,516.0,724.47,137.0,2.0,59.15
2013-10-12 12:00:00,10,12,18.81,347.0,610.39,115.0,2.07,59.15
2013-10-12 13:00:00,10,13,18.04,162.0,442.55,71.0,1.79,63.3
2013-10-12 14:00:00,10,14,16.63,0.0,0.0,0.0,1.24,72.65
2013-10-12 15:00:00,10,15,15.14,0.0,-0.0,0.0,0.76,80.55
2013-10-12 16:00:00,10,16,15.17,0.0,-0.0,0.0,0.14,75.1
2013-10-12 17:00:00,10,17,14.76,0.0,-0.0,0.0,0.83,75.0
2013-10-12 18:00:00,10,18,13.3,0.0,-0.0,0.0,1.17,80.35
2013-10-12 19:00:00,10,19,11.26,0.0,-0.0,0.0,1.38,83.1
2013-10-12 20:00:00,10,20,10.06,0.0,-0.0,0.0,1.38,89.2
2013-10-12 21:00:00,10,21,9.17,0.0,-0.0,0.0,1.38,89.15
2013-10-12 22:00:00,10,22,8.48,0.0,-0.0,0.0,1.31,89.1
2013-10-12 23:00:00,10,23,7.86,0.0,-0.0,0.0,1.24,89.05
2013-10-13 00:00:00,10,0,7.49,0.0,-0.0,0.0,1.24,92.35
2013-10-13 01:00:00,10,1,7.48,0.0,-0.0,0.0,1.24,92.35
2013-10-13 02:00:00,10,2,7.15,0.0,-0.0,0.0,1.24,89.0
2013-10-13 03:00:00,10,3,6.61,1.0,0.0,1.0,1.24,89.0
2013-10-13 04:00:00,10,4,7.99,149.0,286.5,87.0,1.03,89.05
2013-10-13 05:00:00,10,5,12.27,352.0,607.35,116.0,0.55,83.15
2013-10-13 06:00:00,10,6,16.2,515.0,715.26,137.0,0.14,65.25
2013-10-13 07:00:00,10,7,17.73,633.0,769.25,151.0,0.69,58.9
2013-10-13 08:00:00,10,8,18.61,701.0,816.31,149.0,1.45,54.95
2013-10-13 09:00:00,10,9,19.19,691.0,793.8,156.0,2.0,51.4
2013-10-13 10:00:00,10,10,19.41,629.0,777.4,147.0,2.28,49.55
2013-10-13 11:00:00,10,11,19.11,480.0,606.15,166.0,2.41,53.15
2013-10-13 12:00:00,10,12,18.46,322.0,506.73,132.0,2.41,56.95
2013-10-13 13:00:00,10,13,17.83,156.0,428.83,70.0,2.07,58.9
2013-10-13 14:00:00,10,14,16.56,0.0,0.0,0.0,1.24,67.65
2013-10-13 15:00:00,10,15,14.75,0.0,-0.0,0.0,1.03,77.75
2013-10-13 16:00:00,10,16,14.69,0.0,-0.0,0.0,0.9,72.4
2013-10-13 17:00:00,10,17,14.33,0.0,-0.0,0.0,1.03,74.95
2013-10-13 18:00:00,10,18,13.27,0.0,-0.0,0.0,1.24,77.5
2013-10-13 19:00:00,10,19,12.77,0.0,-0.0,0.0,1.24,77.45
2013-10-13 20:00:00,10,20,12.74,0.0,-0.0,0.0,1.03,77.45
2013-10-13 21:00:00,10,21,12.57,0.0,-0.0,0.0,0.9,80.2
2013-10-13 22:00:00,10,22,12.45,0.0,-0.0,0.0,0.83,80.2
2013-10-13 23:00:00,10,23,11.84,0.0,-0.0,0.0,0.97,83.1
2013-10-14 00:00:00,10,0,11.16,0.0,-0.0,0.0,0.97,80.15
2013-10-14 01:00:00,10,1,11.43,0.0,-0.0,0.0,0.69,83.1
2013-10-14 02:00:00,10,2,11.45,0.0,-0.0,0.0,0.69,83.1
2013-10-14 03:00:00,10,3,11.28,0.0,0.0,0.0,0.76,83.1
2013-10-14 04:00:00,10,4,11.51,115.0,117.53,90.0,0.55,83.1
2013-10-14 05:00:00,10,5,13.09,320.0,475.78,137.0,0.14,89.4
2013-10-14 06:00:00,10,6,14.34,385.0,270.85,243.0,0.34,77.65
2013-10-14 07:00:00,10,7,15.01,492.0,337.55,282.0,0.48,77.75
2013-10-14 08:00:00,10,8,15.98,643.0,655.23,203.0,0.55,72.55
2013-10-14 09:00:00,10,9,16.58,514.0,295.93,316.0,0.83,72.65
2013-10-14 10:00:00,10,10,16.6,516.0,419.52,258.0,0.97,72.65
2013-10-14 11:00:00,10,11,16.3,371.0,255.4,240.0,1.24,72.65
2013-10-14 12:00:00,10,12,16.5,328.0,584.02,112.0,1.31,75.25
2013-10-14 13:00:00,10,13,15.82,132.0,276.21,78.0,1.38,77.85
2013-10-14 14:00:00,10,14,15.01,0.0,0.0,0.0,1.1,83.45
2013-10-14 15:00:00,10,15,14.2,0.0,-0.0,0.0,0.83,89.5
2013-10-14 16:00:00,10,16,14.06,0.0,-0.0,0.0,0.55,89.45
2013-10-14 17:00:00,10,17,13.45,0.0,-0.0,0.0,0.83,92.65
2013-10-14 18:00:00,10,18,13.34,0.0,-0.0,0.0,0.9,92.65
2013-10-14 19:00:00,10,19,13.18,0.0,-0.0,0.0,0.9,89.4
2013-10-14 20:00:00,10,20,13.27,0.0,-0.0,0.0,0.83,89.4
2013-10-14 21:00:00,10,21,12.92,0.0,-0.0,0.0,0.9,89.4
2013-10-14 22:00:00,10,22,12.62,0.0,-0.0,0.0,0.9,89.4
2013-10-14 23:00:00,10,23,12.89,0.0,-0.0,0.0,0.76,89.4
2013-10-15 00:00:00,10,0,12.54,0.0,-0.0,0.0,0.62,89.35
2013-10-15 01:00:00,10,1,12.21,0.0,-0.0,0.0,0.55,89.35
2013-10-15 02:00:00,10,2,11.83,0.0,-0.0,0.0,0.69,89.3
2013-10-15 03:00:00,10,3,10.49,0.0,0.0,0.0,1.03,92.5
2013-10-15 04:00:00,10,4,11.18,115.0,129.18,88.0,0.69,89.3
2013-10-15 05:00:00,10,5,12.57,318.0,475.48,137.0,0.41,92.6
2013-10-15 06:00:00,10,6,14.03,482.0,626.87,156.0,0.34,83.35
2013-10-15 07:00:00,10,7,15.37,601.0,704.29,166.0,0.41,80.6
2013-10-15 08:00:00,10,8,16.18,666.0,754.34,163.0,0.62,75.25
2013-10-15 09:00:00,10,9,16.24,660.0,740.74,168.0,0.97,75.25
2013-10-15 10:00:00,10,10,16.89,599.0,726.25,156.0,1.66,72.7
2013-10-15 11:00:00,10,11,16.67,483.0,679.32,138.0,1.66,75.3
2013-10-15 12:00:00,10,12,16.77,319.0,559.23,115.0,1.72,75.3
2013-10-15 13:00:00,10,13,16.15,138.0,356.93,70.0,1.79,80.65
2013-10-15 14:00:00,10,14,15.35,0.0,-0.0,0.0,1.24,86.5
2013-10-15 15:00:00,10,15,14.46,0.0,-0.0,0.0,0.97,92.7
2013-10-15 16:00:00,10,16,13.43,0.0,-0.0,0.0,0.9,95.95
2013-10-15 17:00:00,10,17,13.63,0.0,-0.0,0.0,0.76,92.65
2013-10-15 18:00:00,10,18,13.79,0.0,-0.0,0.0,0.76,92.65
2013-10-15 19:00:00,10,19,13.79,0.0,-0.0,0.0,0.9,92.65
2013-10-15 20:00:00,10,20,13.73,0.0,-0.0,0.0,0.9,92.65
2013-10-15 21:00:00,10,21,13.58,0.0,-0.0,0.0,0.9,95.95
2013-10-15 22:00:00,10,22,13.82,0.0,-0.0,0.0,0.76,92.65
2013-10-15 23:00:00,10,23,14.14,0.0,-0.0,0.0,0.69,86.4
2013-10-16 00:00:00,10,0,13.76,0.0,-0.0,0.0,0.76,86.35
2013-10-16 01:00:00,10,1,13.41,0.0,-0.0,0.0,0.62,86.3
2013-10-16 02:00:00,10,2,13.25,0.0,-0.0,0.0,0.55,86.3
2013-10-16 03:00:00,10,3,12.91,0.0,0.0,0.0,0.69,86.25
2013-10-16 04:00:00,10,4,12.39,125.0,189.98,86.0,0.83,92.6
2013-10-16 05:00:00,10,5,14.26,324.0,520.33,128.0,0.69,83.4
2013-10-16 06:00:00,10,6,15.39,490.0,668.87,145.0,0.69,75.1
2013-10-16 07:00:00,10,7,16.61,603.0,722.5,160.0,0.62,72.65
2013-10-16 08:00:00,10,8,18.0,669.0,770.28,159.0,0.9,67.95
2013-10-16 09:00:00,10,9,18.95,666.0,768.98,159.0,1.31,63.5
2013-10-16 10:00:00,10,10,19.67,604.0,752.08,149.0,1.72,61.4
2013-10-16 11:00:00,10,11,19.78,487.0,704.04,133.0,2.28,61.5
2013-10-16 12:00:00,10,12,19.3,325.0,605.96,107.0,2.62,63.6
2013-10-16 13:00:00,10,13,18.23,143.0,420.32,65.0,2.0,68.05
2013-10-16 14:00:00,10,14,16.82,0.0,-0.0,0.0,1.52,75.3
2013-10-16 15:00:00,10,15,15.05,0.0,-0.0,0.0,1.03,89.5
2013-10-16 16:00:00,10,16,15.1,0.0,-0.0,0.0,0.14,83.45
2013-10-16 17:00:00,10,17,14.44,0.0,-0.0,0.0,0.76,86.4
2013-10-16 18:00:00,10,18,12.44,0.0,-0.0,0.0,1.17,92.6
2013-10-16 19:00:00,10,19,12.15,0.0,-0.0,0.0,1.17,89.35
2013-10-16 20:00:00,10,20,11.27,0.0,-0.0,0.0,1.24,89.3
2013-10-16 21:00:00,10,21,10.32,0.0,-0.0,0.0,1.24,89.25
2013-10-16 22:00:00,10,22,9.66,0.0,-0.0,0.0,1.17,89.2
2013-10-16 23:00:00,10,23,9.15,0.0,-0.0,0.0,1.17,85.95
2013-10-17 00:00:00,10,0,8.63,0.0,-0.0,0.0,1.17,85.95
2013-10-17 01:00:00,10,1,8.33,0.0,-0.0,0.0,1.17,85.9
2013-10-17 02:00:00,10,2,7.65,0.0,-0.0,0.0,1.24,89.05
2013-10-17 03:00:00,10,3,7.09,0.0,0.0,0.0,1.31,89.0
2013-10-17 04:00:00,10,4,8.17,132.0,238.18,84.0,1.17,85.9
2013-10-17 05:00:00,10,5,13.13,327.0,544.71,124.0,0.76,80.35
2013-10-17 06:00:00,10,6,18.35,492.0,682.26,143.0,0.62,56.95
2013-10-17 07:00:00,10,7,21.14,607.0,736.07,159.0,0.97,44.85
2013-10-17 08:00:00,10,8,22.94,669.0,772.76,161.0,0.76,42.1
2013-10-17 09:00:00,10,9,24.23,658.0,745.68,170.0,0.62,39.45
2013-10-17 10:00:00,10,10,25.07,601.0,744.99,154.0,0.62,36.95
2013-10-17 11:00:00,10,11,25.22,475.0,664.93,144.0,1.03,36.95
2013-10-17 12:00:00,10,12,24.56,313.0,555.29,116.0,1.52,42.5
2013-10-17 13:00:00,10,13,22.84,136.0,392.95,65.0,1.52,52.1
2013-10-17 14:00:00,10,14,20.46,0.0,-0.0,0.0,1.38,61.6
2013-10-17 15:00:00,10,15,19.76,0.0,-0.0,0.0,0.69,61.5
2013-10-17 16:00:00,10,16,19.05,0.0,-0.0,0.0,0.21,65.75
2013-10-17 17:00:00,10,17,17.1,0.0,-0.0,0.0,1.17,70.2
2013-10-17 18:00:00,10,18,13.04,0.0,-0.0,0.0,1.66,83.25
2013-10-17 19:00:00,10,19,11.18,0.0,-0.0,0.0,1.66,86.15
2013-10-17 20:00:00,10,20,10.26,0.0,-0.0,0.0,1.66,86.05
2013-10-17 21:00:00,10,21,9.76,0.0,-0.0,0.0,1.79,82.95
2013-10-17 22:00:00,10,22,9.43,0.0,-0.0,0.0,1.93,82.9
2013-10-17 23:00:00,10,23,9.11,0.0,-0.0,0.0,2.07,79.9
2013-10-18 00:00:00,10,0,8.86,0.0,-0.0,0.0,2.14,76.95
2013-10-18 01:00:00,10,1,8.94,0.0,-0.0,0.0,2.14,74.15
2013-10-18 02:00:00,10,2,8.7,0.0,-0.0,0.0,2.14,71.4
2013-10-18 03:00:00,10,3,8.45,0.0,0.0,0.0,2.14,71.35
2013-10-18 04:00:00,10,4,9.21,133.0,268.0,80.0,2.0,71.5
2013-10-18 05:00:00,10,5,13.77,323.0,537.1,125.0,1.66,69.65
2013-10-18 06:00:00,10,6,20.15,479.0,636.77,156.0,1.52,47.9
2013-10-18 07:00:00,10,7,23.27,595.0,698.53,173.0,1.79,39.3
2013-10-18 08:00:00,10,8,25.49,649.0,707.87,187.0,1.59,32.1
2013-10-18 09:00:00,10,9,26.94,637.0,675.83,198.0,1.72,28.1
2013-10-18 10:00:00,10,10,27.72,575.0,655.41,185.0,1.72,26.25
2013-10-18 11:00:00,10,11,28.0,458.0,602.67,161.0,1.24,25.45
2013-10-18 12:00:00,10,12,27.42,289.0,443.07,134.0,0.48,37.6
2013-10-18 13:00:00,10,13,26.26,126.0,335.52,67.0,0.97,36.05
2013-10-18 14:00:00,10,14,24.7,0.0,-0.0,0.0,0.9,38.15
2013-10-18 15:00:00,10,15,23.93,0.0,-0.0,0.0,0.9,35.4
2013-10-18 16:00:00,10,16,22.76,0.0,-0.0,0.0,0.34,37.75
2013-10-18 17:00:00,10,17,21.4,0.0,-0.0,0.0,0.62,40.35
2013-10-18 18:00:00,10,18,17.7,0.0,-0.0,0.0,1.45,49.15
2013-10-18 19:00:00,10,19,13.29,0.0,-0.0,0.0,1.66,64.65
2013-10-18 20:00:00,10,20,11.61,0.0,-0.0,0.0,1.59,69.25
2013-10-18 21:00:00,10,21,10.56,0.0,-0.0,0.0,1.59,74.4
2013-10-18 22:00:00,10,22,10.09,0.0,-0.0,0.0,1.66,71.7
2013-10-18 23:00:00,10,23,9.77,0.0,-0.0,0.0,1.86,71.6
2013-10-19 00:00:00,10,0,9.45,0.0,-0.0,0.0,2.07,68.9
2013-10-19 01:00:00,10,1,9.23,0.0,-0.0,0.0,2.14,66.35
2013-10-19 02:00:00,10,2,9.02,0.0,-0.0,0.0,2.21,68.8
2013-10-19 03:00:00,10,3,8.86,0.0,0.0,0.0,2.34,68.8
2013-10-19 04:00:00,10,4,9.77,87.0,51.55,77.0,2.28,69.0
2013-10-19 05:00:00,10,5,14.53,257.0,252.33,165.0,2.0,67.25
2013-10-19 06:00:00,10,6,20.61,432.0,467.24,197.0,1.93,46.35
2013-10-19 07:00:00,10,7,24.03,546.0,545.37,219.0,1.66,40.9
2013-10-19 08:00:00,10,8,26.22,616.0,618.88,215.0,2.14,32.25
2013-10-19 09:00:00,10,9,27.45,606.0,595.62,222.0,3.52,25.3
2013-10-19 10:00:00,10,10,27.8,534.0,532.11,220.0,4.28,22.75
2013-10-19 11:00:00,10,11,27.96,429.0,508.35,181.0,3.79,21.95
2013-10-19 12:00:00,10,12,27.19,281.0,429.07,133.0,3.79,23.4
2013-10-19 13:00:00,10,13,25.5,124.0,356.58,63.0,2.69,27.7
2013-10-19 14:00:00,10,14,22.73,0.0,-0.0,0.0,2.34,32.6
2013-10-19 15:00:00,10,15,20.05,0.0,-0.0,0.0,2.48,39.95
2013-10-19 16:00:00,10,16,17.52,0.0,-0.0,0.0,2.21,49.05
2013-10-19 17:00:00,10,17,17.0,0.0,-0.0,0.0,1.17,52.65
2013-10-19 18:00:00,10,18,17.4,0.0,-0.0,0.0,0.34,47.3
2013-10-19 19:00:00,10,19,13.32,0.0,-0.0,0.0,2.0,74.75
2013-10-19 20:00:00,10,20,13.01,0.0,-0.0,0.0,1.79,80.3
2013-10-19 21:00:00,10,21,13.1,0.0,-0.0,0.0,1.52,77.45
2013-10-19 22:00:00,10,22,13.54,0.0,-0.0,0.0,1.24,74.75
2013-10-19 23:00:00,10,23,14.28,0.0,-0.0,0.0,0.76,69.75
2013-10-20 00:00:00,10,0,13.95,0.0,-0.0,0.0,0.48,72.2
2013-10-20 01:00:00,10,1,13.33,0.0,-0.0,0.0,0.48,72.1
2013-10-20 02:00:00,10,2,13.14,0.0,-0.0,0.0,0.34,72.1
2013-10-20 03:00:00,10,3,12.87,0.0,-0.0,0.0,0.41,72.05
2013-10-20 04:00:00,10,4,12.82,22.0,0.0,22.0,0.55,72.05
2013-10-20 05:00:00,10,5,13.64,61.0,0.0,61.0,0.28,77.6
2013-10-20 06:00:00,10,6,15.77,119.0,0.0,119.0,0.97,62.85
2013-10-20 07:00:00,10,7,17.48,256.0,18.49,245.0,1.79,56.75
2013-10-20 08:00:00,10,8,17.66,169.0,0.0,169.0,2.0,58.8
2013-10-20 09:00:00,10,9,18.14,210.0,1.56,209.0,2.07,56.85
2013-10-20 10:00:00,10,10,18.31,173.0,0.0,173.0,2.21,53.0
2013-10-20 11:00:00,10,11,18.17,68.0,0.0,68.0,1.66,53.0
2013-10-20 12:00:00,10,12,18.16,26.0,0.0,26.0,1.86,54.85
2013-10-20 13:00:00,10,13,17.55,12.0,0.0,12.0,1.86,54.7
2013-10-20 14:00:00,10,14,16.46,0.0,-0.0,0.0,1.52,58.6
2013-10-20 15:00:00,10,15,15.08,0.0,-0.0,0.0,1.31,69.85
2013-10-20 16:00:00,10,16,14.13,0.0,-0.0,0.0,1.38,74.85
2013-10-20 17:00:00,10,17,13.12,0.0,-0.0,0.0,1.52,80.35
2013-10-20 18:00:00,10,18,12.95,0.0,-0.0,0.0,1.72,86.25
2013-10-20 19:00:00,10,19,11.96,0.0,-0.0,0.0,1.86,92.55
2013-10-20 20:00:00,10,20,11.38,0.0,-0.0,0.0,1.79,89.3
2013-10-20 21:00:00,10,21,10.27,0.0,-0.0,0.0,1.59,89.25
2013-10-20 22:00:00,10,22,9.73,0.0,-0.0,0.0,1.24,92.5
2013-10-20 23:00:00,10,23,9.19,0.0,-0.0,0.0,1.1,89.15
2013-10-21 00:00:00,10,0,9.12,0.0,-0.0,0.0,0.97,89.15
2013-10-21 01:00:00,10,1,9.26,0.0,-0.0,0.0,0.83,89.15
2013-10-21 02:00:00,10,2,8.95,0.0,-0.0,0.0,0.76,89.1
2013-10-21 03:00:00,10,3,9.15,0.0,-0.0,0.0,0.76,85.95
2013-10-21 04:00:00,10,4,10.1,12.0,0.0,12.0,0.62,83.0
2013-10-21 05:00:00,10,5,10.98,197.0,95.38,163.0,0.41,92.55
2013-10-21 06:00:00,10,6,13.43,466.0,659.5,140.0,0.62,80.35
2013-10-21 07:00:00,10,7,14.46,555.0,621.49,188.0,0.62,72.3
2013-10-21 08:00:00,10,8,15.19,636.0,739.23,164.0,0.62,65.05
2013-10-21 09:00:00,10,9,16.14,628.0,722.81,169.0,0.76,60.65
2013-10-21 10:00:00,10,10,16.77,548.0,630.71,182.0,1.03,54.6
2013-10-21 11:00:00,10,11,16.62,444.0,625.44,145.0,1.72,56.5
2013-10-21 12:00:00,10,12,16.59,289.0,533.88,110.0,2.0,56.5
2013-10-21 13:00:00,10,13,16.21,112.0,321.6,60.0,1.93,54.45
2013-10-21 14:00:00,10,14,15.14,0.0,-0.0,0.0,1.38,60.4
2013-10-21 15:00:00,10,15,13.33,0.0,-0.0,0.0,1.1,74.75
2013-10-21 16:00:00,10,16,13.14,0.0,-0.0,0.0,0.9,69.55
2013-10-21 17:00:00,10,17,12.98,0.0,-0.0,0.0,0.9,72.05
2013-10-21 18:00:00,10,18,12.14,0.0,-0.0,0.0,1.1,71.95
2013-10-21 19:00:00,10,19,10.92,0.0,-0.0,0.0,1.24,74.45
2013-10-21 20:00:00,10,20,10.16,0.0,-0.0,0.0,1.24,77.15
2013-10-21 21:00:00,10,21,9.43,0.0,-0.0,0.0,1.24,79.9
2013-10-21 22:00:00,10,22,8.81,0.0,-0.0,0.0,1.17,82.85
2013-10-21 23:00:00,10,23,8.26,0.0,-0.0,0.0,1.1,85.9
2013-10-22 00:00:00,10,0,7.85,0.0,-0.0,0.0,1.03,89.05
2013-10-22 01:00:00,10,1,7.08,0.0,-0.0,0.0,0.97,85.8
2013-10-22 02:00:00,10,2,6.81,0.0,-0.0,0.0,0.97,85.75
2013-10-22 03:00:00,10,3,6.47,0.0,-0.0,0.0,0.97,88.95
2013-10-22 04:00:00,10,4,7.24,127.0,306.8,71.0,0.83,82.65
2013-10-22 05:00:00,10,5,10.08,319.0,604.47,106.0,0.28,82.95
2013-10-22 06:00:00,10,6,13.59,475.0,700.03,132.0,0.41,67.05
2013-10-22 07:00:00,10,7,15.79,587.0,747.48,149.0,0.55,58.45
2013-10-22 08:00:00,10,8,17.08,644.0,771.55,155.0,0.97,54.6
2013-10-22 09:00:00,10,9,17.98,637.0,760.08,158.0,1.24,52.9
2013-10-22 10:00:00,10,10,18.52,572.0,731.62,151.0,1.45,51.15
2013-10-22 11:00:00,10,11,18.63,444.0,636.07,143.0,1.66,53.0
2013-10-22 12:00:00,10,12,18.28,283.0,514.32,113.0,1.72,53.0
2013-10-22 13:00:00,10,13,17.32,110.0,324.64,59.0,1.52,58.8
2013-10-22 14:00:00,10,14,15.69,0.0,-0.0,0.0,1.38,67.55
2013-10-22 15:00:00,10,15,13.92,0.0,-0.0,0.0,0.9,80.4
2013-10-22 16:00:00,10,16,14.18,0.0,-0.0,0.0,0.34,72.3
2013-10-22 17:00:00,10,17,12.99,0.0,-0.0,0.0,0.97,80.3
2013-10-22 18:00:00,10,18,10.66,0.0,-0.0,0.0,1.24,83.05
2013-10-22 19:00:00,10,19,9.35,0.0,-0.0,0.0,1.45,89.15
2013-10-22 20:00:00,10,20,8.43,0.0,-0.0,0.0,1.45,89.1
2013-10-22 21:00:00,10,21,7.76,0.0,-0.0,0.0,1.38,89.05
2013-10-22 22:00:00,10,22,7.29,0.0,-0.0,0.0,1.31,92.35
2013-10-22 23:00:00,10,23,6.95,0.0,-0.0,0.0,1.24,92.35
2013-10-23 00:00:00,10,0,6.73,0.0,-0.0,0.0,1.1,89.0
2013-10-23 01:00:00,10,1,6.74,0.0,-0.0,0.0,1.1,89.0
2013-10-23 02:00:00,10,2,6.38,0.0,-0.0,0.0,1.1,88.95
2013-10-23 03:00:00,10,3,6.04,0.0,-0.0,0.0,1.1,88.9
2013-10-23 04:00:00,10,4,7.17,116.0,246.25,72.0,0.9,82.65
2013-10-23 05:00:00,10,5,10.76,305.0,562.78,109.0,0.34,80.1
2013-10-23 06:00:00,10,6,15.63,462.0,673.34,135.0,0.62,60.5
2013-10-23 07:00:00,10,7,17.02,572.0,722.37,152.0,1.31,60.85
2013-10-23 08:00:00,10,8,17.92,632.0,758.24,155.0,1.72,61.05
2013-10-23 09:00:00,10,9,18.49,621.0,733.93,162.0,2.41,59.05
2013-10-23 10:00:00,10,10,18.67,560.0,716.79,151.0,2.83,56.95
2013-10-23 11:00:00,10,11,18.48,436.0,631.9,140.0,3.24,56.95
2013-10-23 12:00:00,10,12,17.86,282.0,546.27,104.0,3.31,58.9
2013-10-23 13:00:00,10,13,16.97,103.0,294.95,58.0,2.62,60.85
2013-10-23 14:00:00,10,14,15.58,0.0,-0.0,0.0,2.07,67.45
2013-10-23 15:00:00,10,15,14.42,0.0,-0.0,0.0,1.59,74.95
2013-10-23 16:00:00,10,16,13.89,0.0,-0.0,0.0,1.45,77.6
2013-10-23 17:00:00,10,17,13.27,0.0,-0.0,0.0,1.45,83.25
2013-10-23 18:00:00,10,18,12.79,0.0,-0.0,0.0,1.66,86.25
2013-10-23 19:00:00,10,19,12.16,0.0,-0.0,0.0,2.28,92.6
2013-10-23 20:00:00,10,20,11.49,0.0,-0.0,0.0,2.48,92.55
2013-10-23 21:00:00,10,21,11.05,0.0,-0.0,0.0,2.55,92.55
2013-10-23 22:00:00,10,22,10.78,0.0,-0.0,0.0,2.41,92.55
2013-10-23 23:00:00,10,23,10.52,0.0,-0.0,0.0,2.28,92.5
2013-10-24 00:00:00,10,0,10.2,0.0,-0.0,0.0,2.21,92.5
2013-10-24 01:00:00,10,1,9.91,0.0,-0.0,0.0,2.0,92.5
2013-10-24 02:00:00,10,2,9.64,0.0,-0.0,0.0,1.86,92.5
2013-10-24 03:00:00,10,3,9.51,0.0,-0.0,0.0,1.72,92.45
2013-10-24 04:00:00,10,4,9.43,11.0,0.0,11.0,1.66,92.45
2013-10-24 05:00:00,10,5,9.46,29.0,0.0,29.0,1.66,92.45
2013-10-24 06:00:00,10,6,9.54,105.0,0.0,105.0,1.59,89.15
2013-10-24 07:00:00,10,7,9.71,356.0,121.34,286.0,1.72,86.0
2013-10-24 08:00:00,10,8,9.58,0.0,0.0,0.0,1.59,85.95
2013-10-24 09:00:00,10,9,9.97,190.0,0.0,190.0,1.52,82.95
2013-10-24 10:00:00,10,10,9.78,146.0,0.0,146.0,1.31,79.95
2013-10-24 11:00:00,10,11,10.21,96.0,0.0,96.0,1.31,77.15
2013-10-24 12:00:00,10,12,10.21,34.0,0.0,34.0,1.24,74.4
2013-10-24 13:00:00,10,13,10.16,19.0,0.0,19.0,1.31,74.4
2013-10-24 14:00:00,10,14,9.83,0.0,-0.0,0.0,1.38,77.1
2013-10-24 15:00:00,10,15,9.18,0.0,-0.0,0.0,1.24,79.9
2013-10-24 16:00:00,10,16,8.45,0.0,-0.0,0.0,1.24,85.9
2013-10-24 17:00:00,10,17,7.97,0.0,-0.0,0.0,1.17,89.05
2013-10-24 18:00:00,10,18,7.56,0.0,-0.0,0.0,1.1,89.0
2013-10-24 19:00:00,10,19,7.11,0.0,-0.0,0.0,1.24,85.8
2013-10-24 20:00:00,10,20,6.97,0.0,-0.0,0.0,0.97,89.0
2013-10-24 21:00:00,10,21,6.72,0.0,-0.0,0.0,0.9,85.75
2013-10-24 22:00:00,10,22,6.71,0.0,-0.0,0.0,0.76,85.75
2013-10-24 23:00:00,10,23,7.27,0.0,-0.0,0.0,0.41,82.65
2013-10-25 00:00:00,10,0,7.23,0.0,-0.0,0.0,0.14,82.65
2013-10-25 01:00:00,10,1,7.17,0.0,-0.0,0.0,0.28,79.65
2013-10-25 02:00:00,10,2,7.14,0.0,-0.0,0.0,0.34,79.65
2013-10-25 03:00:00,10,3,7.06,0.0,-0.0,0.0,0.14,79.65
2013-10-25 04:00:00,10,4,7.15,111.0,239.83,70.0,0.21,79.65
2013-10-25 05:00:00,10,5,8.03,304.0,582.3,106.0,0.21,82.7
2013-10-25 06:00:00,10,6,9.29,460.0,683.54,134.0,0.34,74.2
2013-10-25 07:00:00,10,7,10.47,570.0,728.61,153.0,0.07,69.1
2013-10-25 08:00:00,10,8,11.72,627.0,753.58,160.0,0.28,66.75
2013-10-25 09:00:00,10,9,12.66,616.0,724.19,170.0,0.62,59.95
2013-10-25 10:00:00,10,10,13.43,551.0,696.92,160.0,1.1,60.05
2013-10-25 11:00:00,10,11,13.73,426.0,601.34,150.0,1.66,58.0
2013-10-25 12:00:00,10,12,13.5,275.0,533.74,106.0,2.0,60.05
2013-10-25 13:00:00,10,13,12.69,97.0,285.29,56.0,2.0,62.2
2013-10-25 14:00:00,10,14,11.31,0.0,-0.0,0.0,1.45,66.75
2013-10-25 15:00:00,10,15,9.77,0.0,-0.0,0.0,0.9,77.1
2013-10-25 16:00:00,10,16,10.01,0.0,-0.0,0.0,0.48,74.3
2013-10-25 17:00:00,10,17,9.63,0.0,-0.0,0.0,0.55,74.3
2013-10-25 18:00:00,10,18,9.34,0.0,-0.0,0.0,0.62,74.2
2013-10-25 19:00:00,10,19,9.18,0.0,-0.0,0.0,0.62,74.2
2013-10-25 20:00:00,10,20,8.93,0.0,-0.0,0.0,0.69,76.95
2013-10-25 21:00:00,10,21,8.69,0.0,-0.0,0.0,0.9,74.15
2013-10-25 22:00:00,10,22,8.09,0.0,-0.0,0.0,1.03,76.85
2013-10-25 23:00:00,10,23,7.28,0.0,-0.0,0.0,1.03,79.65
2013-10-26 00:00:00,10,0,6.22,0.0,-0.0,0.0,1.1,82.55
2013-10-26 01:00:00,10,1,5.28,0.0,-0.0,0.0,1.17,85.6
2013-10-26 02:00:00,10,2,4.42,0.0,-0.0,0.0,1.17,88.8
2013-10-26 03:00:00,10,3,4.01,0.0,-0.0,0.0,1.17,92.15
2013-10-26 04:00:00,10,4,4.54,82.0,83.79,68.0,0.97,85.55
2013-10-26 05:00:00,10,5,7.54,248.0,303.66,146.0,0.41,89.0
2013-10-26 06:00:00,10,6,10.5,423.0,535.37,170.0,0.14,71.7
2013-10-26 07:00:00,10,7,12.09,542.0,639.33,179.0,0.76,69.25
2013-10-26 08:00:00,10,8,13.06,607.0,702.39,175.0,1.03,66.95
2013-10-26 09:00:00,10,9,13.8,599.0,687.25,179.0,1.52,62.45
2013-10-26 10:00:00,10,10,14.2,526.0,620.16,181.0,2.07,62.55
2013-10-26 11:00:00,10,11,14.36,378.0,418.2,188.0,2.28,62.55
2013-10-26 12:00:00,10,12,14.02,271.0,541.45,102.0,2.48,64.75
2013-10-26 13:00:00,10,13,12.99,94.0,301.31,52.0,2.14,69.45
2013-10-26 14:00:00,10,14,11.92,0.0,-0.0,0.0,1.31,74.55
2013-10-26 15:00:00,10,15,10.89,0.0,-0.0,0.0,1.03,80.1
2013-10-26 16:00:00,10,16,10.08,0.0,-0.0,0.0,0.83,86.0
2013-10-26 17:00:00,10,17,10.55,0.0,-0.0,0.0,0.55,80.05
2013-10-26 18:00:00,10,18,10.2,0.0,-0.0,0.0,0.69,83.0
2013-10-26 19:00:00,10,19,9.78,0.0,-0.0,0.0,0.69,86.0
2013-10-26 20:00:00,10,20,9.51,0.0,-0.0,0.0,0.76,89.15
2013-10-26 21:00:00,10,21,9.78,0.0,-0.0,0.0,0.69,86.0
2013-10-26 22:00:00,10,22,9.65,0.0,-0.0,0.0,0.76,86.0
2013-10-26 23:00:00,10,23,9.29,0.0,-0.0,0.0,1.1,89.15
2013-10-27 00:00:00,10,0,9.43,0.0,-0.0,0.0,0.97,92.45
2013-10-27 01:00:00,10,1,9.97,0.0,-0.0,0.0,0.55,86.0
2013-10-27 02:00:00,10,2,10.36,0.0,-0.0,0.0,0.34,83.0
2013-10-27 03:00:00,10,3,10.18,0.0,-0.0,0.0,0.41,83.0
2013-10-27 04:00:00,10,4,10.14,10.0,0.0,10.0,0.41,83.0
2013-10-27 05:00:00,10,5,10.07,26.0,0.0,26.0,0.55,89.2
2013-10-27 06:00:00,10,6,10.07,73.0,0.0,73.0,0.41,92.5
2013-10-27 07:00:00,10,7,10.51,187.0,1.78,186.0,0.41,86.05
2013-10-27 08:00:00,10,8,10.63,209.0,1.64,208.0,0.9,83.05
2013-10-27 09:00:00,10,9,10.47,142.0,0.0,142.0,0.83,86.05
2013-10-27 10:00:00,10,10,10.74,150.0,0.0,150.0,0.69,80.1
2013-10-27 11:00:00,10,11,11.07,138.0,0.0,138.0,0.62,83.05
2013-10-27 12:00:00,10,12,11.23,60.0,0.0,60.0,0.55,77.3
2013-10-27 13:00:00,10,13,11.08,33.0,0.0,33.0,0.48,80.1
2013-10-27 14:00:00,10,14,10.81,0.0,-0.0,0.0,0.55,83.05
2013-10-27 15:00:00,10,15,10.6,0.0,-0.0,0.0,0.41,80.1
2013-10-27 16:00:00,10,16,9.55,0.0,-0.0,0.0,0.9,85.95
2013-10-27 17:00:00,10,17,8.3,0.0,-0.0,0.0,1.31,89.1
2013-10-27 18:00:00,10,18,7.47,0.0,-0.0,0.0,1.38,92.35
2013-10-27 19:00:00,10,19,6.83,0.0,-0.0,0.0,1.38,95.8
2013-10-27 20:00:00,10,20,5.63,0.0,-0.0,0.0,1.38,95.75
2013-10-27 21:00:00,10,21,4.92,0.0,-0.0,0.0,1.31,99.4
2013-10-27 22:00:00,10,22,4.2,0.0,-0.0,0.0,1.38,99.4
2013-10-27 23:00:00,10,23,3.94,0.0,-0.0,0.0,1.31,99.4
2013-10-28 00:00:00,10,0,3.57,0.0,-0.0,0.0,1.45,95.7
2013-10-28 01:00:00,10,1,3.39,0.0,-0.0,0.0,1.52,95.7
2013-10-28 02:00:00,10,2,3.24,0.0,-0.0,0.0,1.59,95.7
2013-10-28 03:00:00,10,3,3.18,0.0,-0.0,0.0,1.59,92.15
2013-10-28 04:00:00,10,4,4.02,98.0,213.43,64.0,1.52,92.15
2013-10-28 05:00:00,10,5,7.88,283.0,540.26,106.0,1.03,89.05
2013-10-28 06:00:00,10,6,12.29,440.0,666.16,131.0,0.69,69.35
2013-10-28 07:00:00,10,7,14.73,551.0,724.87,146.0,0.41,56.15
2013-10-28 08:00:00,10,8,16.07,610.0,761.04,149.0,0.07,54.35
2013-10-28 09:00:00,10,9,17.01,606.0,759.45,149.0,0.55,50.75
2013-10-28 10:00:00,10,10,17.49,540.0,727.63,142.0,1.17,50.85
2013-10-28 11:00:00,10,11,17.48,423.0,671.63,124.0,1.79,50.85
2013-10-28 12:00:00,10,12,16.89,269.0,580.3,93.0,2.21,54.6
2013-10-28 13:00:00,10,13,15.72,92.0,343.59,47.0,1.66,60.65
2013-10-28 14:00:00,10,14,13.93,0.0,-0.0,0.0,1.66,69.65
2013-10-28 15:00:00,10,15,12.07,0.0,-0.0,0.0,1.17,83.1
2013-10-28 16:00:00,10,16,12.89,0.0,-0.0,0.0,0.69,74.7
2013-10-28 17:00:00,10,17,12.64,0.0,-0.0,0.0,0.55,72.05
2013-10-28 18:00:00,10,18,11.96,0.0,-0.0,0.0,1.03,77.3
2013-10-28 19:00:00,10,19,9.7,0.0,-0.0,0.0,1.59,82.95
2013-10-28 20:00:00,10,20,8.9,0.0,-0.0,0.0,1.59,89.1
2013-10-28 21:00:00,10,21,8.3,0.0,-0.0,0.0,1.66,92.4
2013-10-28 22:00:00,10,22,7.85,0.0,-0.0,0.0,1.72,92.4
2013-10-28 23:00:00,10,23,7.71,0.0,-0.0,0.0,1.72,92.4
2013-10-29 00:00:00,10,0,7.07,0.0,-0.0,0.0,1.72,92.35
2013-10-29 01:00:00,10,1,6.08,0.0,-0.0,0.0,1.66,95.8
2013-10-29 02:00:00,10,2,5.15,0.0,-0.0,0.0,1.52,95.75
2013-10-29 03:00:00,10,3,4.56,0.0,-0.0,0.0,1.38,95.75
2013-10-29 04:00:00,10,4,5.09,87.0,148.0,64.0,1.17,95.75
2013-10-29 05:00:00,10,5,8.89,270.0,476.08,116.0,0.76,89.1
2013-10-29 06:00:00,10,6,13.31,430.0,642.01,135.0,0.28,77.5
2013-10-29 07:00:00,10,7,15.59,543.0,712.73,148.0,0.14,65.05
2013-10-29 08:00:00,10,8,16.74,602.0,748.58,152.0,0.41,56.6
2013-10-29 09:00:00,10,9,17.52,594.0,736.88,154.0,0.76,54.7
2013-10-29 10:00:00,10,10,17.91,532.0,715.36,144.0,1.03,52.9
2013-10-29 11:00:00,10,11,17.87,412.0,642.16,129.0,1.38,52.9
2013-10-29 12:00:00,10,12,17.54,262.0,561.92,94.0,1.59,54.7
2013-10-29 13:00:00,10,13,16.51,82.0,275.87,47.0,1.45,62.95
2013-10-29 14:00:00,10,14,14.68,0.0,-0.0,0.0,1.52,69.85
2013-10-29 15:00:00,10,15,13.09,0.0,-0.0,0.0,1.03,80.3
2013-10-29 16:00:00,10,16,13.71,0.0,-0.0,0.0,0.14,72.2
2013-10-29 17:00:00,10,17,13.14,0.0,-0.0,0.0,0.83,72.1
2013-10-29 18:00:00,10,18,11.34,0.0,-0.0,0.0,1.17,77.3
2013-10-29 19:00:00,10,19,9.0,0.0,-0.0,0.0,1.45,85.95
2013-10-29 20:00:00,10,20,7.74,0.0,-0.0,0.0,1.38,89.05
2013-10-29 21:00:00,10,21,6.93,0.0,-0.0,0.0,1.31,92.35
2013-10-29 22:00:00,10,22,6.45,0.0,-0.0,0.0,1.24,92.3
2013-10-29 23:00:00,10,23,6.06,0.0,-0.0,0.0,1.1,88.95
2013-10-30 00:00:00,10,0,5.66,0.0,-0.0,0.0,1.1,88.9
2013-10-30 01:00:00,10,1,5.09,0.0,-0.0,0.0,1.17,88.85
2013-10-30 02:00:00,10,2,4.96,0.0,-0.0,0.0,1.17,92.25
2013-10-30 03:00:00,10,3,4.89,0.0,-0.0,0.0,1.17,92.25
2013-10-30 04:00:00,10,4,5.42,9.0,0.0,9.0,1.03,88.85
2013-10-30 05:00:00,10,5,9.99,131.0,21.92,124.0,0.55,77.1
2013-10-30 06:00:00,10,6,13.72,317.0,219.71,217.0,0.07,64.75
2013-10-30 07:00:00,10,7,15.2,449.0,376.57,242.0,0.76,60.5
2013-10-30 08:00:00,10,8,16.19,577.0,670.52,177.0,1.03,60.75
2013-10-30 09:00:00,10,9,17.09,583.0,708.85,163.0,1.24,60.85
2013-10-30 10:00:00,10,10,17.56,524.0,704.68,145.0,1.52,60.95
2013-10-30 11:00:00,10,11,17.6,409.0,648.68,126.0,1.79,60.95
2013-10-30 12:00:00,10,12,17.11,260.0,570.02,92.0,1.86,63.05
2013-10-30 13:00:00,10,13,16.07,79.0,268.61,46.0,1.45,70.0
2013-10-30 14:00:00,10,14,14.43,0.0,-0.0,0.0,1.45,77.65
2013-10-30 15:00:00,10,15,12.76,0.0,-0.0,0.0,0.97,86.25
2013-10-30 16:00:00,10,16,13.22,0.0,-0.0,0.0,0.34,83.25
2013-10-30 17:00:00,10,17,12.96,0.0,-0.0,0.0,0.69,83.25
2013-10-30 18:00:00,10,18,12.04,0.0,-0.0,0.0,1.1,86.15
2013-10-30 19:00:00,10,19,9.97,0.0,-0.0,0.0,1.31,86.0
2013-10-30 20:00:00,10,20,9.05,0.0,-0.0,0.0,1.31,89.1
2013-10-30 21:00:00,10,21,8.19,0.0,-0.0,0.0,1.24,89.1
2013-10-30 22:00:00,10,22,7.45,0.0,-0.0,0.0,1.17,92.35
2013-10-30 23:00:00,10,23,7.0,0.0,-0.0,0.0,1.1,92.35
2013-10-31 00:00:00,10,0,6.31,0.0,-0.0,0.0,1.1,92.3
2013-10-31 01:00:00,10,1,5.75,0.0,-0.0,0.0,1.1,92.3
2013-10-31 02:00:00,10,2,5.23,0.0,-0.0,0.0,1.1,92.25
2013-10-31 03:00:00,10,3,4.93,0.0,-0.0,0.0,1.1,92.25
2013-10-31 04:00:00,10,4,5.4,81.0,142.27,60.0,0.97,92.25
2013-10-31 05:00:00,10,5,9.41,247.0,380.73,127.0,0.55,79.9
2013-10-31 06:00:00,10,6,13.28,410.0,576.75,150.0,0.07,69.55
2013-10-31 07:00:00,10,7,15.55,535.0,706.14,150.0,0.28,67.45
2013-10-31 08:00:00,10,8,16.69,594.0,743.26,154.0,0.41,63.05
2013-10-31 09:00:00,10,9,17.54,582.0,716.06,161.0,0.62,60.95
2013-10-31 10:00:00,10,10,18.21,521.0,699.37,148.0,0.9,56.95
2013-10-31 11:00:00,10,11,18.41,404.0,634.4,130.0,1.24,59.05
2013-10-31 12:00:00,10,12,18.02,253.0,550.67,93.0,1.59,61.05
2013-10-31 13:00:00,10,13,16.79,75.0,252.27,45.0,1.52,70.2
2013-10-31 14:00:00,10,14,14.95,0.0,-0.0,0.0,1.52,80.55
2013-10-31 15:00:00,10,15,13.53,0.0,-0.0,0.0,0.83,89.4
2013-10-31 16:00:00,10,16,10.46,0.0,-0.0,0.0,0.77,91.17
2013-10-31 17:00:00,10,17,10.02,0.0,-0.0,0.0,0.88,91.2
2013-10-31 18:00:00,10,18,9.58,0.0,-0.0,0.0,0.98,91.23
2013-10-31 19:00:00,10,19,9.13,0.0,-0.0,0.0,1.09,91.26
2013-10-31 20:00:00,10,20,8.69,0.0,-0.0,0.0,1.2,91.29
2013-10-31 21:00:00,10,21,8.25,0.0,-0.0,0.0,1.3,91.32
2013-10-31 22:00:00,10,22,7.81,0.0,-0.0,0.0,1.41,91.35
2013-10-31 23:00:00,10,23,7.36,0.0,-0.0,0.0,1.52,91.38
2015-11-01 00:00:00,11,0,6.92,0.0,-0.0,0.0,1.62,91.41
2015-11-01 01:00:00,11,1,6.48,0.0,-0.0,0.0,1.73,91.44
2015-11-01 02:00:00,11,2,6.03,0.0,-0.0,0.0,1.84,91.47
2015-11-01 03:00:00,11,3,5.59,0.0,-0.0,0.0,1.94,91.5
2015-11-01 04:00:00,11,4,5.15,26.0,0.0,26.0,2.05,91.53
2015-11-01 05:00:00,11,5,4.71,197.0,170.39,144.0,2.16,91.56
2015-11-01 06:00:00,11,6,4.26,188.0,17.92,180.0,2.26,91.59
2015-11-01 07:00:00,11,7,3.82,157.0,0.0,157.0,2.37,91.62
2015-11-01 08:00:00,11,8,6.41,278.0,28.94,261.0,2.9,76.55
2015-11-01 09:00:00,11,9,6.65,205.0,3.43,203.0,3.03,73.7
2015-11-01 10:00:00,11,10,6.92,88.0,0.0,88.0,3.24,68.4
2015-11-01 11:00:00,11,11,6.55,53.0,0.0,53.0,2.97,70.95
2015-11-01 12:00:00,11,12,6.23,31.0,0.0,31.0,2.76,68.3
2015-11-01 13:00:00,11,13,5.65,23.0,0.0,23.0,2.34,70.85
2015-11-01 14:00:00,11,14,5.05,0.0,-0.0,0.0,2.0,79.3
2015-11-01 15:00:00,11,15,4.52,0.0,-0.0,0.0,1.79,82.3
2015-11-01 16:00:00,11,16,4.06,0.0,-0.0,0.0,1.66,85.45
2015-11-01 17:00:00,11,17,3.79,0.0,-0.0,0.0,1.59,85.45
2015-11-01 18:00:00,11,18,3.58,0.0,-0.0,0.0,1.45,92.15
2015-11-01 19:00:00,11,19,3.34,0.0,-0.0,0.0,1.24,92.15
2015-11-01 20:00:00,11,20,3.27,0.0,-0.0,0.0,1.03,92.15
2015-11-01 21:00:00,11,21,3.24,0.0,-0.0,0.0,0.76,92.15
2015-11-01 22:00:00,11,22,3.23,0.0,-0.0,0.0,0.48,92.15
2015-11-01 23:00:00,11,23,3.17,0.0,-0.0,0.0,0.21,92.15
2015-11-02 00:00:00,11,0,3.21,0.0,-0.0,0.0,0.07,92.15
2015-11-02 01:00:00,11,1,3.22,0.0,-0.0,0.0,0.07,92.15
2015-11-02 02:00:00,11,2,3.17,0.0,-0.0,0.0,0.21,95.7
2015-11-02 03:00:00,11,3,3.06,0.0,-0.0,0.0,0.48,95.7
2015-11-02 04:00:00,11,4,3.39,95.0,300.43,53.0,0.34,92.15
2015-11-02 05:00:00,11,5,4.31,208.0,215.05,142.0,0.14,85.5
2015-11-02 06:00:00,11,6,5.48,351.0,348.3,197.0,0.28,79.35
2015-11-02 07:00:00,11,7,6.61,255.0,29.83,239.0,0.28,73.7
2015-11-02 08:00:00,11,8,7.55,271.0,25.73,256.0,0.21,65.95
2015-11-02 09:00:00,11,9,8.51,319.0,65.64,281.0,0.28,61.3
2015-11-02 10:00:00,11,10,8.94,341.0,148.72,263.0,0.62,59.15
2015-11-02 11:00:00,11,11,9.39,264.0,137.0,206.0,1.03,57.05
2015-11-02 12:00:00,11,12,9.15,203.0,279.72,124.0,1.59,61.45
2015-11-02 13:00:00,11,13,8.6,69.0,242.6,42.0,1.59,63.7
2015-11-02 14:00:00,11,14,7.42,0.0,-0.0,0.0,1.03,68.5
2015-11-02 15:00:00,11,15,6.63,0.0,-0.0,0.0,0.41,73.7
2015-11-02 16:00:00,11,16,6.19,0.0,-0.0,0.0,0.69,73.7
2015-11-02 17:00:00,11,17,4.92,0.0,-0.0,0.0,1.03,82.35
2015-11-02 18:00:00,11,18,2.84,0.0,-0.0,0.0,1.45,88.65
2015-11-02 19:00:00,11,19,2.29,0.0,-0.0,0.0,1.45,82.15
2015-11-02 20:00:00,11,20,1.58,0.0,-0.0,0.0,1.45,85.25
2015-11-02 21:00:00,11,21,1.15,0.0,-0.0,0.0,1.45,85.25
2015-11-02 22:00:00,11,22,0.75,0.0,-0.0,0.0,1.45,85.2
2015-11-02 23:00:00,11,23,0.41,0.0,-0.0,0.0,1.45,85.15
2015-11-03 00:00:00,11,0,0.12,0.0,-0.0,0.0,1.45,81.9
2015-11-03 01:00:00,11,1,-0.04,0.0,-0.0,0.0,1.52,85.1
2015-11-03 02:00:00,11,2,-0.25,0.0,-0.0,0.0,1.59,81.8
2015-11-03 03:00:00,11,3,-0.33,0.0,-0.0,0.0,1.59,78.65
2015-11-03 04:00:00,11,4,0.13,102.0,419.42,45.0,1.59,78.75
2015-11-03 05:00:00,11,5,3.87,278.0,637.43,85.0,1.38,82.25
2015-11-03 06:00:00,11,6,9.46,435.0,753.71,105.0,1.24,59.25
2015-11-03 07:00:00,11,7,12.14,546.0,806.58,117.0,1.17,49.6
2015-11-03 08:00:00,11,8,13.76,600.0,821.11,125.0,0.9,44.65
2015-11-03 09:00:00,11,9,14.84,601.0,840.75,118.0,0.62,41.65
2015-11-03 10:00:00,11,10,15.51,535.0,809.37,114.0,0.34,41.75
2015-11-03 11:00:00,11,11,15.73,413.0,741.9,102.0,0.07,41.75
2015-11-03 12:00:00,11,12,15.5,250.0,606.86,81.0,0.62,43.4
2015-11-03 13:00:00,11,13,14.23,76.0,371.72,36.0,1.31,52.0
2015-11-03 14:00:00,11,14,11.8,0.0,-0.0,0.0,1.17,66.85
2015-11-03 15:00:00,11,15,12.15,0.0,-0.0,0.0,0.34,57.65
2015-11-03 16:00:00,11,16,10.79,0.0,-0.0,0.0,0.97,59.6
2015-11-03 17:00:00,11,17,7.18,0.0,-0.0,0.0,1.45,76.7
2015-11-03 18:00:00,11,18,5.01,0.0,-0.0,0.0,1.52,88.85
2015-11-03 19:00:00,11,19,3.74,0.0,-0.0,0.0,1.72,88.75
2015-11-03 20:00:00,11,20,3.44,0.0,-0.0,0.0,1.79,85.4
2015-11-03 21:00:00,11,21,3.25,0.0,-0.0,0.0,1.79,82.2
2015-11-03 22:00:00,11,22,2.9,0.0,-0.0,0.0,1.86,82.15
2015-11-03 23:00:00,11,23,2.63,0.0,-0.0,0.0,1.86,82.15
2015-11-04 00:00:00,11,0,2.47,0.0,-0.0,0.0,1.86,79.0
2015-11-04 01:00:00,11,1,2.21,0.0,-0.0,0.0,1.86,76.0
2015-11-04 02:00:00,11,2,2.03,0.0,-0.0,0.0,1.93,78.95
2015-11-04 03:00:00,11,3,1.91,0.0,-0.0,0.0,1.93,78.95
2015-11-04 04:00:00,11,4,2.21,99.0,416.64,44.0,1.93,76.0
2015-11-04 05:00:00,11,5,5.76,272.0,626.14,85.0,1.59,79.4
2015-11-04 06:00:00,11,6,11.52,427.0,740.41,106.0,1.31,59.7
2015-11-04 07:00:00,11,7,14.24,538.0,792.46,120.0,1.1,52.0
2015-11-04 08:00:00,11,8,16.01,594.0,818.75,124.0,0.76,46.9
2015-11-04 09:00:00,11,9,17.11,593.0,827.94,121.0,0.34,43.8
2015-11-04 10:00:00,11,10,17.69,529.0,806.39,113.0,0.07,43.9
2015-11-04 11:00:00,11,11,17.72,406.0,727.55,104.0,0.83,43.9
2015-11-04 12:00:00,11,12,17.01,245.0,600.84,80.0,1.45,48.9
2015-11-04 13:00:00,11,13,15.27,67.0,288.43,37.0,1.59,58.35
2015-11-04 14:00:00,11,14,13.1,0.0,-0.0,0.0,1.52,67.05
2015-11-04 15:00:00,11,15,11.9,0.0,-0.0,0.0,0.9,69.35
2015-11-04 16:00:00,11,16,12.16,0.0,-0.0,0.0,0.55,66.85
2015-11-04 17:00:00,11,17,11.54,0.0,-0.0,0.0,0.83,69.25
2015-11-04 18:00:00,11,18,10.51,0.0,-0.0,0.0,0.9,71.7
2015-11-04 19:00:00,11,19,8.48,0.0,-0.0,0.0,1.17,76.85
2015-11-04 20:00:00,11,20,7.28,0.0,-0.0,0.0,1.17,82.65
2015-11-04 21:00:00,11,21,6.33,0.0,-0.0,0.0,1.1,82.55
2015-11-04 22:00:00,11,22,5.26,0.0,-0.0,0.0,1.17,85.6
2015-11-04 23:00:00,11,23,4.44,0.0,-0.0,0.0,1.17,88.8
2015-11-05 00:00:00,11,0,3.79,0.0,-0.0,0.0,1.17,88.75
2015-11-05 01:00:00,11,1,3.24,0.0,-0.0,0.0,1.17,88.7
2015-11-05 02:00:00,11,2,3.29,0.0,-0.0,0.0,1.1,88.7
2015-11-05 03:00:00,11,3,3.07,0.0,-0.0,0.0,1.1,88.65
2015-11-05 04:00:00,11,4,3.22,89.0,351.23,44.0,1.03,85.4
2015-11-05 05:00:00,11,5,7.0,260.0,577.16,90.0,0.55,82.6
2015-11-05 06:00:00,11,6,11.2,402.0,635.97,129.0,0.14,62.0
2015-11-05 07:00:00,11,7,13.28,497.0,636.59,164.0,0.62,60.05
2015-11-05 08:00:00,11,8,14.28,553.0,668.83,172.0,1.1,60.3
2015-11-05 09:00:00,11,9,15.0,562.0,724.7,152.0,1.45,60.4
2015-11-05 10:00:00,11,10,15.16,507.0,738.77,129.0,1.59,62.65
2015-11-05 11:00:00,11,11,15.05,403.0,732.24,102.0,1.66,62.65
2015-11-05 12:00:00,11,12,14.5,220.0,446.78,99.0,1.52,67.25
2015-11-05 13:00:00,11,13,13.39,67.0,328.36,34.0,1.17,74.75
2015-11-05 14:00:00,11,14,11.76,0.0,-0.0,0.0,0.97,80.2
2015-11-05 15:00:00,11,15,11.2,0.0,-0.0,0.0,0.21,80.15
2015-11-05 16:00:00,11,16,9.53,0.0,-0.0,0.0,0.83,89.15
2015-11-05 17:00:00,11,17,7.67,0.0,-0.0,0.0,1.24,89.05
2015-11-05 18:00:00,11,18,6.55,0.0,-0.0,0.0,1.38,92.3
2015-11-05 19:00:00,11,19,5.62,0.0,-0.0,0.0,1.45,95.75
2015-11-05 20:00:00,11,20,4.72,0.0,-0.0,0.0,1.45,95.75
2015-11-05 21:00:00,11,21,4.16,0.0,-0.0,0.0,1.31,95.75
2015-11-05 22:00:00,11,22,3.75,0.0,-0.0,0.0,1.31,95.7
2015-11-05 23:00:00,11,23,3.44,0.0,-0.0,0.0,1.38,95.7
2015-11-06 00:00:00,11,0,3.15,0.0,-0.0,0.0,1.38,92.15
2015-11-06 01:00:00,11,1,3.11,0.0,-0.0,0.0,1.38,92.15
2015-11-06 02:00:00,11,2,2.89,0.0,-0.0,0.0,1.38,92.15
2015-11-06 03:00:00,11,3,2.6,0.0,-0.0,0.0,1.38,88.65
2015-11-06 04:00:00,11,4,2.91,69.0,152.93,50.0,1.31,92.15
2015-11-06 05:00:00,11,5,7.25,249.0,533.65,94.0,0.83,82.65
2015-11-06 06:00:00,11,6,12.9,403.0,675.28,116.0,0.28,62.3
2015-11-06 07:00:00,11,7,15.08,515.0,747.94,127.0,0.34,52.15
2015-11-06 08:00:00,11,8,16.05,577.0,794.28,128.0,0.97,54.35
2015-11-06 09:00:00,11,9,16.6,575.0,803.27,124.0,1.52,56.5
2015-11-06 10:00:00,11,10,16.71,510.0,772.41,118.0,1.93,58.6
2015-11-06 11:00:00,11,11,16.41,391.0,702.51,105.0,2.28,60.75
2015-11-06 12:00:00,11,12,15.69,237.0,598.97,77.0,2.34,67.45
2015-11-06 13:00:00,11,13,14.37,34.0,0.0,34.0,1.72,72.3
2015-11-06 14:00:00,11,14,12.55,0.0,-0.0,0.0,1.59,80.3
2015-11-06 15:00:00,11,15,10.58,0.0,-0.0,0.0,1.17,92.5
2015-11-06 16:00:00,11,16,10.8,0.0,-0.0,0.0,0.83,86.1
2015-11-06 17:00:00,11,17,10.26,0.0,-0.0,0.0,0.9,86.05
2015-11-06 18:00:00,11,18,9.62,0.0,-0.0,0.0,0.9,92.45
2015-11-06 19:00:00,11,19,9.25,0.0,-0.0,0.0,0.83,92.45
2015-11-06 20:00:00,11,20,9.17,0.0,-0.0,0.0,0.69,95.85
2015-11-06 21:00:00,11,21,8.8,0.0,-0.0,0.0,0.55,95.85
2015-11-06 22:00:00,11,22,8.68,0.0,-0.0,0.0,0.34,95.85
2015-11-06 23:00:00,11,23,8.7,0.0,-0.0,0.0,0.21,95.85
2015-11-07 00:00:00,11,0,8.54,0.0,-0.0,0.0,0.28,99.4
2015-11-07 01:00:00,11,1,8.45,0.0,-0.0,0.0,0.34,99.4
2015-11-07 02:00:00,11,2,8.21,0.0,-0.0,0.0,0.48,95.85
2015-11-07 03:00:00,11,3,7.89,0.0,-0.0,0.0,0.55,99.4
2015-11-07 04:00:00,11,4,7.6,7.0,0.0,7.0,0.69,99.4
2015-11-07 05:00:00,11,5,8.03,43.0,0.0,43.0,0.62,99.4
2015-11-07 06:00:00,11,6,9.37,111.0,0.0,111.0,0.97,92.45
2015-11-07 07:00:00,11,7,10.26,172.0,1.94,171.0,1.38,89.25
2015-11-07 08:00:00,11,8,11.2,299.0,60.61,265.0,1.52,86.15
2015-11-07 09:00:00,11,9,11.72,214.0,7.18,210.0,1.79,80.2
2015-11-07 10:00:00,11,10,11.64,197.0,9.93,192.0,1.66,86.15
2015-11-07 11:00:00,11,11,11.29,93.0,0.0,93.0,1.79,86.15
2015-11-07 12:00:00,11,12,10.87,48.0,0.0,48.0,1.79,89.3
2015-11-07 13:00:00,11,13,10.57,18.0,0.0,18.0,1.52,92.5
2015-11-07 14:00:00,11,14,9.77,0.0,-0.0,0.0,1.38,95.9
2015-11-07 15:00:00,11,15,9.54,0.0,-0.0,0.0,1.17,99.4
2015-11-07 16:00:00,11,16,9.41,0.0,-0.0,0.0,1.1,99.4
2015-11-07 17:00:00,11,17,9.38,0.0,-0.0,0.0,0.83,99.4
2015-11-07 18:00:00,11,18,9.15,0.0,-0.0,0.0,0.76,99.4
2015-11-07 19:00:00,11,19,9.14,0.0,-0.0,0.0,0.97,99.4
2015-11-07 20:00:00,11,20,9.0,0.0,-0.0,0.0,0.83,99.4
2015-11-07 21:00:00,11,21,8.91,0.0,-0.0,0.0,0.69,99.4
2015-11-07 22:00:00,11,22,8.85,0.0,-0.0,0.0,0.48,99.4
2015-11-07 23:00:00,11,23,8.71,0.0,-0.0,0.0,0.48,95.85
2015-11-08 00:00:00,11,0,8.63,0.0,-0.0,0.0,0.48,99.4
2015-11-08 01:00:00,11,1,8.55,0.0,-0.0,0.0,0.55,99.4
2015-11-08 02:00:00,11,2,8.54,0.0,-0.0,0.0,0.55,99.4
2015-11-08 03:00:00,11,3,8.47,0.0,-0.0,0.0,0.55,99.4
2015-11-08 04:00:00,11,4,8.45,9.0,0.0,9.0,0.62,99.4
2015-11-08 05:00:00,11,5,8.71,43.0,0.0,43.0,0.76,95.85
2015-11-08 06:00:00,11,6,9.21,108.0,0.0,108.0,0.83,89.15
2015-11-08 07:00:00,11,7,10.03,206.0,11.76,200.0,0.76,86.0
2015-11-08 08:00:00,11,8,10.44,328.0,97.0,274.0,0.69,86.05
2015-11-08 09:00:00,11,9,10.98,236.0,16.27,227.0,0.83,83.05
2015-11-08 10:00:00,11,10,11.0,193.0,8.01,189.0,1.1,83.05
2015-11-08 11:00:00,11,11,10.9,127.0,2.5,126.0,1.31,83.05
2015-11-08 12:00:00,11,12,10.73,72.0,0.0,72.0,1.59,86.1
2015-11-08 13:00:00,11,13,10.32,23.0,0.0,23.0,1.31,89.25
2015-11-08 14:00:00,11,14,10.02,0.0,-0.0,0.0,1.1,92.5
2015-11-08 15:00:00,11,15,9.65,0.0,-0.0,0.0,0.97,95.85
2015-11-08 16:00:00,11,16,9.46,0.0,-0.0,0.0,0.76,95.85
2015-11-08 17:00:00,11,17,9.39,0.0,-0.0,0.0,0.55,95.85
2015-11-08 18:00:00,11,18,9.45,0.0,-0.0,0.0,0.34,95.85
2015-11-08 19:00:00,11,19,9.36,0.0,-0.0,0.0,0.48,95.85
2015-11-08 20:00:00,11,20,9.31,0.0,-0.0,0.0,0.34,95.85
2015-11-08 21:00:00,11,21,9.22,0.0,-0.0,0.0,0.41,95.85
2015-11-08 22:00:00,11,22,9.13,0.0,-0.0,0.0,0.55,99.4
2015-11-08 23:00:00,11,23,9.12,0.0,-0.0,0.0,0.62,99.4
2015-11-09 00:00:00,11,0,9.0,0.0,-0.0,0.0,0.48,99.4
2015-11-09 01:00:00,11,1,9.24,0.0,-0.0,0.0,0.34,95.85
2015-11-09 02:00:00,11,2,9.16,0.0,-0.0,0.0,0.62,99.4
2015-11-09 03:00:00,11,3,9.2,0.0,-0.0,0.0,0.55,95.85
2015-11-09 04:00:00,11,4,9.2,7.0,0.0,7.0,0.48,95.85
2015-11-09 05:00:00,11,5,9.51,28.0,0.0,28.0,0.41,95.85
2015-11-09 06:00:00,11,6,9.7,75.0,0.0,75.0,0.62,95.9
2015-11-09 07:00:00,11,7,9.91,125.0,0.0,125.0,0.48,92.5
2015-11-09 08:00:00,11,8,10.14,183.0,1.81,182.0,0.69,92.5
2015-11-09 09:00:00,11,9,10.31,301.0,71.05,262.0,1.17,89.25
2015-11-09 10:00:00,11,10,10.71,114.0,0.0,114.0,1.52,83.05
2015-11-09 11:00:00,11,11,10.68,201.0,58.12,178.0,1.66,86.05
2015-11-09 12:00:00,11,12,10.34,128.0,70.17,110.0,1.86,89.25
2015-11-09 13:00:00,11,13,9.98,11.0,0.0,11.0,1.52,92.5
2015-11-09 14:00:00,11,14,9.48,0.0,-0.0,0.0,0.9,95.85
2015-11-09 15:00:00,11,15,9.2,0.0,-0.0,0.0,0.21,95.85
2015-11-09 16:00:00,11,16,8.87,0.0,-0.0,0.0,0.14,95.85
2015-11-09 17:00:00,11,17,8.19,0.0,-0.0,0.0,0.83,95.85
2015-11-09 18:00:00,11,18,7.82,0.0,-0.0,0.0,1.1,95.8
2015-11-09 19:00:00,11,19,7.18,0.0,-0.0,0.0,0.69,95.8
2015-11-09 20:00:00,11,20,7.02,0.0,-0.0,0.0,0.69,99.4
2015-11-09 21:00:00,11,21,7.26,0.0,-0.0,0.0,0.69,95.8
2015-11-09 22:00:00,11,22,7.34,0.0,-0.0,0.0,0.83,92.35
2015-11-09 23:00:00,11,23,7.04,0.0,-0.0,0.0,0.97,95.8
2015-11-10 00:00:00,11,0,7.16,0.0,-0.0,0.0,0.97,92.35
2015-11-10 01:00:00,11,1,8.11,0.0,-0.0,0.0,0.83,92.4
2015-11-10 02:00:00,11,2,8.82,0.0,-0.0,0.0,0.62,85.95
2015-11-10 03:00:00,11,3,9.45,0.0,-0.0,0.0,0.34,82.9
2015-11-10 04:00:00,11,4,9.66,26.0,0.0,26.0,0.21,82.9
2015-11-10 05:00:00,11,5,9.65,69.0,0.0,69.0,0.28,82.9
2015-11-10 06:00:00,11,6,9.66,76.0,0.0,76.0,0.0,92.45
2015-11-10 07:00:00,11,7,10.57,146.0,0.0,146.0,0.21,77.15
2015-11-10 08:00:00,11,8,10.47,124.0,0.0,124.0,0.28,80.05
2015-11-10 09:00:00,11,9,10.24,224.0,12.85,217.0,0.28,80.05
2015-11-10 10:00:00,11,10,10.13,68.0,0.0,68.0,0.48,82.95
2015-11-10 11:00:00,11,11,9.95,106.0,0.0,106.0,0.48,82.95
2015-11-10 12:00:00,11,12,9.69,61.0,0.0,61.0,0.41,82.95
2015-11-10 13:00:00,11,13,9.42,17.0,0.0,17.0,0.55,85.95
2015-11-10 14:00:00,11,14,8.71,0.0,-0.0,0.0,0.76,89.1
2015-11-10 15:00:00,11,15,8.01,0.0,-0.0,0.0,0.9,92.4
2015-11-10 16:00:00,11,16,7.53,0.0,-0.0,0.0,1.1,92.35
2015-11-10 17:00:00,11,17,7.46,0.0,-0.0,0.0,1.03,92.35
2015-11-10 18:00:00,11,18,7.64,0.0,-0.0,0.0,0.9,89.0
2015-11-10 19:00:00,11,19,6.37,0.0,-0.0,0.0,1.1,95.8
2015-11-10 20:00:00,11,20,6.26,0.0,-0.0,0.0,1.17,95.8
2015-11-10 21:00:00,11,21,6.16,0.0,-0.0,0.0,1.17,95.8
2015-11-10 22:00:00,11,22,6.11,0.0,-0.0,0.0,1.24,95.75
2015-11-10 23:00:00,11,23,5.72,0.0,-0.0,0.0,1.38,92.3
2015-11-11 00:00:00,11,0,5.04,0.0,-0.0,0.0,1.52,99.4
2015-11-11 01:00:00,11,1,4.33,0.0,-0.0,0.0,1.59,99.4
2015-11-11 02:00:00,11,2,3.39,0.0,-0.0,0.0,1.66,95.7
2015-11-11 03:00:00,11,3,2.45,0.0,-0.0,0.0,1.72,92.15
2015-11-11 04:00:00,11,4,2.11,70.0,314.15,37.0,1.72,92.15
2015-11-11 05:00:00,11,5,4.84,239.0,588.36,80.0,1.45,92.25
2015-11-11 06:00:00,11,6,9.27,394.0,720.08,103.0,1.59,74.2
2015-11-11 07:00:00,11,7,12.07,503.0,775.77,117.0,1.86,62.1
2015-11-11 08:00:00,11,8,13.92,559.0,803.01,122.0,2.28,53.85
2015-11-11 09:00:00,11,9,15.24,555.0,800.58,122.0,3.03,48.55
2015-11-11 10:00:00,11,10,16.19,485.0,748.32,120.0,3.24,43.5
2015-11-11 11:00:00,11,11,16.82,299.0,324.31,173.0,3.31,37.65
2015-11-11 12:00:00,11,12,16.57,50.0,0.0,50.0,2.83,40.5
2015-11-11 13:00:00,11,13,15.23,21.0,0.0,21.0,2.48,43.25
2015-11-11 14:00:00,11,14,12.9,0.0,-0.0,0.0,1.72,51.75
2015-11-11 15:00:00,11,15,10.83,0.0,-0.0,0.0,1.38,57.4
2015-11-11 16:00:00,11,16,8.57,0.0,-0.0,0.0,1.38,66.15
2015-11-11 17:00:00,11,17,7.0,0.0,-0.0,0.0,1.59,73.8
2015-11-11 18:00:00,11,18,6.16,0.0,-0.0,0.0,1.72,73.7
2015-11-11 19:00:00,11,19,5.75,0.0,-0.0,0.0,2.34,70.85
2015-11-11 20:00:00,11,20,5.86,0.0,-0.0,0.0,1.93,73.65
2015-11-11 21:00:00,11,21,6.21,0.0,-0.0,0.0,1.72,70.95
2015-11-11 22:00:00,11,22,6.08,0.0,-0.0,0.0,1.52,73.65
2015-11-11 23:00:00,11,23,5.44,0.0,-0.0,0.0,1.59,76.4
2015-11-12 00:00:00,11,0,4.73,0.0,-0.0,0.0,1.66,79.3
2015-11-12 01:00:00,11,1,4.07,0.0,-0.0,0.0,1.66,85.45
2015-11-12 02:00:00,11,2,3.97,0.0,-0.0,0.0,1.59,82.25
2015-11-12 03:00:00,11,3,4.23,0.0,-0.0,0.0,1.45,79.2
2015-11-12 04:00:00,11,4,3.67,65.0,296.27,35.0,1.59,82.25
2015-11-12 05:00:00,11,5,6.18,227.0,537.05,84.0,1.38,82.55
2015-11-12 06:00:00,11,6,11.81,381.0,684.93,107.0,1.79,62.1
2015-11-12 07:00:00,11,7,15.17,485.0,731.58,124.0,1.86,54.1
2015-11-12 08:00:00,11,8,17.0,508.0,612.8,177.0,2.62,45.45
2015-11-12 09:00:00,11,9,18.21,456.0,428.36,226.0,3.38,40.9
2015-11-12 10:00:00,11,10,18.49,458.0,646.66,145.0,2.41,39.55
2015-11-12 11:00:00,11,11,16.89,334.0,511.63,137.0,1.52,50.75
2015-11-12 12:00:00,11,12,15.03,206.0,514.74,79.0,2.07,62.65
2015-11-12 13:00:00,11,13,13.15,27.0,0.0,27.0,2.07,72.1
2015-11-12 14:00:00,11,14,11.05,0.0,-0.0,0.0,2.14,83.05
2015-11-12 15:00:00,11,15,9.38,0.0,-0.0,0.0,1.66,89.15
2015-11-12 16:00:00,11,16,7.94,0.0,-0.0,0.0,0.83,95.8
2015-11-12 17:00:00,11,17,7.59,0.0,-0.0,0.0,0.76,99.4
2015-11-12 18:00:00,11,18,7.5,0.0,-0.0,0.0,0.55,95.8
2015-11-12 19:00:00,11,19,8.01,0.0,-0.0,0.0,0.21,92.4
2015-11-12 20:00:00,11,20,7.95,0.0,-0.0,0.0,0.28,92.4
2015-11-12 21:00:00,11,21,7.95,0.0,-0.0,0.0,0.28,89.05
2015-11-12 22:00:00,11,22,7.84,0.0,-0.0,0.0,0.55,85.85
2015-11-12 23:00:00,11,23,8.07,0.0,-0.0,0.0,0.62,85.85
2015-11-13 00:00:00,11,0,7.57,0.0,-0.0,0.0,0.83,85.8
2015-11-13 01:00:00,11,1,6.09,0.0,-0.0,0.0,1.1,92.3
2015-11-13 02:00:00,11,2,5.33,0.0,-0.0,0.0,1.24,92.25
2015-11-13 03:00:00,11,3,4.85,0.0,-0.0,0.0,1.31,95.75
2015-11-13 04:00:00,11,4,4.75,61.0,266.69,35.0,1.31,92.25
2015-11-13 05:00:00,11,5,7.15,224.0,541.31,82.0,0.9,89.0
2015-11-13 06:00:00,11,6,10.36,376.0,681.83,106.0,0.62,74.4
2015-11-13 07:00:00,11,7,12.35,483.0,737.66,122.0,0.41,62.2
2015-11-13 08:00:00,11,8,13.57,547.0,796.44,120.0,0.28,60.05
2015-11-13 09:00:00,11,9,14.56,476.0,514.01,202.0,0.34,58.1
2015-11-13 10:00:00,11,10,15.38,255.0,62.45,225.0,0.41,54.25
2015-11-13 11:00:00,11,11,15.68,167.0,26.2,157.0,0.9,56.25
2015-11-13 12:00:00,11,12,15.27,119.0,61.56,104.0,1.45,58.35
2015-11-13 13:00:00,11,13,13.77,27.0,0.0,27.0,1.45,67.15
2015-11-13 14:00:00,11,14,12.02,0.0,-0.0,0.0,1.17,74.6
2015-11-13 15:00:00,11,15,11.29,0.0,-0.0,0.0,0.28,74.55
2015-11-13 16:00:00,11,16,10.32,0.0,-0.0,0.0,0.69,80.05
2015-11-13 17:00:00,11,17,7.24,0.0,-0.0,0.0,1.45,89.0
2015-11-13 18:00:00,11,18,6.0,0.0,-0.0,0.0,1.59,92.3
2015-11-13 19:00:00,11,19,6.25,0.0,-0.0,0.0,1.31,88.95
2015-11-13 20:00:00,11,20,5.96,0.0,-0.0,0.0,1.45,88.9
2015-11-13 21:00:00,11,21,5.96,0.0,-0.0,0.0,1.31,85.65
2015-11-13 22:00:00,11,22,7.54,0.0,-0.0,0.0,0.83,79.65
2015-11-13 23:00:00,11,23,5.17,0.0,-0.0,0.0,1.72,88.85
2015-11-14 00:00:00,11,0,7.1,0.0,-0.0,0.0,0.62,85.75
2015-11-14 01:00:00,11,1,5.1,0.0,-0.0,0.0,1.52,92.25
2015-11-14 02:00:00,11,2,4.71,0.0,-0.0,0.0,1.38,88.85
2015-11-14 03:00:00,11,3,3.85,0.0,-0.0,0.0,1.31,92.15
2015-11-14 04:00:00,11,4,2.75,58.0,266.66,33.0,1.38,95.7
2015-11-14 05:00:00,11,5,5.55,224.0,557.25,80.0,1.03,95.75
2015-11-14 06:00:00,11,6,10.32,377.0,701.56,102.0,0.83,77.15
2015-11-14 07:00:00,11,7,12.9,485.0,756.13,118.0,0.76,62.3
2015-11-14 08:00:00,11,8,14.32,542.0,785.43,124.0,0.62,52.0
2015-11-14 09:00:00,11,9,15.29,538.0,782.21,124.0,0.76,46.75
2015-11-14 10:00:00,11,10,15.79,475.0,750.84,117.0,0.83,41.9
2015-11-14 11:00:00,11,11,15.96,359.0,679.24,102.0,0.28,38.85
2015-11-14 12:00:00,11,12,15.5,202.0,519.41,77.0,1.24,43.4
2015-11-14 13:00:00,11,13,13.72,26.0,0.0,26.0,1.93,53.85
2015-11-14 14:00:00,11,14,11.37,0.0,-0.0,0.0,1.79,64.35
2015-11-14 15:00:00,11,15,8.88,0.0,-0.0,0.0,1.45,82.85
2015-11-14 16:00:00,11,16,7.43,0.0,-0.0,0.0,1.52,85.8
2015-11-14 17:00:00,11,17,6.6,0.0,-0.0,0.0,1.45,88.95
2015-11-14 18:00:00,11,18,7.48,0.0,-0.0,0.0,1.03,85.8
2015-11-14 19:00:00,11,19,7.89,0.0,-0.0,0.0,0.69,85.85
2015-11-14 20:00:00,11,20,7.77,0.0,-0.0,0.0,0.48,85.85
2015-11-14 21:00:00,11,21,7.58,0.0,-0.0,0.0,0.55,92.35
2015-11-14 22:00:00,11,22,7.36,0.0,-0.0,0.0,0.48,92.35
2015-11-14 23:00:00,11,23,7.09,0.0,-0.0,0.0,0.21,95.8
2015-11-15 00:00:00,11,0,6.83,0.0,-0.0,0.0,0.07,92.35
2015-11-15 01:00:00,11,1,5.92,0.0,-0.0,0.0,0.28,92.3
2015-11-15 02:00:00,11,2,5.69,0.0,-0.0,0.0,0.34,92.3
2015-11-15 03:00:00,11,3,5.52,0.0,-0.0,0.0,0.34,95.75
2015-11-15 04:00:00,11,4,5.25,0.0,0.0,0.0,0.07,92.25
2015-11-15 05:00:00,11,5,5.8,0.0,0.0,0.0,0.21,92.3
2015-11-15 06:00:00,11,6,7.69,256.0,175.25,188.0,0.69,79.7
2015-11-15 07:00:00,11,7,9.62,442.0,560.87,172.0,0.48,77.0
2015-11-15 08:00:00,11,8,10.87,542.0,794.99,122.0,0.62,71.75
2015-11-15 09:00:00,11,9,11.92,536.0,782.04,125.0,0.97,69.35
2015-11-15 10:00:00,11,10,12.54,476.0,760.6,116.0,1.45,66.95
2015-11-15 11:00:00,11,11,12.51,360.0,690.38,101.0,1.79,69.45
2015-11-15 12:00:00,11,12,11.79,204.0,546.75,74.0,1.79,71.95
2015-11-15 13:00:00,11,13,10.58,25.0,0.0,25.0,1.1,80.05
2015-11-15 14:00:00,11,14,9.15,0.0,-0.0,0.0,0.76,89.1
2015-11-15 15:00:00,11,15,7.99,0.0,-0.0,0.0,0.62,92.4
2015-11-15 16:00:00,11,16,6.7,0.0,-0.0,0.0,0.83,95.8
2015-11-15 17:00:00,11,17,5.78,0.0,-0.0,0.0,0.97,95.75
2015-11-15 18:00:00,11,18,5.13,0.0,-0.0,0.0,1.03,99.4
2015-11-15 19:00:00,11,19,4.1,0.0,-0.0,0.0,1.17,99.4
2015-11-15 20:00:00,11,20,2.97,0.0,-0.0,0.0,1.24,99.4
2015-11-15 21:00:00,11,21,2.19,0.0,-0.0,0.0,1.31,92.15
2015-11-15 22:00:00,11,22,1.75,0.0,-0.0,0.0,1.38,92.1
2015-11-15 23:00:00,11,23,1.28,0.0,-0.0,0.0,1.45,92.05
2015-11-16 00:00:00,11,0,0.87,0.0,-0.0,0.0,1.45,92.05
2015-11-16 01:00:00,11,1,0.78,0.0,-0.0,0.0,1.31,88.55
2015-11-16 02:00:00,11,2,0.94,0.0,-0.0,0.0,1.17,85.2
2015-11-16 03:00:00,11,3,2.06,0.0,-0.0,0.0,0.9,82.05
2015-11-16 04:00:00,11,4,3.85,49.0,196.87,32.0,0.62,79.15
2015-11-16 05:00:00,11,5,5.73,215.0,546.5,78.0,0.69,76.5
2015-11-16 06:00:00,11,6,8.73,362.0,663.9,107.0,0.69,71.4
2015-11-16 07:00:00,11,7,10.76,475.0,749.76,117.0,0.83,59.6
2015-11-16 08:00:00,11,8,11.74,526.0,756.93,129.0,1.38,55.5
2015-11-16 09:00:00,11,9,12.25,514.0,714.69,141.0,1.79,53.6
2015-11-16 10:00:00,11,10,12.47,466.0,742.7,117.0,1.93,53.6
2015-11-16 11:00:00,11,11,12.3,349.0,661.22,103.0,2.07,55.65
2015-11-16 12:00:00,11,12,11.74,206.0,583.04,69.0,2.14,57.65
2015-11-16 13:00:00,11,13,10.47,22.0,0.0,22.0,1.66,66.55
2015-11-16 14:00:00,11,14,8.72,0.0,-0.0,0.0,1.59,74.15
2015-11-16 15:00:00,11,15,7.02,0.0,-0.0,0.0,1.17,85.75
2015-11-16 16:00:00,11,16,6.09,0.0,-0.0,0.0,0.9,92.3
2015-11-16 17:00:00,11,17,6.05,0.0,-0.0,0.0,0.62,92.3
2015-11-16 18:00:00,11,18,5.8,0.0,-0.0,0.0,0.55,92.3
2015-11-16 19:00:00,11,19,5.95,0.0,-0.0,0.0,0.62,92.3
2015-11-16 20:00:00,11,20,5.31,0.0,-0.0,0.0,0.76,95.75
2015-11-16 21:00:00,11,21,4.69,0.0,-0.0,0.0,0.97,95.75
2015-11-16 22:00:00,11,22,4.47,0.0,-0.0,0.0,1.03,99.4
2015-11-16 23:00:00,11,23,4.43,0.0,-0.0,0.0,0.97,99.4
2015-11-17 00:00:00,11,0,4.45,0.0,-0.0,0.0,0.9,99.4
2015-11-17 01:00:00,11,1,4.66,0.0,-0.0,0.0,0.9,95.75
2015-11-17 02:00:00,11,2,4.93,0.0,-0.0,0.0,0.97,99.4
2015-11-17 03:00:00,11,3,5.04,0.0,-0.0,0.0,1.03,99.4
2015-11-17 04:00:00,11,4,5.29,16.0,0.0,16.0,1.03,95.75
2015-11-17 05:00:00,11,5,6.95,18.0,0.0,18.0,0.97,89.0
2015-11-17 06:00:00,11,6,9.0,71.0,0.0,71.0,0.9,82.85
2015-11-17 07:00:00,11,7,11.91,428.0,567.96,159.0,0.48,74.6
2015-11-17 08:00:00,11,8,12.84,493.0,652.93,153.0,1.24,67.05
2015-11-17 09:00:00,11,9,12.85,192.0,5.79,189.0,2.07,67.05
2015-11-17 10:00:00,11,10,12.41,73.0,0.0,73.0,2.34,66.95
2015-11-17 11:00:00,11,11,12.01,72.0,0.0,72.0,2.0,62.1
2015-11-17 12:00:00,11,12,11.7,125.0,103.32,101.0,2.28,62.0
2015-11-17 13:00:00,11,13,10.85,7.0,0.0,7.0,1.79,64.25
2015-11-17 14:00:00,11,14,9.97,0.0,-0.0,0.0,1.24,66.45
2015-11-17 15:00:00,11,15,8.66,0.0,-0.0,0.0,0.97,76.85
2015-11-17 16:00:00,11,16,9.34,0.0,-0.0,0.0,0.34,63.9
2015-11-17 17:00:00,11,17,8.73,0.0,-0.0,0.0,0.55,66.25
2015-11-17 18:00:00,11,18,7.97,0.0,-0.0,0.0,0.97,76.8
2015-11-17 19:00:00,11,19,7.57,0.0,-0.0,0.0,0.97,79.65
2015-11-17 20:00:00,11,20,7.05,0.0,-0.0,0.0,0.9,85.75
2015-11-17 21:00:00,11,21,6.43,0.0,-0.0,0.0,0.9,88.95
2015-11-17 22:00:00,11,22,6.31,0.0,-0.0,0.0,0.83,88.95
2015-11-17 23:00:00,11,23,6.22,0.0,-0.0,0.0,0.97,88.95
2015-11-18 00:00:00,11,0,6.15,0.0,-0.0,0.0,0.55,82.55
2015-11-18 01:00:00,11,1,5.93,0.0,-0.0,0.0,0.76,88.9
2015-11-18 02:00:00,11,2,5.54,0.0,-0.0,0.0,1.24,92.25
2015-11-18 03:00:00,11,3,5.15,0.0,-0.0,0.0,1.31,92.25
2015-11-18 04:00:00,11,4,5.08,27.0,25.29,25.0,1.31,92.25
2015-11-18 05:00:00,11,5,5.51,37.0,0.0,37.0,1.17,88.85
2015-11-18 06:00:00,11,6,5.42,146.0,10.63,142.0,0.97,82.4
2015-11-18 07:00:00,11,7,5.12,113.0,0.0,113.0,0.48,85.55
2015-11-18 08:00:00,11,8,5.25,136.0,0.0,136.0,0.34,85.6
2015-11-18 09:00:00,11,9,5.51,127.0,0.0,127.0,0.69,88.85
2015-11-18 10:00:00,11,10,5.61,173.0,6.47,170.0,1.03,88.85
2015-11-18 11:00:00,11,11,5.7,113.0,2.73,112.0,1.24,85.65
2015-11-18 12:00:00,11,12,5.58,68.0,4.35,67.0,1.31,92.25
2015-11-18 13:00:00,11,13,5.29,11.0,0.0,11.0,1.24,92.25
2015-11-18 14:00:00,11,14,4.94,0.0,-0.0,0.0,0.83,99.4
2015-11-18 15:00:00,11,15,4.76,0.0,-0.0,0.0,0.69,95.75
2015-11-18 16:00:00,11,16,4.59,0.0,-0.0,0.0,0.69,99.4
2015-11-18 17:00:00,11,17,4.43,0.0,-0.0,0.0,0.76,99.4
2015-11-18 18:00:00,11,18,4.25,0.0,-0.0,0.0,0.76,99.4
2015-11-18 19:00:00,11,19,3.77,0.0,-0.0,0.0,0.83,99.4
2015-11-18 20:00:00,11,20,3.81,0.0,-0.0,0.0,0.76,99.4
2015-11-18 21:00:00,11,21,3.81,0.0,-0.0,0.0,0.69,99.4
2015-11-18 22:00:00,11,22,3.69,0.0,-0.0,0.0,0.69,99.4
2015-11-18 23:00:00,11,23,3.6,0.0,-0.0,0.0,0.62,100.0
2015-11-19 00:00:00,11,0,3.31,0.0,-0.0,0.0,0.69,99.4
2015-11-19 01:00:00,11,1,3.16,0.0,-0.0,0.0,0.55,99.4
2015-11-19 02:00:00,11,2,2.8,0.0,-0.0,0.0,0.76,99.4
2015-11-19 03:00:00,11,3,2.56,0.0,-0.0,0.0,0.76,99.4
2015-11-19 04:00:00,11,4,2.61,4.0,0.0,4.0,0.76,99.4
2015-11-19 05:00:00,11,5,3.43,81.0,8.35,79.0,0.41,99.4
2015-11-19 06:00:00,11,6,4.63,167.0,29.52,156.0,0.48,92.25
2015-11-19 07:00:00,11,7,6.01,206.0,21.46,196.0,0.83,85.65
2015-11-19 08:00:00,11,8,7.0,223.0,17.53,214.0,0.9,79.55
2015-11-19 09:00:00,11,9,7.72,294.0,84.08,251.0,1.03,73.95
2015-11-19 10:00:00,11,10,8.24,301.0,158.62,228.0,1.17,71.35
2015-11-19 11:00:00,11,11,8.2,250.0,214.72,172.0,1.31,71.35
2015-11-19 12:00:00,11,12,8.06,127.0,118.84,100.0,1.72,76.8
2015-11-19 13:00:00,11,13,7.38,20.0,0.0,20.0,1.66,79.65
2015-11-19 14:00:00,11,14,6.34,0.0,-0.0,0.0,1.24,85.7
2015-11-19 15:00:00,11,15,5.26,0.0,-0.0,0.0,0.83,95.75
2015-11-19 16:00:00,11,16,5.37,0.0,-0.0,0.0,0.21,92.25
2015-11-19 17:00:00,11,17,5.15,0.0,-0.0,0.0,0.41,92.25
2015-11-19 18:00:00,11,18,5.02,0.0,-0.0,0.0,0.55,95.75
2015-11-19 19:00:00,11,19,4.08,0.0,-0.0,0.0,0.9,92.15
2015-11-19 20:00:00,11,20,3.1,0.0,-0.0,0.0,1.1,92.15
2015-11-19 21:00:00,11,21,2.27,0.0,-0.0,0.0,1.17,88.65
2015-11-19 22:00:00,11,22,1.66,0.0,-0.0,0.0,1.17,88.65
2015-11-19 23:00:00,11,23,1.05,0.0,-0.0,0.0,1.17,92.05
2015-11-20 00:00:00,11,0,0.88,0.0,-0.0,0.0,1.17,88.55
2015-11-20 01:00:00,11,1,1.21,0.0,-0.0,0.0,1.1,88.6
2015-11-20 02:00:00,11,2,1.04,0.0,-0.0,0.0,1.17,88.55
2015-11-20 03:00:00,11,3,0.59,0.0,-0.0,0.0,1.24,92.0
2015-11-20 04:00:00,11,4,0.4,20.0,13.9,19.0,1.31,88.5
2015-11-20 05:00:00,11,5,2.69,142.0,152.73,106.0,1.1,88.65
2015-11-20 06:00:00,11,6,8.14,321.0,509.63,133.0,0.9,76.8
2015-11-20 07:00:00,11,7,11.36,456.0,730.95,118.0,0.55,59.7
2015-11-20 08:00:00,11,8,12.79,510.0,751.13,127.0,0.34,51.75
2015-11-20 09:00:00,11,9,13.61,513.0,769.53,122.0,0.34,53.7
2015-11-20 10:00:00,11,10,14.03,452.0,737.17,115.0,0.83,51.9
2015-11-20 11:00:00,11,11,13.89,337.0,654.61,101.0,1.31,53.85
2015-11-20 12:00:00,11,12,13.19,187.0,516.03,71.0,1.59,57.9
2015-11-20 13:00:00,11,13,11.73,20.0,0.0,20.0,1.52,66.85
2015-11-20 14:00:00,11,14,9.7,0.0,-0.0,0.0,1.24,79.95
2015-11-20 15:00:00,11,15,9.82,0.0,-0.0,0.0,0.48,74.3
2015-11-20 16:00:00,11,16,9.28,0.0,-0.0,0.0,0.48,77.0
2015-11-20 17:00:00,11,17,7.9,0.0,-0.0,0.0,1.03,79.7
2015-11-20 18:00:00,11,18,4.8,0.0,-0.0,0.0,1.38,92.25
2015-11-20 19:00:00,11,19,2.4,0.0,-0.0,0.0,1.52,92.15
2015-11-20 20:00:00,11,20,1.58,0.0,-0.0,0.0,1.52,92.05
2015-11-20 21:00:00,11,21,1.18,0.0,-0.0,0.0,1.59,88.6
2015-11-20 22:00:00,11,22,0.97,0.0,-0.0,0.0,1.66,88.55
2015-11-20 23:00:00,11,23,0.82,0.0,-0.0,0.0,1.66,85.2
2015-11-21 00:00:00,11,0,0.78,0.0,-0.0,0.0,1.72,85.2
2015-11-21 01:00:00,11,1,0.71,0.0,-0.0,0.0,1.72,81.95
2015-11-21 02:00:00,11,2,0.6,0.0,-0.0,0.0,1.79,78.8
2015-11-21 03:00:00,11,3,0.45,0.0,-0.0,0.0,1.79,78.75
2015-11-21 04:00:00,11,4,0.24,34.0,146.18,24.0,1.86,78.75
2015-11-21 05:00:00,11,5,2.57,193.0,491.23,79.0,1.72,79.0
2015-11-21 06:00:00,11,6,8.27,347.0,668.08,103.0,1.38,66.15
2015-11-21 07:00:00,11,7,12.13,453.0,723.62,121.0,1.24,55.5
2015-11-21 08:00:00,11,8,14.42,510.0,752.32,129.0,1.17,50.1
2015-11-21 09:00:00,11,9,15.84,502.0,722.98,137.0,0.9,45.15
2015-11-21 10:00:00,11,10,16.69,447.0,719.96,120.0,0.76,45.3
2015-11-21 11:00:00,11,11,17.0,334.0,637.08,106.0,0.41,43.8
2015-11-21 12:00:00,11,12,16.52,185.0,507.86,72.0,0.55,50.6
2015-11-21 13:00:00,11,13,14.49,19.0,0.0,19.0,1.1,69.75
2015-11-21 14:00:00,11,14,13.78,0.0,-0.0,0.0,0.41,60.2
2015-11-21 15:00:00,11,15,12.77,0.0,-0.0,0.0,0.76,60.05
2015-11-21 16:00:00,11,16,9.84,0.0,-0.0,0.0,1.31,69.0
2015-11-21 17:00:00,11,17,5.71,0.0,-0.0,0.0,1.45,82.5
2015-11-21 18:00:00,11,18,3.35,0.0,-0.0,0.0,1.52,92.15
2015-11-21 19:00:00,11,19,2.86,0.0,-0.0,0.0,1.86,88.65
2015-11-21 20:00:00,11,20,2.39,0.0,-0.0,0.0,1.93,85.35
2015-11-21 21:00:00,11,21,2.03,0.0,-0.0,0.0,2.0,85.3
2015-11-21 22:00:00,11,22,1.74,0.0,-0.0,0.0,2.0,82.05
2015-11-21 23:00:00,11,23,1.55,0.0,-0.0,0.0,2.0,82.0
2015-11-22 00:00:00,11,0,1.45,0.0,-0.0,0.0,1.86,75.85
2015-11-22 01:00:00,11,1,1.33,0.0,-0.0,0.0,1.79,72.95
2015-11-22 02:00:00,11,2,1.03,0.0,-0.0,0.0,1.86,75.75
2015-11-22 03:00:00,11,3,0.77,0.0,-0.0,0.0,1.86,72.85
2015-11-22 04:00:00,11,4,0.62,34.0,184.8,22.0,1.86,72.85
2015-11-22 05:00:00,11,5,2.87,192.0,494.57,79.0,1.72,79.0
2015-11-22 06:00:00,11,6,8.76,347.0,674.75,103.0,1.38,66.25
2015-11-22 07:00:00,11,7,13.22,454.0,724.85,124.0,1.52,55.75
2015-11-22 08:00:00,11,8,15.85,511.0,753.41,132.0,1.31,46.9
2015-11-22 09:00:00,11,9,17.42,509.0,753.44,131.0,0.83,42.3
2015-11-22 10:00:00,11,10,18.16,446.0,709.02,126.0,0.21,40.9
2015-11-22 11:00:00,11,11,18.22,333.0,630.37,109.0,0.48,44.05
2015-11-22 12:00:00,11,12,17.33,183.0,485.67,76.0,1.03,52.75
2015-11-22 13:00:00,11,13,15.36,18.0,0.0,18.0,1.24,67.45
2015-11-22 14:00:00,11,14,14.43,0.0,-0.0,0.0,0.69,62.55
2015-11-22 15:00:00,11,15,13.65,0.0,-0.0,0.0,0.41,67.05
2015-11-22 16:00:00,11,16,12.56,0.0,-0.0,0.0,1.03,64.55
2015-11-22 17:00:00,11,17,8.32,0.0,-0.0,0.0,1.52,76.85
2015-11-22 18:00:00,11,18,4.73,0.0,-0.0,0.0,1.66,88.85
2015-11-22 19:00:00,11,19,3.09,0.0,-0.0,0.0,1.72,95.7
2015-11-22 20:00:00,11,20,2.72,0.0,-0.0,0.0,1.79,88.65
2015-11-22 21:00:00,11,21,2.3,0.0,-0.0,0.0,1.86,82.15
2015-11-22 22:00:00,11,22,1.97,0.0,-0.0,0.0,1.86,82.05
2015-11-22 23:00:00,11,23,1.66,0.0,-0.0,0.0,1.86,75.95
2015-11-23 00:00:00,11,0,1.37,0.0,-0.0,0.0,1.86,75.85
2015-11-23 01:00:00,11,1,1.0,0.0,-0.0,0.0,1.93,75.75
2015-11-23 02:00:00,11,2,0.69,0.0,-0.0,0.0,1.93,72.85
2015-11-23 03:00:00,11,3,0.46,0.0,-0.0,0.0,1.93,72.75
2015-11-23 04:00:00,11,4,0.3,29.0,113.81,22.0,1.86,72.75
2015-11-23 05:00:00,11,5,2.73,186.0,466.78,81.0,1.66,76.0
2015-11-23 06:00:00,11,6,9.05,335.0,622.79,112.0,1.17,68.8
2015-11-23 07:00:00,11,7,13.69,445.0,697.22,130.0,1.03,55.75
2015-11-23 08:00:00,11,8,16.18,508.0,752.39,132.0,0.62,46.9
2015-11-23 09:00:00,11,9,17.48,506.0,752.06,131.0,0.21,40.75
2015-11-23 10:00:00,11,10,17.92,446.0,722.32,122.0,0.83,39.4
2015-11-23 11:00:00,11,11,17.56,330.0,629.05,108.0,1.38,43.9
2015-11-23 12:00:00,11,12,16.41,184.0,513.22,72.0,1.38,54.45
2015-11-23 13:00:00,11,13,14.43,18.0,0.0,18.0,1.45,64.85
2015-11-23 14:00:00,11,14,12.65,0.0,-0.0,0.0,0.76,72.05
2015-11-23 15:00:00,11,15,12.24,0.0,-0.0,0.0,0.14,66.95
2015-11-23 16:00:00,11,16,11.32,0.0,-0.0,0.0,0.76,69.25
2015-11-23 17:00:00,11,17,9.36,0.0,-0.0,0.0,1.17,74.2
2015-11-23 18:00:00,11,18,6.48,0.0,-0.0,0.0,1.38,85.7
2015-11-23 19:00:00,11,19,4.12,0.0,-0.0,0.0,1.52,92.15
2015-11-23 20:00:00,11,20,2.87,0.0,-0.0,0.0,1.45,92.15
2015-11-23 21:00:00,11,21,2.27,0.0,-0.0,0.0,1.38,85.35
2015-11-23 22:00:00,11,22,1.84,0.0,-0.0,0.0,1.38,85.3
2015-11-23 23:00:00,11,23,1.5,0.0,-0.0,0.0,1.38,85.25
2015-11-24 00:00:00,11,0,1.01,0.0,-0.0,0.0,1.38,81.95
2015-11-24 01:00:00,11,1,0.54,0.0,-0.0,0.0,1.45,81.9
2015-11-24 02:00:00,11,2,0.12,0.0,-0.0,0.0,1.52,78.75
2015-11-24 03:00:00,11,3,0.1,0.0,-0.0,0.0,1.52,78.75
2015-11-24 04:00:00,11,4,0.13,25.0,103.24,19.0,1.52,75.7
2015-11-24 05:00:00,11,5,2.9,178.0,428.96,83.0,1.24,79.0
2015-11-24 06:00:00,11,6,8.55,332.0,620.45,112.0,0.76,76.85
2015-11-24 07:00:00,11,7,13.38,444.0,709.19,126.0,0.41,55.75
2015-11-24 08:00:00,11,8,15.53,501.0,737.14,135.0,0.34,43.4
2015-11-24 09:00:00,11,9,16.4,503.0,750.52,131.0,0.69,39.0
2015-11-24 10:00:00,11,10,16.69,441.0,706.47,126.0,1.03,40.5
2015-11-24 11:00:00,11,11,16.46,326.0,616.12,110.0,1.31,43.65
2015-11-24 12:00:00,11,12,15.51,179.0,480.92,75.0,1.24,52.25
2015-11-24 13:00:00,11,13,13.77,17.0,0.0,17.0,1.31,62.45
2015-11-24 14:00:00,11,14,12.57,0.0,-0.0,0.0,0.69,62.2
2015-11-24 15:00:00,11,15,11.76,0.0,-0.0,0.0,0.41,64.45
2015-11-24 16:00:00,11,16,10.71,0.0,-0.0,0.0,0.97,66.65
2015-11-24 17:00:00,11,17,7.87,0.0,-0.0,0.0,1.24,79.7
2015-11-24 18:00:00,11,18,5.79,0.0,-0.0,0.0,1.45,82.5
2015-11-24 19:00:00,11,19,3.13,0.0,-0.0,0.0,1.45,88.7
2015-11-24 20:00:00,11,20,2.15,0.0,-0.0,0.0,1.38,88.65
2015-11-24 21:00:00,11,21,1.61,0.0,-0.0,0.0,1.38,85.3
2015-11-24 22:00:00,11,22,1.18,0.0,-0.0,0.0,1.38,85.25
2015-11-24 23:00:00,11,23,0.84,0.0,-0.0,0.0,1.38,85.2
2015-11-25 00:00:00,11,0,0.52,0.0,-0.0,0.0,1.38,85.15
2015-11-25 01:00:00,11,1,0.23,0.0,-0.0,0.0,1.45,81.9
2015-11-25 02:00:00,11,2,-0.14,0.0,-0.0,0.0,1.52,81.8
2015-11-25 03:00:00,11,3,-0.32,0.0,-0.0,0.0,1.59,78.65
2015-11-25 04:00:00,11,4,-0.26,10.0,0.0,10.0,1.66,78.65
2015-11-25 05:00:00,11,5,1.96,120.0,100.9,98.0,1.45,78.95
2015-11-25 06:00:00,11,6,7.77,272.0,316.09,161.0,1.1,73.95
2015-11-25 07:00:00,11,7,12.09,390.0,462.85,184.0,1.1,59.85
2015-11-25 08:00:00,11,8,14.88,494.0,711.43,143.0,0.9,50.25
2015-11-25 09:00:00,11,9,16.62,496.0,724.47,139.0,0.55,45.3
2015-11-25 10:00:00,11,10,17.5,377.0,415.06,193.0,0.28,43.9
2015-11-25 11:00:00,11,11,17.69,329.0,640.16,106.0,0.41,45.55
2015-11-25 12:00:00,11,12,16.93,80.0,13.99,77.0,0.83,56.6
2015-11-25 13:00:00,11,13,15.19,3.0,0.0,3.0,0.69,72.4
2015-11-25 14:00:00,11,14,14.73,0.0,-0.0,0.0,0.69,62.55
2015-11-25 15:00:00,11,15,10.96,0.0,-0.0,0.0,1.45,71.75
2015-11-25 16:00:00,11,16,7.27,0.0,-0.0,0.0,1.79,82.65
2015-11-25 17:00:00,11,17,5.68,0.0,-0.0,0.0,1.93,88.9
2015-11-25 18:00:00,11,18,5.03,0.0,-0.0,0.0,2.07,88.85
2015-11-25 19:00:00,11,19,5.12,0.0,-0.0,0.0,2.41,73.45
2015-11-25 20:00:00,11,20,4.72,0.0,-0.0,0.0,2.41,68.0
2015-11-25 21:00:00,11,21,3.95,0.0,-0.0,0.0,2.34,67.8
2015-11-25 22:00:00,11,22,3.33,0.0,-0.0,0.0,2.34,65.1
2015-11-25 23:00:00,11,23,2.88,0.0,-0.0,0.0,2.41,65.0
2015-11-26 00:00:00,11,0,2.62,0.0,-0.0,0.0,2.41,62.5
2015-11-26 01:00:00,11,1,2.8,0.0,-0.0,0.0,2.34,65.0
2015-11-26 02:00:00,11,2,3.08,0.0,-0.0,0.0,2.34,65.0
2015-11-26 03:00:00,11,3,3.47,0.0,-0.0,0.0,2.48,62.6
2015-11-26 04:00:00,11,4,3.93,4.0,0.0,4.0,2.62,65.2
2015-11-26 05:00:00,11,5,5.68,45.0,0.0,45.0,2.48,65.65
2015-11-26 06:00:00,11,6,9.46,119.0,2.88,118.0,2.21,66.35
2015-11-26 07:00:00,11,7,13.96,288.0,151.64,221.0,2.14,53.85
2015-11-26 08:00:00,11,8,16.81,371.0,265.13,241.0,2.14,50.75
2015-11-26 09:00:00,11,9,18.2,391.0,324.5,232.0,2.0,51.0
2015-11-26 10:00:00,11,10,18.98,351.0,333.46,204.0,1.86,51.25
2015-11-26 11:00:00,11,11,18.87,53.0,0.0,53.0,1.72,55.05
2015-11-26 12:00:00,11,12,18.0,118.0,112.88,94.0,1.93,56.85
2015-11-26 13:00:00,11,13,15.97,13.0,0.0,13.0,2.41,58.45
2015-11-26 14:00:00,11,14,13.71,0.0,-0.0,0.0,2.55,57.9
2015-11-26 15:00:00,11,15,12.7,0.0,-0.0,0.0,2.41,55.65
2015-11-26 16:00:00,11,16,11.75,0.0,-0.0,0.0,2.41,53.5
2015-11-26 17:00:00,11,17,10.42,0.0,-0.0,0.0,2.55,55.15
2015-11-26 18:00:00,11,18,9.27,0.0,-0.0,0.0,2.62,54.9
2015-11-26 19:00:00,11,19,8.04,0.0,-0.0,0.0,2.62,58.9
2015-11-26 20:00:00,11,20,7.37,0.0,-0.0,0.0,2.55,58.8
2015-11-26 21:00:00,11,21,6.97,0.0,-0.0,0.0,2.48,61.0
2015-11-26 22:00:00,11,22,6.31,0.0,-0.0,0.0,2.48,60.85
2015-11-26 23:00:00,11,23,5.72,0.0,-0.0,0.0,2.48,60.75
2015-11-27 00:00:00,11,0,5.39,0.0,-0.0,0.0,2.48,63.05
2015-11-27 01:00:00,11,1,5.17,0.0,-0.0,0.0,2.55,63.05
2015-11-27 02:00:00,11,2,4.92,0.0,-0.0,0.0,2.62,65.4
2015-11-27 03:00:00,11,3,4.94,0.0,-0.0,0.0,2.76,65.4
2015-11-27 04:00:00,11,4,4.97,16.0,41.46,14.0,2.76,68.0
2015-11-27 05:00:00,11,5,6.68,162.0,392.69,79.0,2.69,65.85
2015-11-27 06:00:00,11,6,11.02,307.0,563.1,113.0,2.41,64.25
2015-11-27 07:00:00,11,7,15.19,414.0,640.59,133.0,2.55,54.1
2015-11-27 08:00:00,11,8,17.83,466.0,656.61,146.0,2.55,45.7
2015-11-27 09:00:00,11,9,19.28,417.0,443.27,201.0,2.62,41.3
2015-11-27 10:00:00,11,10,20.01,413.0,640.88,132.0,2.97,38.5
2015-11-27 11:00:00,11,11,20.05,305.0,560.7,112.0,2.69,39.95
2015-11-27 12:00:00,11,12,19.33,167.0,440.86,74.0,2.28,42.85
2015-11-27 13:00:00,11,13,17.22,14.0,0.0,14.0,2.34,47.15
2015-11-27 14:00:00,11,14,14.33,0.0,-0.0,0.0,2.41,52.0
2015-11-27 15:00:00,11,15,11.77,0.0,-0.0,0.0,2.28,59.85
2015-11-27 16:00:00,11,16,9.97,0.0,-0.0,0.0,2.14,66.45
2015-11-27 17:00:00,11,17,8.8,0.0,-0.0,0.0,1.86,68.8
2015-11-27 18:00:00,11,18,7.7,0.0,-0.0,0.0,1.79,73.95
2015-11-27 19:00:00,11,19,7.06,0.0,-0.0,0.0,1.79,76.65
2015-11-27 20:00:00,11,20,6.54,0.0,-0.0,0.0,1.72,79.5
2015-11-27 21:00:00,11,21,5.99,0.0,-0.0,0.0,1.72,79.4
2015-11-27 22:00:00,11,22,5.71,0.0,-0.0,0.0,1.66,76.5
2015-11-27 23:00:00,11,23,5.42,0.0,-0.0,0.0,1.59,79.35
2015-11-28 00:00:00,11,0,5.39,0.0,-0.0,0.0,1.45,76.4
2015-11-28 01:00:00,11,1,5.04,0.0,-0.0,0.0,1.31,76.3
2015-11-28 02:00:00,11,2,5.63,0.0,-0.0,0.0,1.1,73.55
2015-11-28 03:00:00,11,3,6.1,0.0,-0.0,0.0,0.9,70.85
2015-11-28 04:00:00,11,4,5.99,2.0,0.0,2.0,0.83,70.85
2015-11-28 05:00:00,11,5,7.08,38.0,0.0,38.0,0.48,73.8
2015-11-28 06:00:00,11,6,8.97,103.0,0.0,103.0,0.41,79.85
2015-11-28 07:00:00,11,7,12.07,141.0,2.3,140.0,1.17,59.85
2015-11-28 08:00:00,11,8,12.62,163.0,2.06,162.0,1.66,62.2
2015-11-28 09:00:00,11,9,12.99,158.0,2.06,157.0,2.0,62.3
2015-11-28 10:00:00,11,10,13.2,98.0,0.0,98.0,2.21,64.65
2015-11-28 11:00:00,11,11,12.94,73.0,0.0,73.0,2.28,64.65
2015-11-28 12:00:00,11,12,12.21,43.0,0.0,43.0,2.14,69.45
2015-11-28 13:00:00,11,13,11.05,4.0,0.0,4.0,1.66,77.2
2015-11-28 14:00:00,11,14,9.71,0.0,-0.0,0.0,1.31,82.95
2015-11-28 15:00:00,11,15,8.55,0.0,-0.0,0.0,1.03,92.4
2015-11-28 16:00:00,11,16,7.73,0.0,-0.0,0.0,0.83,92.4
2015-11-28 17:00:00,11,17,7.96,0.0,-0.0,0.0,0.62,95.8
2015-11-28 18:00:00,11,18,7.49,0.0,-0.0,0.0,0.62,99.4
2015-11-28 19:00:00,11,19,7.86,0.0,-0.0,0.0,0.62,95.8
2015-11-28 20:00:00,11,20,7.49,0.0,-0.0,0.0,0.55,99.4
2015-11-28 21:00:00,11,21,6.93,0.0,-0.0,0.0,0.55,99.4
2015-11-28 22:00:00,11,22,6.37,0.0,-0.0,0.0,0.14,99.4
2015-11-28 23:00:00,11,23,5.94,0.0,-0.0,0.0,0.07,99.4
2015-11-29 00:00:00,11,0,5.59,0.0,-0.0,0.0,0.28,99.4
2015-11-29 01:00:00,11,1,5.01,0.0,-0.0,0.0,0.41,99.4
2015-11-29 02:00:00,11,2,4.87,0.0,-0.0,0.0,0.48,99.4
2015-11-29 03:00:00,11,3,4.76,0.0,-0.0,0.0,0.55,99.4
2015-11-29 04:00:00,11,4,4.78,2.0,0.0,2.0,0.41,95.75
2015-11-29 05:00:00,11,5,5.55,30.0,0.0,30.0,0.21,95.75
2015-11-29 06:00:00,11,6,7.24,84.0,0.0,84.0,0.41,92.35
2015-11-29 07:00:00,11,7,9.48,139.0,2.31,138.0,0.97,82.9
2015-11-29 08:00:00,11,8,10.57,163.0,2.08,162.0,1.1,77.15
2015-11-29 09:00:00,11,9,11.43,150.0,0.0,150.0,1.31,74.55
2015-11-29 10:00:00,11,10,12.01,128.0,0.0,128.0,1.45,71.95
2015-11-29 11:00:00,11,11,12.1,52.0,0.0,52.0,1.52,71.95
2015-11-29 12:00:00,11,12,11.62,95.0,52.9,84.0,1.59,74.55
2015-11-29 13:00:00,11,13,10.52,2.0,0.0,2.0,1.1,80.05
2015-11-29 14:00:00,11,14,9.33,0.0,-0.0,0.0,0.97,85.95
2015-11-29 15:00:00,11,15,8.66,0.0,-0.0,0.0,0.48,92.4
2015-11-29 16:00:00,11,16,8.28,0.0,-0.0,0.0,0.48,92.4
2015-11-29 17:00:00,11,17,7.81,0.0,-0.0,0.0,0.69,92.4
2015-11-29 18:00:00,11,18,6.98,0.0,-0.0,0.0,0.83,95.8
2015-11-29 19:00:00,11,19,7.54,0.0,-0.0,0.0,0.76,89.0
2015-11-29 20:00:00,11,20,7.48,0.0,-0.0,0.0,0.76,89.0
2015-11-29 21:00:00,11,21,6.57,0.0,-0.0,0.0,0.9,88.95
2015-11-29 22:00:00,11,22,5.2,0.0,-0.0,0.0,1.1,92.25
2015-11-29 23:00:00,11,23,3.91,0.0,-0.0,0.0,1.31,95.7
2015-11-30 00:00:00,11,0,2.92,0.0,-0.0,0.0,1.38,95.7
2015-11-30 01:00:00,11,1,2.73,0.0,-0.0,0.0,1.45,95.7
2015-11-30 02:00:00,11,2,2.19,0.0,-0.0,0.0,1.52,92.15
2015-11-30 03:00:00,11,3,1.81,0.0,-0.0,0.0,1.52,92.1
2015-11-30 04:00:00,11,4,1.5,5.0,0.0,5.0,1.59,92.05
2015-11-30 05:00:00,11,5,3.5,96.0,64.42,83.0,1.38,92.15
2015-11-30 06:00:00,11,6,8.75,245.0,280.51,151.0,0.97,79.85
2015-11-30 07:00:00,11,7,12.89,407.0,658.67,124.0,1.1,64.65
2015-11-30 08:00:00,11,8,14.8,467.0,703.55,130.0,0.83,58.25
2015-11-30 09:00:00,11,9,15.84,470.0,716.98,126.0,0.34,54.35
2015-11-30 10:00:00,11,10,16.41,414.0,685.23,118.0,0.34,52.5
2015-11-30 11:00:00,11,11,16.36,304.0,587.37,105.0,1.17,54.45
2015-11-30 12:00:00,11,12,15.51,164.0,450.09,71.0,1.66,65.05
2015-11-30 13:00:00,11,13,13.5,12.0,0.0,12.0,1.79,74.75
2015-11-30 14:00:00,11,14,11.39,0.0,-0.0,0.0,1.45,83.1
2015-11-30 15:00:00,11,15,10.17,0.0,-0.0,0.0,0.9,89.2
2015-11-30 16:00:00,11,16,6.19,0.0,-0.0,0.0,1.3,96.32
2015-11-30 17:00:00,11,17,6.09,0.0,-0.0,0.0,1.28,94.71
2015-11-30 18:00:00,11,18,5.98,0.0,-0.0,0.0,1.25,93.09
2015-11-30 19:00:00,11,19,5.87,0.0,-0.0,0.0,1.23,91.48
2015-11-30 20:00:00,11,20,5.77,0.0,-0.0,0.0,1.21,89.86
2015-11-30 21:00:00,11,21,5.66,0.0,-0.0,0.0,1.19,88.25
2015-11-30 22:00:00,11,22,5.55,0.0,-0.0,0.0,1.16,86.63
2015-11-30 23:00:00,11,23,5.45,0.0,-0.0,0.0,1.14,85.02
2016-12-01 00:00:00,12,0,5.34,0.0,-0.0,0.0,1.12,83.41
2016-12-01 01:00:00,12,1,5.23,0.0,-0.0,0.0,1.1,81.79
2016-12-01 02:00:00,12,2,5.13,0.0,-0.0,0.0,1.07,80.18
2016-12-01 03:00:00,12,3,5.02,0.0,-0.0,0.0,1.05,78.56
2016-12-01 04:00:00,12,4,4.91,5.0,0.0,5.0,1.03,76.95
2016-12-01 05:00:00,12,5,4.8,91.0,56.18,80.0,1.0,75.33
2016-12-01 06:00:00,12,6,4.7,169.0,63.79,148.0,0.98,73.72
2016-12-01 07:00:00,12,7,4.59,191.0,25.94,180.0,0.96,72.11
2016-12-01 08:00:00,12,8,8.11,178.0,6.33,175.0,2.0,68.6
2016-12-01 09:00:00,12,9,8.38,201.0,16.83,193.0,2.07,68.7
2016-12-01 10:00:00,12,10,8.36,110.0,0.0,110.0,2.14,71.35
2016-12-01 11:00:00,12,11,7.89,66.0,0.0,66.0,2.14,76.8
2016-12-01 12:00:00,12,12,7.45,40.0,0.0,40.0,2.07,79.65
2016-12-01 13:00:00,12,13,6.51,5.0,0.0,5.0,1.45,88.95
2016-12-01 14:00:00,12,14,5.48,0.0,-0.0,0.0,1.17,95.75
2016-12-01 15:00:00,12,15,4.83,0.0,-0.0,0.0,1.17,99.4
2016-12-01 16:00:00,12,16,4.51,0.0,-0.0,0.0,1.17,100.0
2016-12-01 17:00:00,12,17,4.28,0.0,-0.0,0.0,1.31,99.4
2016-12-01 18:00:00,12,18,4.08,0.0,-0.0,0.0,1.31,100.0
2016-12-01 19:00:00,12,19,3.92,0.0,-0.0,0.0,1.17,99.4
2016-12-01 20:00:00,12,20,3.59,0.0,-0.0,0.0,0.9,100.0
2016-12-01 21:00:00,12,21,3.31,0.0,-0.0,0.0,1.03,99.4
2016-12-01 22:00:00,12,22,2.95,0.0,-0.0,0.0,1.17,99.4
2016-12-01 23:00:00,12,23,2.85,0.0,-0.0,0.0,1.1,95.7
2016-12-02 00:00:00,12,0,2.97,0.0,-0.0,0.0,0.9,99.4
2016-12-02 01:00:00,12,1,3.12,0.0,-0.0,0.0,0.97,99.4
2016-12-02 02:00:00,12,2,3.31,0.0,-0.0,0.0,1.03,99.4
2016-12-02 03:00:00,12,3,3.32,0.0,-0.0,0.0,0.9,99.4
2016-12-02 04:00:00,12,4,3.52,1.0,0.0,1.0,0.69,99.4
2016-12-02 05:00:00,12,5,4.14,28.0,0.0,28.0,0.76,99.4
2016-12-02 06:00:00,12,6,4.91,101.0,0.0,101.0,0.21,95.75
2016-12-02 07:00:00,12,7,6.05,222.0,61.69,196.0,0.14,92.3
2016-12-02 08:00:00,12,8,7.38,471.0,767.75,109.0,0.62,89.0
2016-12-02 09:00:00,12,9,9.05,470.0,758.63,111.0,0.97,82.85
2016-12-02 10:00:00,12,10,11.05,421.0,757.42,98.0,1.17,74.45
2016-12-02 11:00:00,12,11,12.31,314.0,681.87,86.0,0.76,69.45
2016-12-02 12:00:00,12,12,12.75,166.0,511.61,62.0,0.97,69.55
2016-12-02 13:00:00,12,13,11.71,12.0,0.0,12.0,1.31,74.55
2016-12-02 14:00:00,12,14,9.19,0.0,-0.0,0.0,1.86,79.9
2016-12-02 15:00:00,12,15,7.46,0.0,-0.0,0.0,2.14,79.65
2016-12-02 16:00:00,12,16,6.74,0.0,-0.0,0.0,2.41,73.8
2016-12-02 17:00:00,12,17,6.81,0.0,-0.0,0.0,2.69,68.4
2016-12-02 18:00:00,12,18,6.87,0.0,-0.0,0.0,2.83,65.85
2016-12-02 19:00:00,12,19,5.9,0.0,-0.0,0.0,2.0,76.5
2016-12-02 20:00:00,12,20,5.64,0.0,-0.0,0.0,1.93,76.4
2016-12-02 21:00:00,12,21,6.06,0.0,-0.0,0.0,1.59,73.65
2016-12-02 22:00:00,12,22,5.93,0.0,-0.0,0.0,1.38,73.65
2016-12-02 23:00:00,12,23,5.23,0.0,-0.0,0.0,1.24,76.4
2016-12-03 00:00:00,12,0,3.5,0.0,-0.0,0.0,1.66,85.4
2016-12-03 01:00:00,12,1,3.66,0.0,-0.0,0.0,1.72,85.45
2016-12-03 02:00:00,12,2,2.83,0.0,-0.0,0.0,1.79,85.4
2016-12-03 03:00:00,12,3,2.08,0.0,-0.0,0.0,1.66,85.3
2016-12-03 04:00:00,12,4,2.16,4.0,0.0,4.0,1.38,82.15
2016-12-03 05:00:00,12,5,3.73,145.0,394.65,70.0,0.83,82.25
2016-12-03 06:00:00,12,6,6.17,301.0,648.84,91.0,0.34,85.7
2016-12-03 07:00:00,12,7,9.96,412.0,732.92,105.0,0.48,69.0
2016-12-03 08:00:00,12,8,12.08,466.0,735.28,121.0,1.1,59.85
2016-12-03 09:00:00,12,9,14.33,471.0,749.08,118.0,3.03,46.5
2016-12-03 10:00:00,12,10,15.58,416.0,720.3,110.0,4.48,34.5
2016-12-03 11:00:00,12,11,15.77,305.0,615.39,100.0,4.34,33.35
2016-12-03 12:00:00,12,12,15.21,154.0,385.4,76.0,4.62,33.05
2016-12-03 13:00:00,12,13,13.79,12.0,0.0,12.0,4.14,34.1
2016-12-03 14:00:00,12,14,11.99,0.0,-0.0,0.0,3.17,35.05
2016-12-03 15:00:00,12,15,9.94,0.0,-0.0,0.0,2.55,43.7
2016-12-03 16:00:00,12,16,8.14,0.0,-0.0,0.0,2.0,52.45
2016-12-03 17:00:00,12,17,7.18,0.0,-0.0,0.0,1.66,54.4
2016-12-03 18:00:00,12,18,6.59,0.0,-0.0,0.0,1.38,58.55
2016-12-03 19:00:00,12,19,7.74,0.0,-0.0,0.0,0.76,50.45
2016-12-03 20:00:00,12,20,7.29,0.0,-0.0,0.0,0.14,54.4
2016-12-03 21:00:00,12,21,6.58,0.0,-0.0,0.0,1.1,58.55
2016-12-03 22:00:00,12,22,3.23,0.0,-0.0,0.0,1.52,73.2
2016-12-03 23:00:00,12,23,3.52,0.0,-0.0,0.0,1.17,73.2
2016-12-04 00:00:00,12,0,3.5,0.0,-0.0,0.0,0.0,76.1
2016-12-04 01:00:00,12,1,1.58,0.0,-0.0,0.0,0.0,82.0
2016-12-04 02:00:00,12,2,0.67,0.0,-0.0,0.0,0.97,81.95
2016-12-04 03:00:00,12,3,-0.26,0.0,-0.0,0.0,1.03,88.45
2016-12-04 04:00:00,12,4,-1.02,2.0,0.0,2.0,1.1,91.95
2016-12-04 05:00:00,12,5,0.45,153.0,496.56,60.0,0.9,88.5
2016-12-04 06:00:00,12,6,3.61,300.0,660.44,88.0,0.83,82.2
2016-12-04 07:00:00,12,7,5.6,412.0,744.46,102.0,1.24,63.05
2016-12-04 08:00:00,12,8,6.76,467.0,749.44,117.0,1.52,56.45
2016-12-04 09:00:00,12,9,7.63,485.0,820.25,100.0,1.66,56.55
2016-12-04 10:00:00,12,10,8.12,408.0,680.35,120.0,1.93,56.7
2016-12-04 11:00:00,12,11,8.18,311.0,665.69,90.0,2.0,54.65
2016-12-04 12:00:00,12,12,7.7,162.0,466.26,68.0,1.86,56.7
2016-12-04 13:00:00,12,13,6.6,12.0,0.0,12.0,1.24,63.25
2016-12-04 14:00:00,12,14,4.76,0.0,-0.0,0.0,0.69,76.3
2016-12-04 15:00:00,12,15,4.25,0.0,-0.0,0.0,0.41,70.6
2016-12-04 16:00:00,12,16,2.83,0.0,-0.0,0.0,0.83,76.1
2016-12-04 17:00:00,12,17,1.74,0.0,-0.0,0.0,0.97,78.95
2016-12-04 18:00:00,12,18,1.18,0.0,-0.0,0.0,0.97,82.0
2016-12-04 19:00:00,12,19,2.42,0.0,-0.0,0.0,0.28,76.0
2016-12-04 20:00:00,12,20,1.96,0.0,-0.0,0.0,0.41,78.95
2016-12-04 21:00:00,12,21,1.7,0.0,-0.0,0.0,0.69,75.95
2016-12-04 22:00:00,12,22,1.45,0.0,-0.0,0.0,0.76,75.85
2016-12-04 23:00:00,12,23,0.94,0.0,-0.0,0.0,0.97,78.8
2016-12-05 00:00:00,12,0,0.73,0.0,-0.0,0.0,1.03,75.75
2016-12-05 01:00:00,12,1,1.05,0.0,-0.0,0.0,1.03,78.8
2016-12-05 02:00:00,12,2,1.1,0.0,-0.0,0.0,0.97,75.75
2016-12-05 03:00:00,12,3,0.76,0.0,-0.0,0.0,1.03,75.75
2016-12-05 04:00:00,12,4,0.07,0.0,0.0,0.0,1.24,81.8
2016-12-05 05:00:00,12,5,0.51,87.0,59.59,76.0,1.03,85.15
2016-12-05 06:00:00,12,6,3.33,247.0,348.58,136.0,0.62,85.4
2016-12-05 07:00:00,12,7,6.47,392.0,654.52,121.0,1.03,56.3
2016-12-05 08:00:00,12,8,6.92,395.0,434.48,193.0,1.38,52.2
2016-12-05 09:00:00,12,9,7.17,337.0,230.96,229.0,1.59,54.3
2016-12-05 10:00:00,12,10,7.22,300.0,229.9,203.0,1.79,54.4
2016-12-05 11:00:00,12,11,7.07,273.0,435.1,129.0,2.14,58.65
2016-12-05 12:00:00,12,12,6.46,155.0,413.07,72.0,2.07,65.75
2016-12-05 13:00:00,12,13,5.56,11.0,0.0,11.0,1.52,73.55
2016-12-05 14:00:00,12,14,4.39,0.0,-0.0,0.0,1.31,82.3
2016-12-05 15:00:00,12,15,3.6,0.0,-0.0,0.0,1.24,92.15
2016-12-05 16:00:00,12,16,2.7,0.0,-0.0,0.0,0.0,92.15
2016-12-05 17:00:00,12,17,2.15,0.0,-0.0,0.0,0.0,92.15
2016-12-05 18:00:00,12,18,2.2,0.0,-0.0,0.0,1.1,95.7
2016-12-05 19:00:00,12,19,2.32,0.0,-0.0,0.0,1.24,95.7
2016-12-05 20:00:00,12,20,2.28,0.0,-0.0,0.0,1.24,95.7
2016-12-05 21:00:00,12,21,2.21,0.0,-0.0,0.0,1.38,95.7
2016-12-05 22:00:00,12,22,1.77,0.0,-0.0,0.0,1.17,95.65
2016-12-05 23:00:00,12,23,1.65,0.0,-0.0,0.0,1.17,95.65
2016-12-06 00:00:00,12,0,1.5,0.0,-0.0,0.0,1.24,99.4
2016-12-06 01:00:00,12,1,1.59,0.0,-0.0,0.0,1.45,99.4
2016-12-06 02:00:00,12,2,1.37,0.0,-0.0,0.0,1.45,95.65
2016-12-06 03:00:00,12,3,1.14,0.0,-0.0,0.0,1.31,95.65
2016-12-06 04:00:00,12,4,0.96,0.0,0.0,0.0,1.45,95.65
2016-12-06 05:00:00,12,5,0.88,13.0,0.0,13.0,1.59,92.05
2016-12-06 06:00:00,12,6,1.18,42.0,0.0,42.0,1.52,88.6
2016-12-06 07:00:00,12,7,1.63,44.0,0.0,44.0,1.59,78.95
2016-12-06 08:00:00,12,8,1.29,103.0,0.0,103.0,1.59,82.0
2016-12-06 09:00:00,12,9,1.37,147.0,0.0,147.0,1.66,78.9
2016-12-06 10:00:00,12,10,1.59,198.0,30.91,185.0,1.93,78.9
2016-12-06 11:00:00,12,11,1.72,312.0,681.73,87.0,2.0,70.2
2016-12-06 12:00:00,12,12,1.65,163.0,484.1,66.0,1.79,70.2
2016-12-06 13:00:00,12,13,1.85,10.0,0.0,10.0,0.9,64.9
2016-12-06 14:00:00,12,14,1.82,0.0,-0.0,0.0,0.76,59.95
2016-12-06 15:00:00,12,15,0.75,0.0,-0.0,0.0,0.9,62.15
2016-12-06 16:00:00,12,16,-0.15,0.0,-0.0,0.0,1.03,64.45
2016-12-06 17:00:00,12,17,-1.2,0.0,-0.0,0.0,1.24,66.9
2016-12-06 18:00:00,12,18,-2.66,0.0,-0.0,0.0,1.38,72.25
2016-12-06 19:00:00,12,19,-2.93,0.0,-0.0,0.0,1.38,72.1
2016-12-06 20:00:00,12,20,-3.57,0.0,-0.0,0.0,1.52,72.05
2016-12-06 21:00:00,12,21,-4.06,0.0,-0.0,0.0,1.52,71.95
2016-12-06 22:00:00,12,22,-4.64,0.0,-0.0,0.0,1.59,68.95
2016-12-06 23:00:00,12,23,-4.88,0.0,-0.0,0.0,1.66,63.45
2016-12-07 00:00:00,12,0,-5.04,0.0,-0.0,0.0,1.72,60.75
2016-12-07 01:00:00,12,1,-5.68,0.0,-0.0,0.0,1.72,60.6
2016-12-07 02:00:00,12,2,-5.82,0.0,-0.0,0.0,1.79,55.7
2016-12-07 03:00:00,12,3,-5.71,0.0,-0.0,0.0,1.72,55.7
2016-12-07 04:00:00,12,4,-5.54,0.0,0.0,0.0,1.72,53.35
2016-12-07 05:00:00,12,5,-3.97,152.0,523.7,58.0,1.59,53.75
2016-12-07 06:00:00,12,6,-0.78,313.0,749.44,78.0,1.17,50.35
2016-12-07 07:00:00,12,7,0.76,425.0,803.22,96.0,1.31,44.85
2016-12-07 08:00:00,12,8,2.71,494.0,858.9,98.0,1.1,43.6
2016-12-07 09:00:00,12,9,4.88,492.0,837.61,103.0,0.83,39.0
2016-12-07 10:00:00,12,10,6.52,439.0,817.72,96.0,0.41,30.85
2016-12-07 11:00:00,12,11,6.71,321.0,701.61,90.0,0.34,32.25
2016-12-07 12:00:00,12,12,4.23,170.0,520.2,66.0,1.03,53.65
2016-12-07 13:00:00,12,13,4.41,9.0,0.0,9.0,0.41,47.6
2016-12-07 14:00:00,12,14,3.11,0.0,-0.0,0.0,0.48,49.25
2016-12-07 15:00:00,12,15,1.13,0.0,-0.0,0.0,1.1,53.0
2016-12-07 16:00:00,12,16,-1.2,0.0,-0.0,0.0,1.38,59.2
2016-12-07 17:00:00,12,17,-3.7,0.0,-0.0,0.0,1.52,66.35
2016-12-07 18:00:00,12,18,-4.68,0.0,-0.0,0.0,1.45,66.15
2016-12-07 19:00:00,12,19,-5.76,0.0,-0.0,0.0,1.66,63.25
2016-12-07 20:00:00,12,20,-5.88,0.0,-0.0,0.0,1.66,63.25
2016-12-07 21:00:00,12,21,-6.0,0.0,-0.0,0.0,1.66,63.1
2016-12-07 22:00:00,12,22,-5.89,0.0,-0.0,0.0,1.66,60.6
2016-12-07 23:00:00,12,23,-5.83,0.0,-0.0,0.0,1.66,58.1
2016-12-08 00:00:00,12,0,-5.63,0.0,-0.0,0.0,1.59,58.1
2016-12-08 01:00:00,12,1,-3.44,0.0,-0.0,0.0,1.38,53.9
2016-12-08 02:00:00,12,2,-3.18,0.0,-0.0,0.0,1.1,51.8
2016-12-08 03:00:00,12,3,-2.08,0.0,-0.0,0.0,0.76,47.9
2016-12-08 04:00:00,12,4,-0.54,0.0,0.0,0.0,1.24,42.6
2016-12-08 05:00:00,12,5,-0.09,66.0,16.94,63.0,0.83,42.75
2016-12-08 06:00:00,12,6,1.15,171.0,83.53,145.0,0.41,45.0
2016-12-08 07:00:00,12,7,1.0,220.0,66.25,193.0,0.97,59.7
2016-12-08 08:00:00,12,8,2.07,261.0,78.38,225.0,1.38,73.0
2016-12-08 09:00:00,12,9,2.58,357.0,287.26,224.0,1.93,70.3
2016-12-08 10:00:00,12,10,2.56,302.0,229.45,206.0,2.34,67.6
2016-12-08 11:00:00,12,11,2.68,102.0,0.0,102.0,2.34,65.1
2016-12-08 12:00:00,12,12,2.02,39.0,0.0,39.0,2.0,70.2
2016-12-08 13:00:00,12,13,0.71,5.0,0.0,5.0,1.31,75.75
2016-12-08 14:00:00,12,14,-0.82,0.0,-0.0,0.0,1.24,85.05
2016-12-08 15:00:00,12,15,-1.11,0.0,-0.0,0.0,0.76,88.4
2016-12-08 16:00:00,12,16,-1.59,0.0,-0.0,0.0,0.9,88.35
2016-12-08 17:00:00,12,17,-2.2,0.0,-0.0,0.0,1.03,88.3
2016-12-08 18:00:00,12,18,-1.91,0.0,-0.0,0.0,1.1,84.95
2016-12-08 19:00:00,12,19,-1.75,0.0,-0.0,0.0,1.17,84.95
2016-12-08 20:00:00,12,20,-1.92,0.0,-0.0,0.0,1.17,88.3
2016-12-08 21:00:00,12,21,-1.85,0.0,-0.0,0.0,1.1,81.65
2016-12-08 22:00:00,12,22,-1.74,0.0,-0.0,0.0,0.97,81.65
2016-12-08 23:00:00,12,23,-1.56,0.0,-0.0,0.0,0.83,78.45
2016-12-09 00:00:00,12,0,-1.57,0.0,-0.0,0.0,0.69,78.45
2016-12-09 01:00:00,12,1,-2.05,0.0,-0.0,0.0,0.62,75.3
2016-12-09 02:00:00,12,2,-2.41,0.0,-0.0,0.0,0.69,72.3
2016-12-09 03:00:00,12,3,-2.85,0.0,-0.0,0.0,0.76,72.25
2016-12-09 04:00:00,12,4,-3.28,0.0,0.0,0.0,0.97,69.25
2016-12-09 05:00:00,12,5,-2.85,141.0,469.36,59.0,0.9,66.6
2016-12-09 06:00:00,12,6,-0.13,295.0,689.16,82.0,0.83,57.1
2016-12-09 07:00:00,12,7,1.9,410.0,774.22,96.0,0.76,47.05
2016-12-09 08:00:00,12,8,2.96,465.0,775.76,110.0,0.28,43.6
2016-12-09 09:00:00,12,9,4.09,459.0,719.12,127.0,0.28,42.0
2016-12-09 10:00:00,12,10,4.87,161.0,7.19,158.0,0.34,39.0
2016-12-09 11:00:00,12,11,5.39,88.0,0.0,88.0,0.41,40.75
2016-12-09 12:00:00,12,12,4.46,39.0,0.0,39.0,1.1,51.55
2016-12-09 13:00:00,12,13,2.85,3.0,0.0,3.0,0.9,67.7
2016-12-09 14:00:00,12,14,2.39,0.0,-0.0,0.0,0.41,57.7
2016-12-09 15:00:00,12,15,1.93,0.0,-0.0,0.0,0.28,57.6
2016-12-09 16:00:00,12,16,1.73,0.0,-0.0,0.0,0.41,55.3
2016-12-09 17:00:00,12,17,1.51,0.0,-0.0,0.0,0.48,55.2
2016-12-09 18:00:00,12,18,0.9,0.0,-0.0,0.0,0.9,52.85
2016-12-09 19:00:00,12,19,-2.67,0.0,-0.0,0.0,1.59,61.35
2016-12-09 20:00:00,12,20,-3.89,0.0,-0.0,0.0,1.59,66.35
2016-12-09 21:00:00,12,21,-4.39,0.0,-0.0,0.0,1.66,66.25
2016-12-09 22:00:00,12,22,-4.33,0.0,-0.0,0.0,1.79,60.95
2016-12-09 23:00:00,12,23,-4.08,0.0,-0.0,0.0,1.86,58.5
2016-12-10 00:00:00,12,0,-4.05,0.0,-0.0,0.0,1.93,56.1
2016-12-10 01:00:00,12,1,-3.99,0.0,-0.0,0.0,1.93,56.1
2016-12-10 02:00:00,12,2,-3.9,0.0,-0.0,0.0,1.86,53.9
2016-12-10 03:00:00,12,3,-3.68,0.0,-0.0,0.0,1.86,53.9
2016-12-10 04:00:00,12,4,-3.15,0.0,0.0,0.0,1.79,51.8
2016-12-10 05:00:00,12,5,-2.42,139.0,481.32,56.0,1.66,54.15
2016-12-10 06:00:00,12,6,2.09,291.0,680.85,82.0,1.24,47.05
2016-12-10 07:00:00,12,7,5.73,307.0,292.29,189.0,1.52,42.55
2016-12-10 08:00:00,12,8,7.83,420.0,561.33,164.0,1.38,39.85
2016-12-10 09:00:00,12,9,9.19,448.0,679.74,135.0,1.1,38.55
2016-12-10 10:00:00,12,10,9.93,376.0,540.04,151.0,0.62,37.3
2016-12-10 11:00:00,12,11,9.73,278.0,470.18,124.0,0.69,42.0
2016-12-10 12:00:00,12,12,8.35,115.0,135.51,88.0,1.31,50.6
2016-12-10 13:00:00,12,13,5.88,11.0,0.0,11.0,0.9,70.85
2016-12-10 14:00:00,12,14,5.37,0.0,-0.0,0.0,0.28,58.3
2016-12-10 15:00:00,12,15,4.69,0.0,-0.0,0.0,0.55,60.5
2016-12-10 16:00:00,12,16,3.96,0.0,-0.0,0.0,0.83,62.7
2016-12-10 17:00:00,12,17,3.42,0.0,-0.0,0.0,0.83,62.6
2016-12-10 18:00:00,12,18,2.91,0.0,-0.0,0.0,0.9,62.6
2016-12-10 19:00:00,12,19,0.86,0.0,-0.0,0.0,1.45,72.85
2016-12-10 20:00:00,12,20,0.14,0.0,-0.0,0.0,1.52,78.75
2016-12-10 21:00:00,12,21,-0.16,0.0,-0.0,0.0,1.52,81.8
2016-12-10 22:00:00,12,22,-0.49,0.0,-0.0,0.0,1.59,81.75
2016-12-10 23:00:00,12,23,-0.84,0.0,-0.0,0.0,1.72,81.75
2016-12-11 00:00:00,12,0,-1.26,0.0,-0.0,0.0,1.93,81.7
2016-12-11 01:00:00,12,1,-1.44,0.0,-0.0,0.0,2.07,84.95
2016-12-11 02:00:00,12,2,-1.62,0.0,-0.0,0.0,2.14,81.65
2016-12-11 03:00:00,12,3,-1.87,0.0,-0.0,0.0,2.14,78.45
2016-12-11 04:00:00,12,4,-2.06,0.0,0.0,0.0,2.14,81.55
2016-12-11 05:00:00,12,5,-1.0,97.0,135.08,74.0,2.0,81.7
2016-12-11 06:00:00,12,6,3.54,292.0,705.0,77.0,1.72,73.2
2016-12-11 07:00:00,12,7,7.84,271.0,181.61,198.0,1.93,56.7
2016-12-11 08:00:00,12,8,10.02,445.0,701.68,126.0,2.0,51.0
2016-12-11 09:00:00,12,9,11.3,426.0,581.21,159.0,2.41,44.1
2016-12-11 10:00:00,12,10,12.09,292.0,213.98,203.0,2.9,40.95
2016-12-11 11:00:00,12,11,12.38,168.0,61.13,148.0,2.83,39.5
2016-12-11 12:00:00,12,12,11.52,48.0,0.0,48.0,2.0,47.6
2016-12-11 13:00:00,12,13,9.04,11.0,0.0,11.0,1.72,59.15
2016-12-11 14:00:00,12,14,5.58,0.0,-0.0,0.0,1.72,68.1
2016-12-11 15:00:00,12,15,2.95,0.0,-0.0,0.0,1.66,73.2
2016-12-11 16:00:00,12,16,1.02,0.0,-0.0,0.0,1.72,81.95
2016-12-11 17:00:00,12,17,-0.15,0.0,-0.0,0.0,1.72,81.8
2016-12-11 18:00:00,12,18,-0.75,0.0,-0.0,0.0,1.79,81.75
2016-12-11 19:00:00,12,19,-0.56,0.0,-0.0,0.0,2.0,78.6
2016-12-11 20:00:00,12,20,-0.92,0.0,-0.0,0.0,2.14,81.7
2016-12-11 21:00:00,12,21,-1.2,0.0,-0.0,0.0,2.21,78.5
2016-12-11 22:00:00,12,22,-1.42,0.0,-0.0,0.0,2.21,81.65
2016-12-11 23:00:00,12,23,-1.42,0.0,-0.0,0.0,2.21,81.65
2016-12-12 00:00:00,12,0,-1.47,0.0,-0.0,0.0,2.14,78.45
2016-12-12 01:00:00,12,1,-1.47,0.0,-0.0,0.0,2.14,78.45
2016-12-12 02:00:00,12,2,-1.65,0.0,-0.0,0.0,2.07,78.45
2016-12-12 03:00:00,12,3,-1.69,0.0,-0.0,0.0,1.86,75.35
2016-12-12 04:00:00,12,4,-1.54,0.0,0.0,0.0,1.66,75.35
2016-12-12 05:00:00,12,5,0.04,132.0,451.89,56.0,1.31,75.6
2016-12-12 06:00:00,12,6,3.22,284.0,673.15,80.0,0.69,79.1
2016-12-12 07:00:00,12,7,7.99,397.0,756.93,94.0,0.48,56.7
2016-12-12 08:00:00,12,8,9.83,458.0,783.16,103.0,0.21,49.05
2016-12-12 09:00:00,12,9,11.02,464.0,785.31,104.0,0.28,47.45
2016-12-12 10:00:00,12,10,11.93,412.0,756.03,98.0,0.41,45.95
2016-12-12 11:00:00,12,11,12.48,308.0,682.03,85.0,0.41,46.1
2016-12-12 12:00:00,12,12,12.01,160.0,476.56,65.0,0.62,62.1
2016-12-12 13:00:00,12,13,9.96,12.0,0.0,12.0,1.03,69.0
2016-12-12 14:00:00,12,14,9.72,0.0,-0.0,0.0,0.34,59.35
2016-12-12 15:00:00,12,15,8.83,0.0,-0.0,0.0,0.55,63.8
2016-12-12 16:00:00,12,16,6.72,0.0,-0.0,0.0,1.24,68.4
2016-12-12 17:00:00,12,17,2.61,0.0,-0.0,0.0,1.59,79.0
2016-12-12 18:00:00,12,18,0.66,0.0,-0.0,0.0,1.66,85.2
2016-12-12 19:00:00,12,19,0.64,0.0,-0.0,0.0,1.93,81.95
2016-12-12 20:00:00,12,20,0.53,0.0,-0.0,0.0,1.93,81.9
2016-12-12 21:00:00,12,21,0.49,0.0,-0.0,0.0,1.93,78.75
2016-12-12 22:00:00,12,22,0.61,0.0,-0.0,0.0,1.86,75.75
2016-12-12 23:00:00,12,23,0.29,0.0,-0.0,0.0,1.93,78.75
2016-12-13 00:00:00,12,0,0.12,0.0,-0.0,0.0,2.0,78.75
2016-12-13 01:00:00,12,1,0.27,0.0,-0.0,0.0,2.07,78.75
2016-12-13 02:00:00,12,2,0.52,0.0,-0.0,0.0,2.07,78.75
2016-12-13 03:00:00,12,3,0.58,0.0,-0.0,0.0,2.07,81.9
2016-12-13 04:00:00,12,4,0.53,0.0,0.0,0.0,2.07,81.9
2016-12-13 05:00:00,12,5,1.08,138.0,535.53,49.0,1.93,81.95
2016-12-13 06:00:00,12,6,4.72,271.0,604.16,89.0,1.66,79.3
2016-12-13 07:00:00,12,7,10.14,391.0,739.8,96.0,1.66,64.0
2016-12-13 08:00:00,12,8,12.81,452.0,765.36,106.0,1.66,53.7
2016-12-13 09:00:00,12,9,14.49,458.0,767.11,107.0,1.59,50.1
2016-12-13 10:00:00,12,10,15.34,400.0,701.45,109.0,1.59,46.75
2016-12-13 11:00:00,12,11,15.58,208.0,162.15,155.0,1.38,48.55
2016-12-13 12:00:00,12,12,14.57,171.0,581.28,55.0,1.03,69.75
2016-12-13 13:00:00,12,13,12.43,11.0,0.0,11.0,1.45,62.2
2016-12-13 14:00:00,12,14,9.08,0.0,-0.0,0.0,2.0,68.8
2016-12-13 15:00:00,12,15,6.2,0.0,-0.0,0.0,2.21,73.7
2016-12-13 16:00:00,12,16,4.71,0.0,-0.0,0.0,2.28,76.3
2016-12-13 17:00:00,12,17,4.01,0.0,-0.0,0.0,2.41,79.15
2016-12-13 18:00:00,12,18,3.5,0.0,-0.0,0.0,2.41,79.1
2016-12-13 19:00:00,12,19,3.2,0.0,-0.0,0.0,2.21,79.1
2016-12-13 20:00:00,12,20,2.93,0.0,-0.0,0.0,2.28,76.1
2016-12-13 21:00:00,12,21,2.41,0.0,-0.0,0.0,2.34,76.0
2016-12-13 22:00:00,12,22,1.81,0.0,-0.0,0.0,2.34,78.95
2016-12-13 23:00:00,12,23,1.72,0.0,-0.0,0.0,2.28,78.95
2016-12-14 00:00:00,12,0,1.7,0.0,-0.0,0.0,2.14,78.95
2016-12-14 01:00:00,12,1,1.35,0.0,-0.0,0.0,2.0,78.9
2016-12-14 02:00:00,12,2,1.56,0.0,-0.0,0.0,1.66,78.9
2016-12-14 03:00:00,12,3,2.24,0.0,-0.0,0.0,1.24,73.1
2016-12-14 04:00:00,12,4,3.69,0.0,0.0,0.0,0.83,70.5
2016-12-14 05:00:00,12,5,3.91,52.0,6.09,51.0,0.34,70.5
2016-12-14 06:00:00,12,6,3.64,70.0,0.0,70.0,1.17,85.45
2016-12-14 07:00:00,12,7,5.81,51.0,0.0,51.0,2.62,79.4
2016-12-14 08:00:00,12,8,5.75,77.0,0.0,77.0,2.97,82.5
2016-12-14 09:00:00,12,9,5.62,78.0,0.0,78.0,3.17,85.6
2016-12-14 10:00:00,12,10,4.92,106.0,0.0,106.0,3.31,85.55
2016-12-14 11:00:00,12,11,3.83,27.0,0.0,27.0,2.83,88.75
2016-12-14 12:00:00,12,12,3.05,23.0,0.0,23.0,2.69,85.4
2016-12-14 13:00:00,12,13,1.96,2.0,0.0,2.0,2.14,92.1
2016-12-14 14:00:00,12,14,1.32,0.0,-0.0,0.0,2.21,92.05
2016-12-14 15:00:00,12,15,0.66,0.0,-0.0,0.0,2.07,92.05
2016-12-14 16:00:00,12,16,0.22,0.0,-0.0,0.0,2.28,88.5
2016-12-14 17:00:00,12,17,-0.05,0.0,-0.0,0.0,2.14,92.0
2016-12-14 18:00:00,12,18,-0.33,0.0,-0.0,0.0,2.21,92.0
2016-12-14 19:00:00,12,19,-0.93,0.0,-0.0,0.0,1.86,95.6
2016-12-14 20:00:00,12,20,-1.26,0.0,-0.0,0.0,1.79,95.6
2016-12-14 21:00:00,12,21,-1.54,0.0,-0.0,0.0,1.79,95.6
2016-12-14 22:00:00,12,22,-1.78,0.0,-0.0,0.0,1.79,95.6
2016-12-14 23:00:00,12,23,-2.08,0.0,-0.0,0.0,1.72,99.4
2016-12-15 00:00:00,12,0,-2.27,0.0,-0.0,0.0,1.66,95.55
2016-12-15 01:00:00,12,1,-2.32,0.0,-0.0,0.0,1.45,95.55
2016-12-15 02:00:00,12,2,-2.59,0.0,-0.0,0.0,1.31,99.4
2016-12-15 03:00:00,12,3,-2.9,0.0,-0.0,0.0,1.31,95.55
2016-12-15 04:00:00,12,4,-3.1,0.0,-0.0,0.0,1.24,95.55
2016-12-15 05:00:00,12,5,-3.27,20.0,0.0,20.0,1.1,95.55
2016-12-15 06:00:00,12,6,-2.61,37.0,0.0,37.0,1.03,91.85
2016-12-15 07:00:00,12,7,-2.24,59.0,0.0,59.0,1.38,88.3
2016-12-15 08:00:00,12,8,-1.47,60.0,0.0,60.0,1.24,88.35
2016-12-15 09:00:00,12,9,-1.04,146.0,0.0,146.0,1.24,85.0
2016-12-15 10:00:00,12,10,-0.92,49.0,0.0,49.0,1.38,85.0
2016-12-15 11:00:00,12,11,-1.06,99.0,0.0,99.0,1.24,85.0
2016-12-15 12:00:00,12,12,-1.34,41.0,0.0,41.0,0.83,88.4
2016-12-15 13:00:00,12,13,-1.7,4.0,0.0,4.0,0.62,91.9
2016-12-15 14:00:00,12,14,-2.25,0.0,-0.0,0.0,0.69,95.55
2016-12-15 15:00:00,12,15,-2.17,0.0,-0.0,0.0,0.55,95.55
2016-12-15 16:00:00,12,16,-2.42,0.0,-0.0,0.0,0.55,99.4
2016-12-15 17:00:00,12,17,-3.1,0.0,-0.0,0.0,0.83,99.4
2016-12-15 18:00:00,12,18,-3.35,0.0,-0.0,0.0,0.9,95.55
2016-12-15 19:00:00,12,19,-4.32,0.0,-0.0,0.0,1.03,95.5
2016-12-15 20:00:00,12,20,-6.55,0.0,-0.0,0.0,1.38,95.45
2016-12-15 21:00:00,12,21,-8.91,0.0,-0.0,0.0,1.66,87.8
2016-12-15 22:00:00,12,22,-10.32,0.0,-0.0,0.0,1.72,91.4
2016-12-15 23:00:00,12,23,-11.07,0.0,-0.0,0.0,1.72,91.35
2016-12-16 00:00:00,12,0,-11.51,0.0,-0.0,0.0,1.66,83.95
2016-12-16 01:00:00,12,1,-11.57,0.0,-0.0,0.0,1.52,83.9
2016-12-16 02:00:00,12,2,-11.79,0.0,-0.0,0.0,1.45,80.35
2016-12-16 03:00:00,12,3,-11.4,0.0,-0.0,0.0,1.38,80.45
2016-12-16 04:00:00,12,4,-11.52,0.0,-0.0,0.0,1.38,83.9
2016-12-16 05:00:00,12,5,-11.05,73.0,49.76,65.0,1.24,80.45
2016-12-16 06:00:00,12,6,-7.2,101.0,3.37,100.0,0.9,71.4
2016-12-16 07:00:00,12,7,-2.02,137.0,2.53,136.0,0.55,66.65
2016-12-16 08:00:00,12,8,-0.97,142.0,0.0,142.0,0.62,69.65
2016-12-16 09:00:00,12,9,-0.99,137.0,0.0,137.0,0.76,72.5
2016-12-16 10:00:00,12,10,-0.69,62.0,0.0,62.0,1.1,78.6
2016-12-16 11:00:00,12,11,-0.55,51.0,0.0,51.0,1.31,78.6
2016-12-16 12:00:00,12,12,-1.41,51.0,0.0,51.0,1.31,84.95
2016-12-16 13:00:00,12,13,-1.39,2.0,0.0,2.0,0.97,78.5
2016-12-16 14:00:00,12,14,-2.06,0.0,-0.0,0.0,0.34,84.85
2016-12-16 15:00:00,12,15,-3.46,0.0,-0.0,0.0,0.69,91.8
2016-12-16 16:00:00,12,16,-6.4,0.0,-0.0,0.0,1.31,91.65
2016-12-16 17:00:00,12,17,-8.42,0.0,-0.0,0.0,1.66,87.85
2016-12-16 18:00:00,12,18,-9.62,0.0,-0.0,0.0,1.72,87.7
2016-12-16 19:00:00,12,19,-10.18,0.0,-0.0,0.0,1.79,87.65
2016-12-16 20:00:00,12,20,-11.22,0.0,-0.0,0.0,1.79,87.6
2016-12-16 21:00:00,12,21,-12.12,0.0,-0.0,0.0,1.72,83.8
2016-12-16 22:00:00,12,22,-12.07,0.0,-0.0,0.0,1.66,83.8
2016-12-16 23:00:00,12,23,-12.26,0.0,-0.0,0.0,1.66,83.8
2016-12-17 00:00:00,12,0,-11.98,0.0,-0.0,0.0,1.59,80.35
2016-12-17 01:00:00,12,1,-10.93,0.0,-0.0,0.0,1.52,80.5
2016-12-17 02:00:00,12,2,-10.89,0.0,-0.0,0.0,1.52,80.5
2016-12-17 03:00:00,12,3,-9.96,0.0,-0.0,0.0,1.45,80.65
2016-12-17 04:00:00,12,4,-9.45,0.0,-0.0,0.0,1.45,80.7
2016-12-17 05:00:00,12,5,-7.74,36.0,0.0,36.0,1.31,77.6
2016-12-17 06:00:00,12,6,-3.47,56.0,0.0,56.0,1.03,72.05
2016-12-17 07:00:00,12,7,1.31,111.0,0.0,111.0,0.41,59.8
2016-12-17 08:00:00,12,8,3.06,183.0,11.15,178.0,0.76,51.3
2016-12-17 09:00:00,12,9,1.55,189.0,13.18,183.0,1.31,72.95
2016-12-17 10:00:00,12,10,2.53,137.0,2.41,136.0,1.72,70.3
2016-12-17 11:00:00,12,11,2.01,107.0,3.05,106.0,1.72,75.95
2016-12-17 12:00:00,12,12,1.35,58.0,0.0,58.0,1.31,82.0
2016-12-17 13:00:00,12,13,0.79,2.0,0.0,2.0,1.1,81.95
2016-12-17 14:00:00,12,14,0.45,0.0,-0.0,0.0,0.97,81.9
2016-12-17 15:00:00,12,15,0.05,0.0,-0.0,0.0,0.97,81.8
2016-12-17 16:00:00,12,16,-0.68,0.0,-0.0,0.0,1.1,85.05
2016-12-17 17:00:00,12,17,-0.97,0.0,-0.0,0.0,1.17,88.4
2016-12-17 18:00:00,12,18,-1.12,0.0,-0.0,0.0,1.1,88.4
2016-12-17 19:00:00,12,19,-1.61,0.0,-0.0,0.0,1.1,88.35
2016-12-17 20:00:00,12,20,-1.54,0.0,-0.0,0.0,1.03,88.35
2016-12-17 21:00:00,12,21,-1.67,0.0,-0.0,0.0,1.03,91.9
2016-12-17 22:00:00,12,22,-1.75,0.0,-0.0,0.0,0.97,91.9
2016-12-17 23:00:00,12,23,-1.74,0.0,-0.0,0.0,0.9,91.9
2016-12-18 00:00:00,12,0,-1.79,0.0,-0.0,0.0,0.9,91.9
2016-12-18 01:00:00,12,1,-1.91,0.0,-0.0,0.0,0.83,88.35
2016-12-18 02:00:00,12,2,-1.98,0.0,-0.0,0.0,0.83,91.85
2016-12-18 03:00:00,12,3,-2.16,0.0,-0.0,0.0,0.9,91.85
2016-12-18 04:00:00,12,4,-2.24,0.0,-0.0,0.0,0.83,91.85
2016-12-18 05:00:00,12,5,-2.03,32.0,0.0,32.0,0.76,91.85
2016-12-18 06:00:00,12,6,-1.21,74.0,0.0,74.0,0.69,85.0
2016-12-18 07:00:00,12,7,-1.23,222.0,81.49,190.0,0.9,85.0
2016-12-18 08:00:00,12,8,-0.2,255.0,78.17,220.0,1.03,78.65
2016-12-18 09:00:00,12,9,0.37,250.0,65.92,220.0,1.24,75.7
2016-12-18 10:00:00,12,10,0.55,240.0,89.32,203.0,1.45,75.7
2016-12-18 11:00:00,12,11,0.56,186.0,91.46,156.0,1.52,75.7
2016-12-18 12:00:00,12,12,0.3,106.0,84.04,89.0,1.52,75.7
2016-12-18 13:00:00,12,13,-1.08,13.0,0.0,13.0,1.31,85.0
2016-12-18 14:00:00,12,14,-1.91,0.0,-0.0,0.0,1.17,81.65
2016-12-18 15:00:00,12,15,-1.66,0.0,-0.0,0.0,0.83,81.65
2016-12-18 16:00:00,12,16,-2.12,0.0,-0.0,0.0,0.76,81.55
2016-12-18 17:00:00,12,17,-2.5,0.0,-0.0,0.0,0.97,84.85
2016-12-18 18:00:00,12,18,-2.71,0.0,-0.0,0.0,1.03,81.5
2016-12-18 19:00:00,12,19,-2.72,0.0,-0.0,0.0,1.03,84.85
2016-12-18 20:00:00,12,20,-2.86,0.0,-0.0,0.0,1.03,81.5
2016-12-18 21:00:00,12,21,-2.86,0.0,-0.0,0.0,0.83,78.3
2016-12-18 22:00:00,12,22,-2.89,0.0,-0.0,0.0,0.55,78.3
2016-12-18 23:00:00,12,23,-3.03,0.0,-0.0,0.0,0.62,81.45
2016-12-19 00:00:00,12,0,-3.2,0.0,-0.0,0.0,0.69,78.2
2016-12-19 01:00:00,12,1,-3.62,0.0,-0.0,0.0,0.69,78.15
2016-12-19 02:00:00,12,2,-3.75,0.0,-0.0,0.0,0.62,75.05
2016-12-19 03:00:00,12,3,-3.93,0.0,-0.0,0.0,0.76,72.05
2016-12-19 04:00:00,12,4,-4.08,0.0,-0.0,0.0,0.9,71.95
2016-12-19 05:00:00,12,5,-3.91,29.0,0.0,29.0,0.83,66.35
2016-12-19 06:00:00,12,6,-2.16,86.0,0.0,86.0,0.48,61.45
2016-12-19 07:00:00,12,7,-1.14,253.0,145.47,196.0,0.62,66.9
2016-12-19 08:00:00,12,8,-0.2,287.0,134.17,227.0,0.62,64.45
2016-12-19 09:00:00,12,9,0.09,255.0,72.54,222.0,0.69,75.6
2016-12-19 10:00:00,12,10,0.78,132.0,0.0,132.0,0.97,70.05
2016-12-19 11:00:00,12,11,0.71,28.0,0.0,28.0,1.24,70.05
2016-12-19 12:00:00,12,12,0.49,150.0,329.78,83.0,1.31,75.7
2016-12-19 13:00:00,12,13,-1.12,4.0,0.0,4.0,1.24,85.0
2016-12-19 14:00:00,12,14,-1.05,0.0,-0.0,0.0,0.69,78.5
2016-12-19 15:00:00,12,15,-1.72,0.0,-0.0,0.0,0.28,81.65
2016-12-19 16:00:00,12,16,-2.44,0.0,-0.0,0.0,0.9,84.85
2016-12-19 17:00:00,12,17,-3.25,0.0,-0.0,0.0,1.1,81.45
2016-12-19 18:00:00,12,18,-3.44,0.0,-0.0,0.0,1.17,81.4
2016-12-19 19:00:00,12,19,-5.16,0.0,-0.0,0.0,1.38,71.75
2016-12-19 20:00:00,12,20,-6.31,0.0,-0.0,0.0,1.52,71.55
2016-12-19 21:00:00,12,21,-7.07,0.0,-0.0,0.0,1.59,71.4
2016-12-19 22:00:00,12,22,-7.98,0.0,-0.0,0.0,1.66,68.35
2016-12-19 23:00:00,12,23,-8.51,0.0,-0.0,0.0,1.72,68.25
2016-12-20 00:00:00,12,0,-8.91,0.0,-0.0,0.0,1.79,65.4
2016-12-20 01:00:00,12,1,-9.03,0.0,-0.0,0.0,1.79,65.25
2016-12-20 02:00:00,12,2,-9.27,0.0,-0.0,0.0,1.79,65.25
2016-12-20 03:00:00,12,3,-9.52,0.0,-0.0,0.0,1.86,65.15
2016-12-20 04:00:00,12,4,-9.82,0.0,-0.0,0.0,1.86,62.4
2016-12-20 05:00:00,12,5,-8.55,82.0,96.84,67.0,1.72,62.65
2016-12-20 06:00:00,12,6,-3.55,181.0,140.65,140.0,1.31,53.9
2016-12-20 07:00:00,12,7,0.07,259.0,161.1,196.0,1.24,42.75
2016-12-20 08:00:00,12,8,2.14,297.0,154.43,228.0,0.97,35.35
2016-12-20 09:00:00,12,9,2.68,307.0,164.87,232.0,0.69,40.15
2016-12-20 10:00:00,12,10,4.03,273.0,154.29,209.0,0.48,31.4
2016-12-20 11:00:00,12,11,4.33,205.0,136.66,160.0,0.14,30.25
2016-12-20 12:00:00,12,12,3.96,119.0,132.26,92.0,0.62,37.15
2016-12-20 13:00:00,12,13,2.0,13.0,0.0,13.0,0.97,51.0
2016-12-20 14:00:00,12,14,1.91,0.0,-0.0,0.0,0.41,43.3
2016-12-20 15:00:00,12,15,0.87,0.0,-0.0,0.0,0.55,44.85
2016-12-20 16:00:00,12,16,-0.63,0.0,-0.0,0.0,1.1,48.3
2016-12-20 17:00:00,12,17,-3.08,0.0,-0.0,0.0,1.45,54.0
2016-12-20 18:00:00,12,18,-5.82,0.0,-0.0,0.0,1.66,60.6
2016-12-20 19:00:00,12,19,-8.96,0.0,-0.0,0.0,2.0,57.5
2016-12-20 20:00:00,12,20,-9.4,0.0,-0.0,0.0,2.07,57.35
2016-12-20 21:00:00,12,21,-9.49,0.0,-0.0,0.0,2.07,54.9
2016-12-20 22:00:00,12,22,-9.46,0.0,-0.0,0.0,2.07,54.9
2016-12-20 23:00:00,12,23,-9.3,0.0,-0.0,0.0,2.0,54.9
2016-12-21 00:00:00,12,0,-9.09,0.0,-0.0,0.0,1.93,52.55
2016-12-21 01:00:00,12,1,-8.92,0.0,-0.0,0.0,1.93,50.45
2016-12-21 02:00:00,12,2,-8.76,0.0,-0.0,0.0,1.86,50.45
2016-12-21 03:00:00,12,3,-8.37,0.0,-0.0,0.0,1.72,48.4
2016-12-21 04:00:00,12,4,-7.79,0.0,-0.0,0.0,1.66,48.55
2016-12-21 05:00:00,12,5,-5.99,31.0,0.0,31.0,1.38,48.85
2016-12-21 06:00:00,12,6,-2.61,57.0,0.0,57.0,1.03,47.75
2016-12-21 07:00:00,12,7,-0.36,248.0,133.19,196.0,0.83,41.0
2016-12-21 08:00:00,12,8,1.87,325.0,223.96,225.0,0.28,33.75
2016-12-21 09:00:00,12,9,2.66,309.0,167.04,233.0,0.41,35.45
2016-12-21 10:00:00,12,10,2.23,315.0,269.7,203.0,0.83,60.05
2016-12-21 11:00:00,12,11,2.24,231.0,215.09,160.0,1.31,55.45
2016-12-21 12:00:00,12,12,1.6,113.0,107.2,91.0,1.31,64.8
2016-12-21 13:00:00,12,13,0.54,15.0,0.0,15.0,1.45,62.0
2016-12-21 14:00:00,12,14,0.83,0.0,-0.0,0.0,0.76,46.75
2016-12-21 15:00:00,12,15,0.0,0.0,-0.0,0.0,0.41,48.45
2016-12-21 16:00:00,12,16,-1.12,0.0,-0.0,0.0,0.83,50.2
2016-12-21 17:00:00,12,17,-2.43,0.0,-0.0,0.0,1.17,54.15
2016-12-21 18:00:00,12,18,-3.42,0.0,-0.0,0.0,1.31,54.0
2016-12-21 19:00:00,12,19,-6.26,0.0,-0.0,0.0,1.66,58.0
2016-12-21 20:00:00,12,20,-6.39,0.0,-0.0,0.0,1.59,55.55
2016-12-21 21:00:00,12,21,-6.71,0.0,-0.0,0.0,1.66,55.45
2016-12-21 22:00:00,12,22,-7.43,0.0,-0.0,0.0,1.66,55.3
2016-12-21 23:00:00,12,23,-8.16,0.0,-0.0,0.0,1.72,55.15
2016-12-22 00:00:00,12,0,-8.83,0.0,-0.0,0.0,1.79,55.05
2016-12-22 01:00:00,12,1,-9.62,0.0,-0.0,0.0,1.86,57.2
2016-12-22 02:00:00,12,2,-9.48,0.0,-0.0,0.0,1.86,54.9
2016-12-22 03:00:00,12,3,-9.11,0.0,-0.0,0.0,1.79,54.9
2016-12-22 04:00:00,12,4,-9.32,0.0,-0.0,0.0,1.79,54.9
2016-12-22 05:00:00,12,5,-8.31,20.0,0.0,20.0,1.72,55.15
2016-12-22 06:00:00,12,6,-3.26,122.0,20.71,116.0,1.45,49.65
2016-12-22 07:00:00,12,7,0.36,265.0,182.11,194.0,1.24,42.9
2016-12-22 08:00:00,12,8,2.73,318.0,208.36,225.0,0.97,38.55
2016-12-22 09:00:00,12,9,4.5,327.0,215.29,229.0,0.34,35.75
2016-12-22 10:00:00,12,10,5.37,312.0,266.91,201.0,0.34,29.3
2016-12-22 11:00:00,12,11,3.17,240.0,256.79,155.0,1.17,60.15
2016-12-22 12:00:00,12,12,2.55,152.0,329.43,84.0,1.52,65.0
2016-12-22 13:00:00,12,13,1.43,15.0,0.0,15.0,1.66,67.4
2016-12-22 14:00:00,12,14,1.9,0.0,-0.0,0.0,0.83,51.0
2016-12-22 15:00:00,12,15,1.11,0.0,-0.0,0.0,0.28,53.0
2016-12-22 16:00:00,12,16,0.17,0.0,-0.0,0.0,0.9,54.95
2016-12-22 17:00:00,12,17,-1.04,0.0,-0.0,0.0,1.03,59.2
2016-12-22 18:00:00,12,18,-1.83,0.0,-0.0,0.0,1.03,59.1
2016-12-22 19:00:00,12,19,-4.11,0.0,-0.0,0.0,1.45,60.95
2016-12-22 20:00:00,12,20,-5.65,0.0,-0.0,0.0,1.45,63.25
2016-12-22 21:00:00,12,21,-6.52,0.0,-0.0,0.0,1.45,68.55
2016-12-22 22:00:00,12,22,-6.57,0.0,-0.0,0.0,1.38,65.7
2016-12-22 23:00:00,12,23,-6.47,0.0,-0.0,0.0,1.38,65.7
2016-12-23 00:00:00,12,0,-6.55,0.0,-0.0,0.0,1.38,63.0
2016-12-23 01:00:00,12,1,-6.91,0.0,-0.0,0.0,1.38,60.4
2016-12-23 02:00:00,12,2,-6.91,0.0,-0.0,0.0,1.38,60.4
2016-12-23 03:00:00,12,3,-6.87,0.0,-0.0,0.0,1.38,57.85
2016-12-23 04:00:00,12,4,-6.84,0.0,-0.0,0.0,1.31,57.85
2016-12-23 05:00:00,12,5,-6.0,82.0,118.78,64.0,1.17,58.0
2016-12-23 06:00:00,12,6,-2.46,205.0,242.27,135.0,0.76,51.95
2016-12-23 07:00:00,12,7,1.21,299.0,295.27,184.0,0.48,43.2
2016-12-23 08:00:00,12,8,3.15,349.0,302.49,214.0,0.14,37.0
2016-12-23 09:00:00,12,9,3.02,366.0,333.68,214.0,0.69,60.15
2016-12-23 10:00:00,12,10,3.17,333.0,338.48,192.0,1.45,60.15
2016-12-23 11:00:00,12,11,3.05,258.0,331.29,148.0,1.86,60.15
2016-12-23 12:00:00,12,12,2.14,149.0,303.3,86.0,1.66,67.6
2016-12-23 13:00:00,12,13,0.92,16.0,0.0,16.0,1.52,72.85
2016-12-23 14:00:00,12,14,0.53,0.0,-0.0,0.0,0.83,64.55
2016-12-23 15:00:00,12,15,-0.29,0.0,-0.0,0.0,0.21,64.45
2016-12-23 16:00:00,12,16,-1.18,0.0,-0.0,0.0,0.76,66.9
2016-12-23 17:00:00,12,17,-2.07,0.0,-0.0,0.0,0.97,69.45
2016-12-23 18:00:00,12,18,-2.91,0.0,-0.0,0.0,1.1,66.6
2016-12-23 19:00:00,12,19,-4.66,0.0,-0.0,0.0,1.45,66.15
2016-12-23 20:00:00,12,20,-6.75,0.0,-0.0,0.0,1.52,68.55
2016-12-23 21:00:00,12,21,-7.73,0.0,-0.0,0.0,1.59,68.45
2016-12-23 22:00:00,12,22,-8.53,0.0,-0.0,0.0,1.59,68.25
2016-12-23 23:00:00,12,23,-8.74,0.0,-0.0,0.0,1.59,65.4
2016-12-24 00:00:00,12,0,-9.18,0.0,-0.0,0.0,1.66,65.25
2016-12-24 01:00:00,12,1,-9.42,0.0,-0.0,0.0,1.72,62.5
2016-12-24 02:00:00,12,2,-9.77,0.0,-0.0,0.0,1.79,65.15
2016-12-24 03:00:00,12,3,-9.71,0.0,-0.0,0.0,1.79,62.4
2016-12-24 04:00:00,12,4,-9.16,0.0,-0.0,0.0,1.72,62.5
2016-12-24 05:00:00,12,5,-7.36,75.0,86.3,62.0,1.52,62.9
2016-12-24 06:00:00,12,6,-2.41,71.0,0.0,71.0,1.1,52.05
2016-12-24 07:00:00,12,7,1.36,162.0,15.42,156.0,0.83,48.85
2016-12-24 08:00:00,12,8,2.94,125.0,0.0,125.0,0.41,70.4
2016-12-24 09:00:00,12,9,5.17,264.0,89.92,223.0,0.41,36.05
2016-12-24 10:00:00,12,10,5.2,299.0,230.01,203.0,0.69,40.75
2016-12-24 11:00:00,12,11,5.38,196.0,114.05,158.0,0.69,42.45
2016-12-24 12:00:00,12,12,4.14,131.0,186.5,92.0,0.83,53.65
2016-12-24 13:00:00,12,13,4.26,16.0,0.0,16.0,0.14,49.55
2016-12-24 14:00:00,12,14,2.78,0.0,-0.0,0.0,0.76,57.8
2016-12-24 15:00:00,12,15,0.51,0.0,-0.0,0.0,1.38,72.75
2016-12-24 16:00:00,12,16,-0.7,0.0,-0.0,0.0,1.52,75.55
2016-12-24 17:00:00,12,17,-1.31,0.0,-0.0,0.0,1.45,75.45
2016-12-24 18:00:00,12,18,-1.39,0.0,-0.0,0.0,1.24,75.45
2016-12-24 19:00:00,12,19,-3.02,0.0,-0.0,0.0,1.45,91.8
2016-12-24 20:00:00,12,20,-3.19,0.0,-0.0,0.0,1.45,91.8
2016-12-24 21:00:00,12,21,-2.72,0.0,-0.0,0.0,1.38,88.25
2016-12-24 22:00:00,12,22,-2.36,0.0,-0.0,0.0,1.45,88.3
2016-12-24 23:00:00,12,23,-3.01,0.0,-0.0,0.0,1.66,91.8
2016-12-25 00:00:00,12,0,-3.45,0.0,-0.0,0.0,1.66,91.8
2016-12-25 01:00:00,12,1,-3.93,0.0,-0.0,0.0,1.66,91.75
2016-12-25 02:00:00,12,2,-4.07,0.0,-0.0,0.0,1.59,88.15
2016-12-25 03:00:00,12,3,-4.78,0.0,-0.0,0.0,1.52,88.1
2016-12-25 04:00:00,12,4,-5.12,0.0,-0.0,0.0,1.52,88.05
2016-12-25 05:00:00,12,5,-3.75,88.0,173.53,62.0,1.24,84.7
2016-12-25 06:00:00,12,6,1.21,70.0,0.0,70.0,0.69,72.95
2016-12-25 07:00:00,12,7,4.66,153.0,10.28,149.0,0.34,65.4
2016-12-25 08:00:00,12,8,6.26,106.0,0.0,106.0,0.76,58.55
2016-12-25 09:00:00,12,9,4.31,70.0,0.0,70.0,1.59,73.4
2016-12-25 10:00:00,12,10,4.56,67.0,0.0,67.0,1.72,76.25
2016-12-25 11:00:00,12,11,4.44,49.0,0.0,49.0,1.86,73.4
2016-12-25 12:00:00,12,12,3.37,15.0,0.0,15.0,1.52,79.1
2016-12-25 13:00:00,12,13,2.4,17.0,0.0,17.0,1.52,79.0
2016-12-25 14:00:00,12,14,1.98,0.0,-0.0,0.0,1.03,78.95
2016-12-25 15:00:00,12,15,1.81,0.0,-0.0,0.0,0.83,78.95
2016-12-25 16:00:00,12,16,1.62,0.0,-0.0,0.0,0.48,78.95
2016-12-25 17:00:00,12,17,0.98,0.0,-0.0,0.0,0.55,85.2
2016-12-25 18:00:00,12,18,0.49,0.0,-0.0,0.0,0.55,88.5
2016-12-25 19:00:00,12,19,0.34,0.0,-0.0,0.0,0.41,88.5
2016-12-25 20:00:00,12,20,-0.48,0.0,-0.0,0.0,0.55,95.6
2016-12-25 21:00:00,12,21,-1.05,0.0,-0.0,0.0,0.28,95.6
2016-12-25 22:00:00,12,22,-1.71,0.0,-0.0,0.0,0.34,95.6
2016-12-25 23:00:00,12,23,-2.07,0.0,-0.0,0.0,0.41,95.55
2016-12-26 00:00:00,12,0,-2.11,0.0,-0.0,0.0,0.48,95.55
2016-12-26 01:00:00,12,1,-2.24,0.0,-0.0,0.0,0.55,91.85
2016-12-26 02:00:00,12,2,-2.52,0.0,-0.0,0.0,0.55,95.55
2016-12-26 03:00:00,12,3,-2.58,0.0,-0.0,0.0,0.69,95.55
2016-12-26 04:00:00,12,4,-2.92,0.0,-0.0,0.0,0.83,91.85
2016-12-26 05:00:00,12,5,-2.81,71.0,67.06,61.0,0.83,91.85
2016-12-26 06:00:00,12,6,0.17,202.0,250.55,130.0,0.48,85.15
2016-12-26 07:00:00,12,7,3.12,299.0,311.12,178.0,0.34,73.2
2016-12-26 08:00:00,12,8,3.95,408.0,559.46,158.0,0.48,82.25
2016-12-26 09:00:00,12,9,4.27,438.0,653.92,139.0,0.76,76.25
2016-12-26 10:00:00,12,10,3.91,404.0,686.77,116.0,1.03,79.15
2016-12-26 11:00:00,12,11,3.56,319.0,690.92,87.0,1.31,82.2
2016-12-26 12:00:00,12,12,3.69,181.0,565.45,61.0,1.03,79.15
2016-12-26 13:00:00,12,13,3.84,18.0,0.0,18.0,0.62,79.15
2016-12-26 14:00:00,12,14,3.05,0.0,-0.0,0.0,0.55,79.1
2016-12-26 15:00:00,12,15,0.51,0.0,-0.0,0.0,1.24,88.5
2016-12-26 16:00:00,12,16,-2.27,0.0,-0.0,0.0,1.59,91.85
2016-12-26 17:00:00,12,17,-3.0,0.0,-0.0,0.0,1.52,95.55
2016-12-26 18:00:00,12,18,-3.1,0.0,-0.0,0.0,1.45,91.8
2016-12-26 19:00:00,12,19,-2.04,0.0,-0.0,0.0,1.45,88.3
2016-12-26 20:00:00,12,20,-1.8,0.0,-0.0,0.0,1.31,84.95
2016-12-26 21:00:00,12,21,-1.95,0.0,-0.0,0.0,1.24,88.3
2016-12-26 22:00:00,12,22,-2.27,0.0,-0.0,0.0,1.31,84.85
2016-12-26 23:00:00,12,23,-2.24,0.0,-0.0,0.0,1.24,81.55
2016-12-27 00:00:00,12,0,-2.36,0.0,-0.0,0.0,1.24,81.55
2016-12-27 01:00:00,12,1,-2.04,0.0,-0.0,0.0,1.17,81.55
2016-12-27 02:00:00,12,2,-1.98,0.0,-0.0,0.0,1.1,81.55
2016-12-27 03:00:00,12,3,-2.08,0.0,-0.0,0.0,1.03,81.55
2016-12-27 04:00:00,12,4,-2.07,0.0,-0.0,0.0,1.03,78.35
2016-12-27 05:00:00,12,5,-1.6,42.0,0.0,42.0,0.76,78.45
2016-12-27 06:00:00,12,6,0.92,117.0,17.42,112.0,0.21,78.8
2016-12-27 07:00:00,12,7,2.38,207.0,64.27,182.0,0.76,73.1
2016-12-27 08:00:00,12,8,3.22,242.0,64.84,213.0,1.45,79.1
2016-12-27 09:00:00,12,9,3.07,210.0,24.02,199.0,1.52,82.2
2016-12-27 10:00:00,12,10,3.26,142.0,2.38,141.0,1.59,82.2
2016-12-27 11:00:00,12,11,3.49,100.0,0.0,100.0,1.59,82.2
2016-12-27 12:00:00,12,12,2.97,66.0,4.67,65.0,1.38,82.2
2016-12-27 13:00:00,12,13,1.75,11.0,0.0,11.0,1.24,88.65
2016-12-27 14:00:00,12,14,0.63,0.0,-0.0,0.0,0.62,92.05
2016-12-27 15:00:00,12,15,0.09,0.0,-0.0,0.0,0.21,95.6
2016-12-27 16:00:00,12,16,-0.99,0.0,-0.0,0.0,0.76,99.4
2016-12-27 17:00:00,12,17,-1.73,0.0,-0.0,0.0,0.9,95.6
2016-12-27 18:00:00,12,18,-2.28,0.0,-0.0,0.0,1.03,91.85
2016-12-27 19:00:00,12,19,-2.13,0.0,-0.0,0.0,0.9,91.85
2016-12-27 20:00:00,12,20,-2.45,0.0,-0.0,0.0,0.97,88.25
2016-12-27 21:00:00,12,21,-2.32,0.0,-0.0,0.0,0.97,84.85
2016-12-27 22:00:00,12,22,-2.19,0.0,-0.0,0.0,1.1,84.85
2016-12-27 23:00:00,12,23,-2.37,0.0,-0.0,0.0,1.24,81.55
2016-12-28 00:00:00,12,0,-2.27,0.0,-0.0,0.0,1.24,81.55
2016-12-28 01:00:00,12,1,-1.82,0.0,-0.0,0.0,1.24,78.45
2016-12-28 02:00:00,12,2,-1.7,0.0,-0.0,0.0,1.31,78.45
2016-12-28 03:00:00,12,3,-1.76,0.0,-0.0,0.0,1.38,78.45
2016-12-28 04:00:00,12,4,-2.19,0.0,-0.0,0.0,1.59,78.35
2016-12-28 05:00:00,12,5,-2.04,29.0,0.0,29.0,1.52,78.35
2016-12-28 06:00:00,12,6,1.0,263.0,620.46,85.0,1.31,70.05
2016-12-28 07:00:00,12,7,3.97,379.0,701.55,106.0,1.59,62.7
2016-12-28 08:00:00,12,8,6.96,453.0,768.15,109.0,2.07,54.3
2016-12-28 09:00:00,12,9,7.96,476.0,819.23,100.0,2.28,50.45
2016-12-28 10:00:00,12,10,8.61,435.0,815.58,91.0,2.28,48.65
2016-12-28 11:00:00,12,11,8.61,335.0,755.56,79.0,2.0,48.65
2016-12-28 12:00:00,12,12,8.03,185.0,560.88,64.0,1.66,52.45
2016-12-28 13:00:00,12,13,5.97,19.0,0.0,19.0,2.07,58.45
2016-12-28 14:00:00,12,14,2.78,0.0,-0.0,0.0,2.28,65.1
2016-12-28 15:00:00,12,15,-0.69,0.0,-0.0,0.0,2.07,78.6
2016-12-28 16:00:00,12,16,-1.96,0.0,-0.0,0.0,2.07,81.55
2016-12-28 17:00:00,12,17,-2.57,0.0,-0.0,0.0,2.07,78.3
2016-12-28 18:00:00,12,18,-2.81,0.0,-0.0,0.0,2.0,75.2
2016-12-28 19:00:00,12,19,-2.22,0.0,-0.0,0.0,2.21,72.3
2016-12-28 20:00:00,12,20,-2.32,0.0,-0.0,0.0,2.07,69.45
2016-12-28 21:00:00,12,21,-2.52,0.0,-0.0,0.0,1.93,72.25
2016-12-28 22:00:00,12,22,-2.67,0.0,-0.0,0.0,1.86,69.35
2016-12-28 23:00:00,12,23,-2.93,0.0,-0.0,0.0,1.86,69.25
2016-12-29 00:00:00,12,0,-3.12,0.0,-0.0,0.0,1.86,69.25
2016-12-29 01:00:00,12,1,-3.22,0.0,-0.0,0.0,1.79,66.45
2016-12-29 02:00:00,12,2,-3.24,0.0,-0.0,0.0,1.72,66.45
2016-12-29 03:00:00,12,3,-3.22,0.0,-0.0,0.0,1.66,66.45
2016-12-29 04:00:00,12,4,-3.23,0.0,-0.0,0.0,1.59,66.45
2016-12-29 05:00:00,12,5,-2.27,104.0,318.3,57.0,1.45,64.0
2016-12-29 06:00:00,12,6,1.55,259.0,582.26,92.0,0.97,57.45
2016-12-29 07:00:00,12,7,5.67,354.0,541.83,143.0,0.62,51.95
2016-12-29 08:00:00,12,8,7.58,463.0,800.46,104.0,0.28,44.75
2016-12-29 09:00:00,12,9,8.48,479.0,819.56,102.0,0.76,43.25
2016-12-29 10:00:00,12,10,8.76,435.0,803.46,95.0,1.17,45.15
2016-12-29 11:00:00,12,11,8.4,319.0,631.42,104.0,1.52,50.6
2016-12-29 12:00:00,12,12,7.3,113.0,78.11,96.0,1.45,58.8
2016-12-29 13:00:00,12,13,5.46,18.0,0.0,18.0,1.52,68.1
2016-12-29 14:00:00,12,14,3.13,0.0,-0.0,0.0,1.1,79.1
2016-12-29 15:00:00,12,15,2.93,0.0,-0.0,0.0,0.83,73.2
2016-12-29 16:00:00,12,16,2.38,0.0,-0.0,0.0,0.83,76.0
2016-12-29 17:00:00,12,17,1.97,0.0,-0.0,0.0,0.9,78.95
2016-12-29 18:00:00,12,18,1.15,0.0,-0.0,0.0,1.03,75.85
2016-12-29 19:00:00,12,19,-1.07,0.0,-0.0,0.0,1.38,78.5
2016-12-29 20:00:00,12,20,-1.72,0.0,-0.0,0.0,1.38,78.45
2016-12-29 21:00:00,12,21,-2.64,0.0,-0.0,0.0,1.45,81.5
2016-12-29 22:00:00,12,22,-3.24,0.0,-0.0,0.0,1.59,78.2
2016-12-29 23:00:00,12,23,-3.46,0.0,-0.0,0.0,1.72,78.15
2016-12-30 00:00:00,12,0,-3.46,0.0,-0.0,0.0,1.79,72.05
2016-12-30 01:00:00,12,1,-3.42,0.0,-0.0,0.0,1.86,66.45
2016-12-30 02:00:00,12,2,-3.45,0.0,-0.0,0.0,1.93,66.35
2016-12-30 03:00:00,12,3,-3.4,0.0,-0.0,0.0,1.93,61.2
2016-12-30 04:00:00,12,4,-3.33,0.0,-0.0,0.0,1.93,61.2
2016-12-30 05:00:00,12,5,-2.45,104.0,318.89,57.0,1.79,61.35
2016-12-30 06:00:00,12,6,1.97,269.0,658.87,80.0,1.38,53.15
2016-12-30 07:00:00,12,7,6.63,393.0,764.45,95.0,1.45,48.15
2016-12-30 08:00:00,12,8,9.33,465.0,805.75,103.0,1.24,45.25
2016-12-30 09:00:00,12,9,10.81,479.0,813.17,104.0,1.03,42.3
2016-12-30 10:00:00,12,10,11.61,439.0,810.04,95.0,0.62,40.8
2016-12-30 11:00:00,12,11,11.65,335.0,724.53,87.0,0.21,45.8
2016-12-30 12:00:00,12,12,10.81,192.0,578.24,65.0,0.9,57.4
2016-12-30 13:00:00,12,13,8.21,21.0,0.0,21.0,1.24,71.35
2016-12-30 14:00:00,12,14,7.26,0.0,-0.0,0.0,0.97,63.5
2016-12-30 15:00:00,12,15,6.28,0.0,-0.0,0.0,0.9,65.75
2016-12-30 16:00:00,12,16,5.26,0.0,-0.0,0.0,0.76,68.1
2016-12-30 17:00:00,12,17,4.54,0.0,-0.0,0.0,0.62,70.6
2016-12-30 18:00:00,12,18,3.69,0.0,-0.0,0.0,0.69,70.5
2016-12-30 19:00:00,12,19,-2.41,0.0,-0.0,0.0,1.24,81.55
2016-12-30 20:00:00,12,20,-2.11,0.0,-0.0,0.0,1.1,81.55
2016-12-30 21:00:00,12,21,-1.89,0.0,-0.0,0.0,0.97,75.35
2016-12-30 22:00:00,12,22,-1.19,0.0,-0.0,0.0,0.9,75.45
2016-12-30 23:00:00,12,23,-0.51,0.0,-0.0,0.0,0.76,72.6
2016-12-31 00:00:00,12,0,0.14,0.0,-0.0,0.0,0.55,67.2
2016-12-31 01:00:00,12,1,0.2,0.0,-0.0,0.0,0.21,64.55
2016-12-31 02:00:00,12,2,0.46,0.0,-0.0,0.0,0.07,64.55
2016-12-31 03:00:00,12,3,0.65,0.0,-0.0,0.0,0.21,62.15
2016-12-31 04:00:00,12,4,0.83,0.0,-0.0,0.0,0.55,62.15
2016-12-31 05:00:00,12,5,0.75,85.0,156.23,62.0,0.9,64.65
2016-12-31 06:00:00,12,6,1.31,240.0,449.47,111.0,0.9,72.95
2016-12-31 07:00:00,12,7,3.26,368.0,625.1,124.0,0.97,60.15
2016-12-31 08:00:00,12,8,4.27,438.0,670.86,136.0,1.24,60.4
2016-12-31 09:00:00,12,9,4.59,345.0,253.01,228.0,1.45,65.3
2016-12-31 10:00:00,12,10,4.61,413.0,670.92,127.0,1.59,67.9
2016-12-31 11:00:00,12,11,4.24,328.0,679.88,94.0,1.66,70.6
2016-12-31 12:00:00,12,12,3.64,184.0,496.1,74.0,1.52,76.15
2016-12-31 13:00:00,12,13,2.1,22.0,0.0,22.0,1.24,88.65
2016-12-31 14:00:00,12,14,0.55,0.0,-0.0,0.0,0.97,95.65
2016-12-31 15:00:00,12,15,0.03,0.0,-0.0,0.0,0.48,95.6
2016-12-31 16:00:00,12,16,-1.8,0.0,-0.0,0.0,0.49,93.1
2016-12-31 17:00:00,12,17,-1.11,0.0,-0.0,0.0,0.5,91.9
2016-12-31 18:00:00,12,18,-0.43,0.0,-0.0,0.0,0.51,90.7
2016-12-31 19:00:00,12,19,0.26,0.0,-0.0,0.0,0.53,89.5
2016-12-31 20:00:00,12,20,0.94,0.0,-0.0,0.0,0.54,88.29
2016-12-31 21:00:00,12,21,1.63,0.0,-0.0,0.0,0.55,87.09
2016-12-31 22:00:00,12,22,2.31,0.0,-0.0,0.0,0.56,85.89
2016-12-31 23:00:00,12,23,3.0,0.0,-0.0,0.0,0.57,84.69
